callsign,route
SPMOC   ,EPKP_EPKP
VIR141  ,EGLL_KLAX
UAL935  ,EGLL_KLAX
UAL230  ,EGLL_KLAX
RYR100T ,EGNX_EGNX
VIR23X  ,EGLL_KLAX
PH1483  ,EHTE_EHTE
SPSMC   ,EPPO_EPPO
SI338   ,LGTT_LGTT
ECOCG   ,LEBG_LEBG
OEXDC   ,LOWS_LOWS
AAL90   ,KORD_EGLL
UAL923  ,KLAX_EGLL
JUMPER1 ,LOWG_LOWG
ZXP06   ,EHAM_EHAM
SPSMD   ,EPPO_EPPO
VIR142  ,KLAX_EGLL
HB1669  ,LSZX_LSZX
FHVPC   ,LFRV_LFRV
NBT30T  ,KJFK_LFPG
NBT30G  ,LFPG_KJFK
BAW105  ,EGLL_OMDB
GLDGG   ,EGTK_EGTK
BAW107  ,EGLL_OMDB
SPSME   ,EPPO_EPPO
UAL231  ,KLAX_EGLL
AAL98   ,KORD_EGLL
AAL86   ,KORD_EGLL
SPSMV   ,EPPO_EPPO
GIIGB   ,EGDM_EGDM
PHKFQ   ,EHGG_EHGG
ZXP04   ,EHAM_EHAM
VIR24M  ,KLAX_EGLL
DLZNT   ,EDNY_EDNY
PH957   ,EHTE_EHTE
GLDGH   ,EGTK_EGTK
SPSMZ   ,EPPO_EPPO
BAW298  ,KORD_EGLL
DMMBF   ,EDKB_EDKB
GBOTG   ,EGNX_EGNX
ECOCF   ,LEBG_LEBG
NCG01   ,EHAM_EHAM
SD1     ,LOXN_LOXN
AAL46   ,KORD_EGLL
DLZFN   ,EDNY_EDNY
SI344   ,LGTT_LGTT
PHKFT   ,EHGG_EHGG
S5DOT   ,LJPZ_LJPZ
SI348   ,LGTT_LGTT
ZXP24   ,EHAM_EHAM
SMK710  ,UG11_UG11
OYFFG   ,EKRK_EKRK
GCMRC   ,EGTR_EGTR
UAD47   ,EGDM_EGDM
PHZVD   ,EHLE_EHLE
ZXP02   ,EHAM_EHAM
PH1469  ,EHTE_EHTE
FHGTD   ,LFMA_LFMA
HB3473  ,LSZI_LSZI
HB3205  ,LSZO_LSZO
SMK702  ,UG11_UG11
PH1693  ,EHTL_EHTL
GCDTX   ,EGTR_EGTR
HBKGN   ,LSZB_LSZB
DEHKP   ,EDWN_EDWN
OEALP   ,LOGG_LOGG
PH712   ,EHTW_EHTW
SMK704  ,UG11_UG11
DESSC   ,EDNY_EDNY
PH1348  ,EHDB_EHDB
PHKFZ   ,EHGG_EHGG
GBMPC   ,EGNX_EGNX
DEIJH   ,EDWN_EDWN
SI336   ,LGTT_LGTT
DEMPY   ,EDNY_EDNY
ETD75F  ,EHAM_EGLL
UKP155  ,EGNX_EGNX
BAW104  ,OMDB_EGLL
DMHLG   ,EDQX_EDQX
OYFFJ   ,EKRK_EKRK
NHZ31   ,EGNH_EGNH
SYERSTON,EGXY_EGXY
PHHLC   ,EHLE_EHLE
PHZVE   ,EHLE_EHLE
AAL100  ,KJFK_EGLL
HB1839  ,LSZX_LSZX
PHBAC   ,EHSE_EHSE
HB3472  ,LSZI_LSZI
D8338   ,EHTW_EHTW
HBPKK   ,LSZB_LSZB
AEA49MC ,EHAM_LEMD
SPEGR   ,EPKP_EPKP
OYFFK   ,EKRK_EKRK
SI346   ,LGTT_LGTT
DFSCM   ,EDLT_EDLT
BAW14K  ,KJFK_EGLL
FHV02   ,EKRK_EKRK
GWARS   ,EGTR_EGTR
SPSUT   ,EPGL_EPGL
GCDMX   ,EGBJ_EGBJ
HBFKL   ,LSZV_LSZV
PH1280  ,EHDB_EHDB
JBU7    ,KJFK_EGLL
PH1207  ,EHTW_EHTW
KLM7930 ,EHGG_EHGG
PHKFP   ,EHGG_EHGG
GUANT   ,EGNH_EGNH
AEA072  ,LEMD_LEMD
HBFWU   ,LSZC_LSZC
GBELT   ,EGNH_EGNH
IDADM   ,LIRU_LIRU
VLG1AA  ,LEBL_EGKK
FGIJO   ,LFPN_LFPN
TAP1356 ,LPPT_EGLL
DMEML   ,EDKB_EDKB
DEOLU   ,EDQX_EDQX
PH1521  ,EHTL_EHTL
GOLEA   ,EGTR_EGTR
PHIFR   ,EHLE_EHLE
HBKGO   ,LSZB_LSZB
OECRA   ,LOGG_LOGG
NCKL10  ,EGUB_EGUB
EIN1XT  ,EIDW_EGLL
IBIS3   ,EDFE_EDFE
FHDSA   ,LFRV_LFRV
PH980   ,EHDP_EHDP
VLG7822 ,LEBL_EGKK
SPMSSM  ,EPWS_EPWS
BAW18A  ,KJFK_EGLL
DEBPN   ,EDFM_EDFM
PH798   ,EHTW_EHTW
PH1119  ,EHTE_EHTE
GCIRW   ,EGNH_EGNH
EIN154  ,EIDW_EGLL
SPKOG   ,EPBC_EPBC
VLG414J ,LEBL_EGKK
VIR138M ,KJFK_EGLL
HBKGI   ,LSZL_LSZL
OHDTA   ,EFTP_EFTP
BAW499C ,LPPT_EGLL
DLH6VR  ,EDDM_EGLL
DLH902  ,EDDF_EGLL
DFSRT   ,EDLM_EDLM
FHAKM   ,LFMA_LFMA
GBPBJ   ,EGCL_EGCL
OXF33T  ,EGTK_EGTK
PHBAN   ,EHSE_EHSE
DLH904  ,EDDF_EGLL
DEEAX   ,EDFE_EDFE
OHCJM   ,EDFE_EDFE
EAX1H   ,LELL_LELL
DEPMS   ,EDRB_EDRB
DFALL   ,EDVM_EDVM
PHTGM   ,EHTE_EHTE
GFBPS   ,EG32_EG32
DLH900  ,EDDF_EGLL
GSAOC   ,EGWN_EGWN
DLH2ME  ,EDDF_EGLL
PHBAE   ,EHSE_EHSE
BAW831S ,EIDW_EGLL
GBNZZ   ,EGCJ_EGCJ
VIR154  ,KJFK_EGLL
PH1635  ,EHDB_EHDB
ETH713  ,LEMD_LIRF
PH1661  ,EHWO_EHWO
GGZDO   ,EGTR_EGTR
VIR46K  ,KJFK_EGLL
OKLIO   ,LKHK_LKHK
EIN156  ,EIDW_EGLL
RVR47T  ,EGGP_EGGP
PH1551  ,EHDB_EHDB
DLH5RP  ,EDDF_EGLL
VLG8EK  ,LEBL_EGKK
HBVXB   ,LSZC_LSZC
DFLLY   ,EPGL_EPGL
PH876   ,EHTE_EHTE
DAL3    ,KJFK_EGLL
PH974   ,EHTL_EHTL
UAU41   ,EGDM_EGDM
HBKGH   ,LSZL_LSZL
RBA98   ,EGLL_OMDB
KQA101  ,EGLL_KJFK
ETD11B  ,EGLL_KJFK
HBZWF   ,LSZB_LSZB
CSN303  ,OMDB_EGLL
FGSAT   ,LIPN_LIPN
AEA1091 ,LEMD_EHAM
BAW8DS  ,KLAX_EGLL
VLG49HR ,LEBL_EGKK
GFOXP   ,EG32_EG32
SPTIR   ,EPBC_EPBC
EAX1L   ,LELL_LELL
KLM7915 ,EHGG_EHGG
VIR4C   ,KJFK_EGLL
BAW28F  ,KLAX_EGLL
DFALB   ,EBSP_EBSP
PH1384  ,EHWO_EHWO
ZXP25   ,EHAM_EHAM
DAL1    ,KJFK_EGLL
AAL104  ,KJFK_EGLL
EZY86NZ ,LEBL_EGKK
VLG34RD ,LEBL_EGKK
HBKMV   ,LSZL_LSZL
BAW947L ,EDDM_EGLL
AAL106  ,KJFK_EGLL
EJU94RQ ,LEBL_EGKK
OEXNC   ,LOWS_LOWS
EIN158  ,EIDW_EGLL
VIR48J  ,KJFK_EGLL
SHT9B   ,EGPH_EGLL
FHROZ   ,LFRE_LFRE
ETH712  ,LIRF_LEMD
OYFFT   ,EKRK_EKRK
SHT9U   ,EGPH_EGLL
IDADG   ,LIRU_LIRU
DLH5PL  ,EDDM_EGLL
SWR49M  ,LSGG_EGLL
DLH3NH  ,EDDM_EGLL
DKRHT   ,EHTL_EHTL
DMNOH   ,EDWN_EDWN
BAW813C ,EKCH_EGLL
BPO160  ,EDKB_EDKB
AEA056  ,LEMD_LEMD
BAW176A ,KJFK_EGLL
BAW51P  ,LPPT_EGLL
KLM35B  ,EHAM_EGLL
AAL136  ,KLAX_EGLL
JBU1107 ,KJFK_EGLL
BAW42DB ,EIDW_EGLL
PHHLF   ,EHMZ_EHMZ
KLM758  ,EHAM_EHAM
DEXBS   ,EDDV_EDDV
OYFFH   ,EKRK_EKRK
DMTLD   ,EDKB_EDKB
TAP52LH ,LPPT_EGLL
BAW172  ,KJFK_EGLL
VIR8Y   ,KLAX_EGLL
SI347   ,LGTT_LGTT
PH1443  ,EHWO_EHWO
GRVRY   ,EGGP_EGGP
EAX3F   ,LELL_LELL
AFR28EN ,LFPG_EGLL
DLH3PM  ,EDDF_EGLL
SWR8KG  ,LSZH_EGLL
FHOKE   ,LFQO_LFQO
SAS84F  ,EKCH_EGLL
EIN16Y  ,EIDW_EGLL
BAW11J  ,KJFK_EGLL
UAL938  ,KORD_EGLL
BAW835W ,EIDW_EGLL
BAW43XP ,EHAM_EGLL
EMU12   ,EGYD_EGYD
FHPDS   ,LEMS_LEMS
LAN711  ,LEMD_SKBO
P538    ,LSZC_LSZC
SYS86   ,EGOS_EGOS
DEDNZ   ,EDPM_EDPM
DLH7VV  ,EDDM_EGLL
SWR188L ,LSZH_EGLL
BAW949L ,EDDM_EGLL
HBKGZ   ,LSZX_LSZX
BAW727G ,LSGG_EGLL
BAW903U ,EDDF_EGLL
SHT9Z   ,EGPH_EGLL
BAW41R  ,EHAM_EGLL
SWR7EA  ,LSZH_EGLL
DEIFP   ,EDFE_EDFE
SYS89   ,EGOS_EGOS
VLG3ZZ  ,LEMG_EGKK
VIR10H  ,KJFK_EGLL
SYS21   ,EGOS_EGOS
BAW815C ,EKCH_EGLL
HBKGF   ,LSZL_LSZL
OKFAK   ,LKLT_LKLT
BAW30N  ,LFPG_EGLL
DEAWU   ,EDFE_EDFE
AAL134  ,KLAX_EGLL
SPKMC   ,EPKR_EPKR
SYS24   ,EGOS_EGOS
BAW709  ,LSZH_EGLL
EIN168E ,EIDW_EGLL
VLG86EJ ,LEBL_EGKK
SI345   ,LGTT_LGTT
GBOWY   ,EGLK_EGLK
SPSPB   ,EPGL_EPGL
DMFGD   ,EDPM_EDPM
BAW116  ,KJFK_EGLL
VLG34LB ,LEBL_EGKK
OECCB   ,LIRU_LIRU
EJU36DW ,LPFR_EGKK
WUK5461 ,LEMG_EGKK
SYS66   ,EGOS_EGOS
EJU43PE ,LPFR_EGKK
EIN182  ,EIDW_EGLL
PH1364  ,EHTL_EHTL
JBU1908 ,LFPG_KJFK
UKP154  ,EGNX_EGNX
BAW38DB ,EIDW_EGLL
SPTUN   ,EPRJ_EPRJ
WUK3W   ,LPFR_EGKK
BAW429B ,EHAM_EGLL
EIN1HW  ,EIDW_EGLL
EFW75H  ,LPFR_EGKK
BAW305  ,LFPG_EGLL
AFR22CN ,LFPG_EGLL
SHT9V   ,EGPH_EGLL
DLH5TP  ,EDDM_EGLL
PHKFO   ,EHGG_EHGG
GCMNG   ,EGWN_EGWN
DLH3VC  ,EDDF_EGLL
EIN1CM  ,EIDW_EGLL
OORNY   ,EBZH_EBZH
BAW3ZL  ,LSZH_EGLL
EAX2G   ,LELL_LELL
DEUFC   ,LOLF_LOLF
GCMAI   ,EGCL_EGCL
BAW71FJ ,LSZH_EGLL
CWL51   ,EGYD_EGYD
SYS69   ,EGOS_EGOS
EIN164  ,EIDW_EGLL
BAW811  ,EKCH_EGLL
SYS326  ,EGOS_EGOS
OEAAE   ,LOWG_LOWG
DLH3WJ  ,EDDM_EGLL
BAW6AC  ,KORD_EGLL
DLH2KA  ,EDDF_EGLL
DAL264  ,KJFK_LFPG
EFW64C  ,LEMG_EGKK
GCDOA   ,EGCB_EGCB
DMXTD   ,EDLM_EDLM
HBKGU   ,LSZX_LSZX
TAP675  ,EHAM_LPPT
EAX2F   ,LELL_LELL
BAW725  ,LSGG_EGLL
EZY34QR ,LPFR_EGKK
SYS23   ,EGOS_EGOS
GBYHJ   ,EGLM_EGLM
JBU20   ,EGLL_KJFK
OEFDV   ,EDWU_EDWU
OYBNH   ,EKRK_EKRK
DHAIT   ,EDCM_EDCM
BAW7WN  ,LSGG_EGLL
BAW51L  ,LPPT_EGLL
GBMJD   ,EGNX_EGNX
DKAGB   ,EDWJ_EDWJ
SYS11   ,EGOS_EGOS
SWR4EC  ,LSGG_EGLL
AAL142  ,KJFK_EGLL
SPAWA   ,EPBC_EPBC
SWR9YP  ,LSZH_EGLL
BAW315  ,LFPG_EGLL
BAW4Q   ,KLAX_EGLL
VLG72UL ,LEMG_EGKK
NCKL16  ,EGUB_EGUB
GRVRM   ,EGGP_EGGP
SAS505  ,EKCH_EGLL
AAL138  ,KLAX_EGLL
AFR1680 ,LFPG_EGLL
BAW20R  ,KORD_EGLL
BAW323V ,LFPG_EGLL
VLG6650 ,LEBL_EGLL
PHWVO   ,EHLE_EHLE
ETD5SJ  ,KJFK_EGLL
DLH914  ,EDDF_EGLL
DMXPD   ,EDLM_EDLM
AEA034  ,LEMD_LEMD
BASIC11 ,LKPD_LKPD
PCH50C  ,LSZC_LSZC
GOKED   ,EGCB_EGCB
EJU56EQ ,LEMG_EGKK
EZY59UC ,LPFR_EGKK
JBU1408 ,LFPG_KJFK
UAU42   ,EGDM_EGDM
SWR2BP  ,LSGG_EGLL
DLH4LW  ,EDDM_EGLL
GCIRZ   ,EGCB_EGCB
BASIC31 ,LKPD_LKPD
HB1766  ,LSZB_LSZB
TAP67M  ,EGLL_LPPT
VLG98RR ,EHAM_LPPT
FHARM   ,LFPN_LFPN
BAW953L ,EDDM_EGLL
AEA055  ,LEMD_LEMD
SWR1KL  ,LSZH_EGLL
SXASV   ,LGTT_LGTT
LIFELN1 ,EHAM_EHAM
AVA047  ,LEMD_SKBO
AFR76EL ,LFPG_EGLL
VLG1ZP  ,LEBL_EHAM
OEAHK   ,LOGW_LOGW
TAP67U  ,EHAM_LPPT
DECJH   ,LKHK_LKHK
JBU1407 ,KJFK_LFPG
EZY34PL ,LPFR_EGKK
KLM27M  ,EHAM_EGLL
GENTW   ,EGTR_EGTR
DMIPO   ,EDKB_EDKB
EFW1FG  ,LPFR_EGKK
EAX3G   ,LELL_LELL
ZODIAC51,EGNV_EGNV
BAW901U ,EDDF_EGLL
NCKL06  ,EGUB_EGUB
BASIC23 ,LKPD_LKPD
EZY72AP ,LEBL_EGKK
AVA011  ,LEMD_SKBO
JBU1907 ,KJFK_LFPG
SYS50   ,EGOS_EGOS
BAW731W ,LSGG_EGLL
JBU2220 ,EGLL_KJFK
GCLAP   ,EGTR_EGTR
OYFFF   ,EKRK_EKRK
ZSGCI   ,EHDS_EHDS
BAW483B ,LEBL_EGLL
BAW2AM  ,EHAM_EGLL
UAW23   ,EGDX_EGDX
ITY325  ,LFPG_LIRF
EAX4G   ,LELL_LELL
BAW47C  ,LEBL_EGLL
AEA088  ,LEMD_LEMD
EIN17J  ,EIDW_EGLL
OKHKI   ,LKHK_LKHK
KLM31A  ,EHAM_EGLL
SFY2JM  ,EGBJ_EGBJ
EMU5    ,EGYD_EGYD
BAW33K  ,EGLL_KJFK
GCEGU   ,EGLM_EGLM
GBNOJ   ,EGNH_EGNH
GSUEG   ,EGBJ_EGBJ
SXACW   ,LGTT_LGTT
GBRDF   ,EGLM_EGLM
UAL920  ,KORD_EGLL
KLM63T  ,EHAM_EGLL
BAW951L ,EDDM_EGLL
BAW733C ,LSGG_EGLL
LAN710  ,SKBO_LEMD
SHT9J   ,EGPH_EGLL
BASIC33 ,LKPD_LKPD
TAP58Y  ,LPPT_EGLL
AOS56   ,EGBJ_EGBJ
EIN1WM  ,EIDW_EGLL
BAW59Z  ,LPPT_EGLL
TAP669  ,EHAM_LPPT
342     ,LGTT_LGTT
VLG6020 ,LEBL_EGKK
SEJXP   ,ESSB_ESSB
SHT9X   ,EGPH_EGLL
VLG83EM ,EHAM_LEBL
TAP63V  ,EGLL_LPPT
WAGON1  ,EGYD_EGYD
LFA201  ,EGTC_EGTC
VLG6JZ  ,LEBL_EHAM
PHKBA   ,EHLE_EHLE
HBLWW   ,LSZB_LSZB
DERSI   ,EDFM_EDFM
OEXCU   ,LOWS_LOWS
SPSMB   ,EPPO_EPPO
BAW309  ,LFPG_EGLL
AVA026  ,SKBO_LEMD
GAVMD   ,EGCB_EGCB
OEDCC   ,LOWG_LOWG
GFLOH   ,EG32_EG32
DLH3VE  ,EDDF_EGLL
GBHFI   ,EGNH_EGNH
IRNMN1  ,EGOS_EGOS
HB1690  ,LSPA_LSPA
TAP51PM ,EGLL_LPPT
FHUPR   ,EPPO_EPPO
VLG66WR ,EHAM_LEBL
DEGCG   ,EDKN_EDKN
AVA183  ,LEMD_SKBO
SHT9Y   ,EGPH_EGLL
SYS41   ,EGOS_EGOS
EZY65LG ,LEMG_EGKK
BAW178  ,KJFK_EGLL
VLG60CD ,LEBL_EHAM
ECMZV   ,LELL_LELL
BAW473D ,LEBL_EGLL
DLH7FY  ,EDDM_EGLL
SFY3DB  ,EGBJ_EGBJ
EWG6SF  ,EDDL_LEPA
DLH5JF  ,EDDF_EGLL
EAX2H   ,LELL_LELL
FJGTX   ,LFMA_LFMA
TAP1359 ,EGLL_LPPT
TAP443  ,LFPO_LPPT
DEGGL   ,EDVM_EDVM
ZEROG   ,LFBD_LFBD
SPRTFM  ,EPGL_EPGL
EZY79TK ,LEMG_EGKK
TAP1364 ,LPPT_EGLL
SWR36A  ,LSZH_EGLL
AVA046  ,SKBO_LEMD
AFR31TL ,LFPG_EGLL
SWR24C  ,LSZH_EGLL
SYS42   ,EGOS_EGOS
VLG6PN  ,LEBL_EHAM
SAS1507 ,EKCH_EGLL
AVA010  ,SKBO_LEMD
EJU8078 ,LEMG_EGKK
OEVTW   ,LOAN_LOAN
OKBUD52 ,LKLT_LKLT
SAS72G  ,EKCH_EGLL
BASIC21 ,LKPD_LKPD
OYEVA   ,EKRK_EKRK
HBKGE   ,LSZL_LSZL
DENIF   ,LOWG_LOWG
SMGLR31 ,LKPD_LKPD
DAL262  ,KJFK_LFPG
DEQFE   ,EDFE_EDFE
VLG722T ,EHAM_LEBL
BASIC13 ,LKPD_LKPD
TAP1369 ,EGLL_LPPT
SPSMP   ,EPPO_EPPO
FHAPD   ,LFPN_LFPN
SWR5AP  ,EGLL_LSZH
SPTPF   ,EPBC_EPBC
FGIEQ   ,LFPL_LFPL
HBRTT   ,LSZB_LSZB
GICET   ,EGTR_EGTR
OEVDP   ,LOAN_LOAN
AEA7706 ,LEBL_LEMD
GLDGF   ,EGTK_EGTK
SYS88   ,EGOS_EGOS
AEA198  ,LEMD_LEMD
VLG84KA ,EHAM_LEBL
GFICH   ,EGBG_EGBG
DLH6RJ  ,EDDF_EHAM
FGBFP   ,LFPL_LFPL
KLM61T  ,EHAM_EGLL
DEKSD   ,EDMA_EDMA
GTCHI   ,EGHR_EGHR
SYS70   ,EGOS_EGOS
TAP6AM  ,EHAM_LPPT
TAP57W  ,EGLL_LPPT
BAW58TL ,EGLL_LPPT
HBZWE   ,LSZB_LSZB
VLG4GQ  ,EGKK_LEBL
WMT676  ,LIRF_LEMD
DLH2EY  ,EGLL_EDDM
EJU8127 ,LEPA_EGKK
GBEZO   ,EGBJ_EGBJ
VLG75QP ,LEBL_EHAM
TAP66JC ,LPPT_EGLL
BAW17R  ,EGLL_KJFK
BAW719  ,LSZH_EGLL
VLG2HE  ,EGKK_LEBL
WMT829  ,LIRF_LEMD
GECRM   ,EGLM_EGLM
TAP1350 ,LPPT_EGLL
UAD980  ,EGDM_EGDM
OXF26   ,EGTK_EGTK
ITY061  ,LEMD_LIRF
PHVTB   ,EHTE_EHTE
DMTLA   ,EDKB_EDKB
TAP433  ,LFPO_LPPT
TVF13NB ,LPPR_LFPO
GBSYY   ,EGLM_EGLM
ECIDM   ,LELL_LELL
CWL30   ,EGYD_EGYD
EIN1EH  ,EIDW_EGLL
AEA1094 ,EHAM_LEMD
VLG1983 ,LFPO_LPPT
DLH2VR  ,EGLL_EDDM
ITY058  ,LIRF_LEMD
BAW7J   ,EGLL_KLAX
GCHYY   ,EGNU_EGNU
KLM81E  ,EHAM_EGLL
TAP431  ,LFPO_LPPT
GBLZP   ,EGNX_EGNX
EWG2LM  ,LEPA_EDDL
GCMAK   ,EGTR_EGTR
AFR23EE ,LEBL_LFPG
VIR26Q  ,KJFK_EGLL
EWG37KE ,EDDL_LEPA
AEA194  ,SKBO_LEMD
ECNJO   ,LELL_LELL
EZY34VA ,EGKK_LEBL
AVA027  ,LEMD_SKBO
BAW717T ,LSZH_EGLL
NCKL23  ,EGUB_EGUB
VLG714Z ,LEBL_EHAM
GCCZV   ,EGTR_EGTR
TAP74NA ,LPPT_EHAM
BAW823D ,EIDW_EGLL
SPMMB   ,EPBC_EPBC
SWR28L  ,LSGG_EGLL
ITY063  ,LEMD_LIRF
TAP429  ,LFPO_LPPT
TRA8H   ,LEBL_EHAM
OHDTF   ,EFTP_EFTP
UAU886  ,EGDM_EGDM
HB3411  ,LSZB_LSZB
TAP435  ,LFPO_LPPT
VLG1BZ  ,LFPO_LPPT
FHLEP   ,LFMA_LFMA
SWR8GF  ,LSGG_EGLL
TAP441  ,LFPO_LPPT
TAP439X ,LFPO_LPPT
GTWOO   ,EGCB_EGCB
OOKOK   ,EBFN_EBFN
EFW93J  ,LEMG_EGKK
ITY059  ,LEMD_LIRF
GAVER   ,EGCB_EGCB
FHGTE   ,LELL_LELL
BAW5LI  ,EGLL_LPPT
BAW319A ,LFPG_EGLL
KLM82D  ,LEBL_EHAM
SPTUA   ,EPRJ_EPRJ
KLM757  ,EHAM_EHAM
RBA97   ,OMDB_EGLL
VIR354  ,EGLL_EGLL
TOM458  ,EGKK_LTAI
TFL397  ,EHAM_EHAM
TOM459  ,LTAI_EGKK
PH1493  ,EHDB_EHDB
PH1475  ,EHMZ_EHMZ
PH1598  ,EHDB_EHDB
BAW168  ,EGLL_EGLL
DKFPA   ,EHTL_EHTL
PH1399  ,EHDB_EHDB
PH1542  ,EHDB_EHDB
AHY008  ,EGLL_OMDB
PH1259  ,EHDP_EHDP
BAW106  ,OMDB_EGLL
PH1287  ,EHMZ_EHMZ
PH1690  ,EHWO_EHWO
RLET43  ,EGVN_EGVN
TFL375  ,EHAM_EHAM
GFA007  ,OMDB_EGLL
PH1612  ,EHMZ_EHMZ
PH1650  ,EHTL_EHTL
TOM7BG  ,EGCC_LTAI
ZSGDS   ,EHDB_EHDB
BAW16   ,WSSS_EGLL
ETD69W  ,EGLL_EGLL
QFA209  ,WSSS_EGLL
BAW135  ,EGLL_EGLL
BAW72   ,EGLL_EGLL
HB2420  ,LSZB_LSZB
TFL395  ,EHAM_EHAM
TFL355  ,EHAM_EHAM
AVA182  ,SKBO_LEMD
ZODIAC73,EGNV_EGNV
FBY32D  ,LEBG_LEBG
PH1595  ,EHWO_EHWO
D6524   ,EHDP_EHDP
AFR16CG ,LFPG_EGLL
TAP438T ,LPPT_LFPO
PH1619  ,EHTL_EHTL
DKARC   ,EHWO_EHWO
FHEEL   ,LFPN_LFPN
PH1365  ,EHTE_EHTE
VLG9WK  ,EGKK_LEBL
WMT7870 ,LEMD_LIRF
DAL4    ,EGLL_KJFK
HB3131  ,LSZB_LSZB
TAP440  ,LPPT_LFPO
VLG43SN ,EHAM_LEBL
TAP670  ,LPPT_EHAM
EWG1HR  ,EDDL_LEPA
FBY32A  ,LEBG_LEBG
AAL139  ,EGLL_KLAX
FBY18T  ,LEBG_LEBG
GBCRL   ,EGNV_EGNV
LYLLB   ,EYVP_EYVP
HB2450  ,LSZX_LSZX
HB3362  ,LSZB_LSZB
SYS52   ,EGOS_EGOS
DAL263  ,LFPG_KJFK
CSHIX   ,LPBJ_LPBJ
GCEEU   ,EGLM_EGLM
EZY54YB ,LPFR_EGKK
SWR4SY  ,EGLL_LSGG
PHSVD   ,EHTE_EHTE
AAL45   ,LFPG_KJFK
FGABE   ,LFLU_LFLU
BAW958M ,EGLL_EDDM
ECNJG   ,LECU_LECU
AAL46P  ,KORD_EGLL
NCKL07  ,EGUB_EGUB
HBPHG   ,LSMA_LSMA
DLH3ET  ,EDDF_EGLL
GDDAD   ,EGTR_EGTR
VLG509M ,LEBL_EGLL
VLG64PW ,LPPT_LFPO
SWR736  ,LSZH_EHAM
OEDDD   ,LOWG_LOWG
ITY060  ,LIRF_LEMD
TAP428  ,LPPT_LFPO
GBBRC   ,EGLK_EGLK
AFR010  ,LFPG_KJFK
BAW5DW  ,EGLL_LPPT
DETLK   ,EDFE_EDFE
ETP75   ,EGDM_EGDM
DLH4TR  ,EGLL_EDDM
ITY319  ,LFPG_LIRF
AAL105  ,EGLL_KJFK
BAW485G ,LEBL_EGLL
TAP72PA ,LPPT_EHAM
WMT887  ,LEMD_LIRF
HBLZL   ,LSZL_LSZL
WUK13YS ,EGKK_LPFR
KLM73T  ,LEBL_EHAM
DLH4LL  ,EGLL_EDDM
DAL2    ,EGLL_KJFK
BAW817  ,EKCH_EGLL
SFS71   ,EDMA_EDMA
BAW911U ,EDDF_EGLL
TAP56UG ,LPPR_LFPO
BAW8ER  ,EIDW_EGLL
UAJ38   ,EGQL_EGQL
VIR47M  ,EGLL_KJFK
OKBIT   ,LKLT_LKLT
AAL135  ,EGLL_KLAX
EWG1UV  ,LEPA_EDDL
IBE34FC ,LEMD_LFPO
IBE34EL ,LEMD_LFPO
KLM16K  ,LEBL_EHAM
VLG7BN  ,EGKK_LEBL
AFR42KM ,LEBL_LFPG
DKAGX   ,EDWJ_EDWJ
TVF95VX ,LFPO_LPPR
DLH7TP  ,EGLL_EDDM
EAX3H   ,LELL_LELL
SHT7T   ,EGPF_EGLL
TUI79K  ,EDDL_LEPA
IBE32SD ,LEMD_LIRF
HBSHC   ,LSZR_LSZR
SAS1501 ,EKCH_EGLL
AFR009  ,KJFK_LFPG
AFR55QP ,LEBL_LFPG
TCUUN   ,LTBW_LTBW
VLG9JG  ,LPPR_LFPO
TVF91SF ,LFPO_LPPT
VLG57HQ ,EGKK_LEMG
VLG17XY ,LEBL_LFPO
ITY317  ,LFPG_LIRF
ITY2045 ,LIML_LIRF
VLG2FB  ,LPPT_EHAM
PHMLW   ,EHGG_EHGG
AFR24LJ ,LEBL_LFPG
HB1630  ,LSPA_LSPA
AFR2X   ,LFPG_KJFK
EIN60R  ,EHAM_EIDW
KLM43Q  ,EHAM_LEBL
PHKFX   ,EHGG_EHGG
HBZWG   ,LSZV_LSZV
AFR7P   ,KJFK_LFPG
ADM493  ,LPEV_LPEV
BAW720T ,EGLL_LSZH
BAW732  ,EGLL_LSGG
IBE34GV ,LFPO_LEMD
VIR153  ,EGLL_KJFK
SEH9DG  ,LGAV_LFPG
VLG1982 ,LPPT_LFPO
AEA7708 ,LEBL_LEMD
EIN17R  ,EGLL_EIDW
ITY333  ,LFPG_LIRF
VIR9J   ,EGLL_KJFK
SWR13Y  ,EGLL_LSGG
EIN611  ,EHAM_EIDW
AFR006  ,LFPG_KJFK
AFR004  ,LFPG_KJFK
VLG5TA  ,LFPO_LPPR
BAW41HA ,EHAM_EGLL
DLH9U   ,EGLL_EDDF
VLG6337 ,LIMC_LEBL
DAL265  ,LFPG_KJFK
EZY23ME ,EGKK_LEBL
AFR5T   ,KJFK_LFPG
TAP434T ,LPPT_LFPO
EZY81ZT ,EGKK_LPFR
HBWAK   ,LSZL_LSZL
EWG3UY  ,LEPA_EDDL
BAW283  ,EGLL_KLAX
BAW729  ,LSGG_EGLL
SEMLR   ,ESSB_ESSB
SWR12K  ,EGLL_LSGG
IBE32DV ,LEMD_LIRF
AFR3G   ,KJFK_LFPG
IBE32MT ,LEMD_LIRF
VLG31SP ,LEBL_LFPO
ITY2061 ,LIML_LIRF
AFR92BL ,LFPG_LIRF
OECMP   ,LOWG_LOWG
BAW5PT  ,EGLL_LPPT
AFR37QG ,LFPG_LIRF
GFLOE   ,EGTB_EGTB
EJU89HY ,EGKK_LEBL
DLH6U   ,EGLL_EDDF
D9175   ,LSZX_LSZX
IBE32GR ,LEMD_LIRF
BAW726P ,EGLL_LSGG
BAW952M ,EGLL_EDDM
DMFSM   ,EDNA_EDNA
SWR2HB  ,LSZH_EHAM
BAW819K ,EKCH_EGLL
SWR693P ,EGLL_LSZH
IBE32WF ,LIRF_LEMD
UAE6VH  ,OMDB_EGLL
BAW37J  ,EGLL_KJFK
AFR44HP ,LFPG_LEBL
HB1875  ,LSPA_LSPA
BSO3JR  ,LELL_LELL
ITY1746 ,LIML_LICZ
BAW439M ,EHAM_EGLL
BAW04A  ,EGLL_KJFK
KLM50H  ,LSZH_EHAM
IRNMN2  ,EGOS_EGOS
EAX1F   ,LELL_LELL
SWR339  ,EGLL_LSZH
BAW481B ,LEBL_EGLL
VLG8DL  ,LEBL_LFPO
PH585   ,EHTE_EHTE
TAP436  ,LPPT_LFPO
AFR46WB ,LFPG_LEBL
VIR45W  ,EGLL_KJFK
BAW916N ,EGLL_EDDF
VLG3WD  ,LEBL_LFPO
EIN1HL  ,EIDW_EGLL
MBU6003 ,EDDM_EDDH
SHT8K   ,EGLL_EGPH
WMT497  ,LEBL_LIRF
DLH8U   ,EGLL_EDDF
ITY078  ,LIRF_LEBL
DLH6NT  ,EGLL_EDDM
ITY2133 ,LIML_LIRF
VLG13HY ,LEBL_LFPO
AAL44   ,KJFK_LFPG
DAL266  ,KJFK_LFPG
DLH6LT  ,EGLL_EDDM
FPTUN   ,LSZL_LSZL
HBZYZ   ,LSZL_LSZL
SHT7J   ,EGPF_EGLL
GBUFY   ,EGLD_EGLD
GDPAZ   ,EGNH_EGNH
MBU6509 ,LEPA_EDDM
WUK45Z  ,EGKK_LEMG
GCMKJ   ,EGLK_EGLK
KLM48J  ,LEBL_EHAM
GCKZD   ,EGCJ_EGCJ
AEA26QC ,LEMD_LFPO
VLG3NF  ,LFPG_LEBL
BAW475E ,LEBL_EGLL
TAP432  ,LPPT_LFPO
UAT872  ,EGXT_EGXT
KLM93Z  ,EHAM_LEBL
VLG1SQ  ,EGKK_LEBL
DLH7TH  ,EDDM_EGLL
DLH2H   ,EGLL_EDDF
IBE34PK ,LFPO_LEMD
DHABT   ,EDKB_EDKB
BSO6JR  ,LELL_LELL
GCJLL   ,EGCB_EGCB
TOM8MH  ,LEAL_EGKK
OOODK   ,EBFN_EBFN
KLM47E  ,EHAM_EIDW
ITY1745 ,LIRF_LICZ
VLG7HP  ,LEBL_LPPT
SWR815F ,EGLL_LSZH
VLG10RA ,LIMC_LEBL
AEA089  ,LEMD_LEMD
SHT9H   ,EGPH_EGLL
ZODIAC71,EGNV_EGNV
SPLINA  ,EPGL_EPGL
BAW108  ,OMDB_EGLL
DLH5H   ,EGLL_EDDF
ITY064  ,LIRF_LEMD
AEA77GB ,LEMD_LEBL
IBE34ZE ,LEMD_LFPO
HBKGP   ,LSZB_LSZB
TAP430  ,LPPT_LFPO
TAP437X ,LFPO_LPPT
BASIC41 ,LKPD_LKPD
EZY31MW ,EGKK_LEMG
DETJA   ,EDFE_EDFE
JIGSW98 ,EGVN_EGVN
EWG7K   ,LEPA_EDDK
TVF31RZ ,LPPR_LFPO
WMT7PB  ,LIMC_LEBL
TAP1033 ,LEBL_LPPT
KLM1512 ,LEBL_EHAM
VLG471V ,LEBL_LFPO
TAP668  ,LPPT_EHAM
EZY73AQ ,LEBL_EGKK
DLH7H   ,EGLL_EDDF
BASIC43 ,LKPD_LKPD
TOM9GK  ,LEPA_EGKK
SWR883P ,LSZH_EHAM
AEA193  ,LEMD_SKBO
IBS3725 ,EHAM_LEMD
DLH8E   ,EDDH_EDDM
AEA95FT ,LEMD_EHAM
AAL141  ,EGLL_KJFK
UAW84   ,EGDX_EGDX
ETH715  ,ENGM_ESSA
AFR88WN ,LFPG_LIRF
SWR438A ,EGLL_LSZH
CJKV    ,EGNU_EGNU
SHT8Y   ,EGLL_EGPH
IBE34CY ,LEMD_LFPO
EAX1J   ,LELL_LELL
DMMRN   ,EDVM_EDVM
KLM66A  ,EGLL_EHAM
KLM1919 ,EHAM_LSZH
DLH5U   ,EGLL_EDDF
PHCOB   ,EHTE_EHTE
BAW73V  ,LSGG_EGLL
AAL101  ,EGLL_KJFK
BAW955L ,EDDM_EGLL
EJU83DK ,LEPA_EGKK
GLAVN   ,EGBG_EGBG
DLH1MK  ,EGLL_EDDM
ITY079  ,LEBL_LIRF
AUA208  ,EDDF_LOWW
VLG4WP  ,EHAM_LEBL
SHT9C   ,EGPH_EGLL
UAE41   ,OMDB_EGLL
BAW8X   ,EIDW_EGLL
ITY076  ,LIRF_LEBL
TARTN38 ,EGVN_EGVN
RYR1KR  ,LEMD_LIRF
LOG929T ,EGPD_EGPD
EWG3FB  ,LEPA_EDDK
DAL267  ,LFPG_KJFK
KLM38Y  ,LSZH_EHAM
GCJBM   ,EGCJ_EGCJ
ITY075  ,LEBL_LIRF
GSJPC   ,EGTK_EGTK
AFR45JF ,LFPG_LEBL
OOKWL   ,EBZH_EBZH
DMFSI   ,EDNA_EDNA
TOM8EY  ,EGCC_LEPA
VLG425T ,LEBL_LFPG
IBE34SF ,LEMD_LFPO
DEDTG   ,EDTG_EDTG
AFR008  ,LFPG_KJFK
UAW89   ,EGDX_EGDX
AFR61PD ,LEBL_LFPG
EIN605P ,EHAM_EIDW
DHALD   ,EDKB_EDKB
ITY2059 ,LIML_LIRF
EIN60H  ,EIDW_EHAM
GOCTU   ,EGVN_EGVN
OECCD   ,LIRU_LIRU
BAW3AM  ,EHAM_EGLL
NCKL27  ,EGUB_EGUB
NCKL22  ,EGUB_EGUB
AFR85RH ,LEBL_LFPG
SYS325  ,EGOS_EGOS
DLH2HW  ,EDDF_EHAM
ETP74   ,EGDM_EGDM
SYS60   ,EGOS_EGOS
RYR8MU  ,EIDW_EGCC
RYR3EK  ,EHAM_EIDW
DLH6M   ,EDDH_EDDM
AUA207  ,LOWW_EDDF
BAW15K  ,EGLL_KJFK
IBE34SR ,LFPO_LEMD
ITY2109 ,LIML_LIRF
HBZWJ   ,LSZB_LSZB
DLH1U   ,EGLL_EDDF
BAW738  ,EGLL_LSGG
DETCA   ,EDKB_EDKB
AEE61CG ,LGAV_LFPG
KLM27G  ,EHAM_LPPT
IBE32WC ,LIRF_LEMD
SPASP   ,EPGL_EPGL
EWG9LP  ,LEPA_EDDL
VIR137Y ,EGLL_KJFK
KLM88B  ,LSZH_EHAM
VIR7B   ,EGLL_KLAX
UAU45   ,EGDM_EGDM
KLM1920 ,LSZH_EHAM
SWR8YE  ,LSZH_EHAM
DLH7E   ,EDDH_EDDM
DLH8H   ,EGLL_EDDF
VLG78FA ,LFPO_LEBL
TOM8FN  ,EGKK_LEPA
TVF82RP ,LPPT_LFPO
DLH9H   ,EGLL_EDDF
AAL137  ,EGLL_KLAX
AFR24FR ,LIRF_LFPG
DLH6AF  ,EGLL_EDDM
IBE34HR ,LEMD_LFPO
IBE32DH ,EBMB_LEMD
TAP1032 ,LPPT_LEBL
VLG6021 ,EGKK_LEBL
WIT34   ,EGXT_EGXT
TAP457  ,LFPO_LPPR
BAW21B  ,EGLL_KLAX
DLH3U   ,EGLL_EDDF
ITY077  ,LEBL_LIRF
SAS48D  ,EHAM_EKCH
IBE3402 ,LEMD_LFPO
IBE32BH ,LIRF_LEMD
BAW909U ,EDDF_EGLL
VLG70FE ,LIMC_LEBL
EJU94DA ,EGKK_LPFR
VIR3N   ,EGLL_KJFK
TAP1041 ,LEBL_LPPT
NSZ541B ,EHAM_EKCH
VLG2WB  ,LEBL_LFPO
LYGTG   ,EYVP_EYVP
IBS37BA ,LEMD_EHAM
SHT7S   ,EGPF_EGLL
TVF86FR ,LPPR_LFPO
PHWCM   ,EHTE_EHTE
KLM61N  ,EHAM_LPPT
JOKER61 ,ETHN_ETHN
ITY316  ,LIRF_LFPG
IBE32SV ,LIRF_LEMD
FHUEL   ,LFPN_LFPN
IBE32FR ,LEMD_LIRF
VLG8005 ,LFPO_LEBL
KLM39F  ,EHAM_EKCH
AUA19C  ,LOWW_EDDF
OYCAH   ,EKRK_EKRK
AFR1T   ,KJFK_LFPG
FHINE   ,LFPN_LFPN
VLG30EH ,EGKK_LEBL
KLM26J  ,LSZH_EHAM
VLG113J ,LFPO_LEBL
BAW430A ,EGLL_EHAM
KLM1579 ,EHAM_LPPT
RYR8FB  ,EIDW_EHAM
HBUCM   ,LSMA_LSMA
BAW7NY  ,EGLL_KJFK
TOM2XD  ,LEPA_EGCC
VLG3YE  ,LEBL_LFPG
DLH9EK  ,EDDF_EDDH
VLG8QD  ,LIMC_LEBL
SAS1549 ,EKCH_EHAM
TVF55DZ ,LFPO_LPPR
AFR59LZ ,LIRF_LFPG
VLG7NK  ,LEBL_LPPT
SHT8A   ,EGLL_EGPH
FLORIAN2,EDVM_EDVM
VLG3XB  ,LFPO_LEBL
RYR3102 ,EIDW_EHAM
FHAAT   ,LFPN_LFPN
OEXPH   ,LOWG_LOWG
AEA78XY ,LEMD_LIRF
AFR23JF ,LFPG_LIRF
UAU950  ,EGDM_EGDM
TOM2BG  ,EGCC_LEPA
SYS09   ,EGOS_EGOS
RYR38QT ,EIDW_EHAM
GBNYP   ,EGLK_EGLK
HBKKC   ,LSPA_LSPA
BAW680  ,EGLL_LTFM
KLM1036 ,EGCC_EHAM
FBY51C  ,LEBG_LEBG
KLM64L  ,EIDW_EHAM
EIN61V  ,EIDW_EHAM
BAW327X ,LFPG_EGLL
EJU43DA ,LEMD_LPPR
KLM77C  ,EHAM_EGLL
SAS62L  ,EHAM_EKCH
VLG95MQ ,LEBL_LPPT
EIN60T  ,EIDW_EHAM
TAP1035 ,LEBL_LPPT
RYR61FR ,LEMD_LIRF
RYR8YB  ,LEBL_LIRF
SAS554  ,EHAM_EKCH
UAE62T  ,OMDB_EGLL
CWL18   ,EGYD_EGYD
ITY1741 ,LIRF_LICZ
TAP39ZL ,LEBL_LPPT
TAP1031 ,LEBL_LPPT
VLG8WD  ,LEBL_EHAM
SHT7B   ,EGPF_EGLL
RYR982B ,EHAM_EIDW
WIT30   ,EGXT_EGXT
FHHGB   ,LFMA_LFMA
PCH350  ,LSZC_LSZC
SWR81C  ,EGLL_LSZH
EJU16FG ,LEPA_EGKK
VLG9GP  ,LEBL_LPPT
KLM41H  ,EHAM_LEBL
TVF64RY ,LPPR_LFPO
DLH8CX  ,EDDM_EDDH
VLG4VG  ,LIMC_LEBL
KLM29K  ,EHAM_LEBL
AEE4CA  ,LGAV_LFPG
TAP37HG ,LEBL_LPPT
AEA78SK ,LEMD_LFPO
AFR94WU ,LIRF_LFPG
AEE616  ,LGAV_LFPG
EZY35WT ,LEPA_EGKK
DLH3M   ,EDDH_EDDM
EWG46FH ,LEPA_EDDL
VIR25B  ,EGLL_KJFK
EJU91GX ,EGKK_LEMG
OEDHF   ,LOGG_LOGG
DLH1E   ,EDDH_EDDM
KLM88C  ,EIDW_EHAM
EWG50BK ,LEPA_EDDM
DEMFZ   ,EDFE_EDFE
SPOKS   ,EPBC_EPBC
MBU6513 ,LEPA_EDDM
KLM1271 ,EHAM_EKCH
KLM82Z  ,LEMD_EHAM
SXS6DA  ,LTAI_EDDL
AFR81ZA ,LFPG_LIRF
SAS506  ,EGLL_EKCH
AUA218  ,EDDF_LOWW
FHADF   ,LFPN_LFPN
DLH4A   ,EHAM_EDDF
PGT31FP ,EDDL_LTAI
DEAPP   ,EDVM_EDVM
KLM1142 ,EIDW_EHAM
HBKTR   ,LSZI_LSZI
SPTPE   ,EPBC_EPBC
SPTHD   ,EPML_EPML
VLG97MK ,EGKK_LEMG
PH1312  ,EHDB_EHDB
EIN60Y  ,EHAM_EIDW
VLG1HF  ,LEBL_LFPG
AFR74WY ,EGLL_LFPG
EZY57FX ,EHAM_EGCC
KLM55C  ,EHAM_EKCH
JOKER25 ,ETHN_ETHN
IBE30ZB ,LEMD_LEBL
PHGLD   ,EHSE_EHSE
AFR55SP ,LFPG_LEBL
VYT93   ,EGOV_EGOV
DLH7VA  ,EDDM_EDDH
RYR14FV ,LEBL_LIRF
GWARX   ,EGLM_EGLM
KLM1135 ,EHAM_EIDW
DEJKN   ,EDPM_EDPM
DLH3VV  ,EDDF_EHAM
IBE30AY ,LEBL_LEMD
KLM1855 ,EHAM_EDDM
TAP452  ,LPPR_LFPO
SAS54P  ,EHAM_EKCH
EWG4LL  ,EDDL_LEPA
RYR52HN ,EHAM_EIDW
SYS323  ,EGOS_EGOS
OYCDR   ,EKRK_EKRK
DLH5A   ,EHAM_EDDF
AFR13HY ,LGAV_LFPG
TAP454  ,LPPR_LFPO
SHT9D   ,EGPH_EGLL
SHT7Z   ,EGPF_EGLL
BAW812  ,EGLL_EKCH
SHT9A   ,EGPH_EGLL
BAW308  ,EGLL_LFPG
EIN1LK  ,EGLL_EIDW
DMPYL   ,EDNA_EDNA
OKAUA77 ,LKHK_LKHK
EZY78HP ,LEPA_EGKK
EWG65T  ,LEPA_EDDM
VLG6GD  ,LPPT_LEBL
DLH7A   ,EHAM_EDDF
VLG7UR  ,LEBL_LFPG
TAP1030 ,LPPT_LEBL
DLH1M   ,EDDH_EDDM
ETH714  ,ESSA_ENGM
VLG44NK ,LEBL_LIMC
KLM77K  ,EHAM_EDDF
ITY324  ,LIRF_LFPG
RVP310  ,LPSO_LPSO
RYR76QH ,EIDW_EHAM
EIN15M  ,EGLL_EIDW
RYR62JQ ,LIRF_LEMD
THY6ZK  ,LTFM_LTFE
DLH008  ,EDDF_EDDH
TAP1923 ,LPPR_LPPT
AAL91   ,EGLL_KORD
SAS42E  ,EKCH_ESSA
THY3EW  ,LTFM_LTFE
DLH1WU  ,EDDF_EDDH
AOS59   ,EGBJ_EGBJ
SAS58E  ,EKCH_ESSA
DESHF   ,EDDV_EDDV
BAW948M ,EGLL_EDDM
VLG3840 ,LEPA_EDDM
BAW44E  ,EGLL_EHAM
IBE30EL ,LEBL_LEMD
EAX2E   ,LELL_LELL
AEA66YW ,LEMD_LIRF
DLH4WC  ,EDDF_EHAM
TUI6VJ  ,LEPA_EDDL
EJU16KC ,EGKK_LEMG
KLM31K  ,EHAM_EKCH
IBE30BZ ,LEMD_LEBL
AUA203  ,LOWW_EDDF
AEA7701 ,LEMD_LEBL
HBZOX   ,LSZL_LSZL
BAW676  ,EGLL_LTFM
AFR61YY ,LIRF_LFPG
GRIEF   ,EGNU_EGNU
IBE34VV ,LFPO_LEMD
IBE34DP ,LFPO_LEMD
IBE3090 ,LEMD_LPPR
AEA17BR ,LPPT_LEMD
SYS84   ,EGOS_EGOS
AAL107  ,EGLL_KJFK
SWR1ST  ,EGLL_LSGG
FGNNA   ,LFPL_LFPL
PHAPW   ,EHTE_EHTE
FIN1NX  ,EFHK_ESSA
TAP1036 ,LPPT_LEBL
AEA91NQ ,LEMD_LFPO
UAA122  ,EGQL_EGQL
TRA20A  ,EHAM_LEBL
VLG154B ,LPPT_LEBL
SAS41D  ,EGLL_EKCH
VLG3NZ  ,LEIB_LEBL
GCMCG   ,EGTK_EGTK
SYS31   ,EGOS_EGOS
DETCY   ,EDFE_EDFE
DLH7JW  ,EDDM_EDDH
DLH2LA  ,EDDM_EHAM
AFR011  ,KJFK_LFPG
EFW79S  ,EGKK_LPFR
IBE3118 ,LEMD_LPPT
VLG54EK ,LEBL_EGKK
N224W   ,EGTK_EGTK
SAS1428 ,EKCH_ESSA
EJU12FP ,EHAM_EKCH
TVF7668 ,LFPO_LPPT
VLG82CP ,LFPG_LEBL
DLH3A   ,EHAM_EDDF
GLYZA   ,EGKR_EGKR
DEDRP   ,EDFE_EDFE
WMT3HH  ,LIRF_LEMD
TAP442  ,LPPT_LFPO
SAS46M  ,EKCH_ESSA
FBY899S ,LEBG_LEBG
IBS39ZN ,LEMD_LEMD
GWACY   ,EGLD_EGLD
DLH3FM  ,EDDF_EDDH
TVF59VK ,LFPO_LEMD
NCKL60  ,EGUB_EGUB
TUI2BG  ,EDDL_LEPA
VLG5QW  ,LEBL_EGKK
SWR2DV  ,EHAM_LSZH
TVF82AE ,LEMD_LFPO
VLG4MH  ,EGKK_LEBL
DLH3CP  ,EHAM_EDDM
BAW16UP ,EGLL_LFPG
KLM1140 ,EIDW_EHAM
HBKOJ   ,LSGL_LSGL
EAX2J   ,LELL_LELL
KLM84V  ,EGLL_EHAM
DLH1A   ,EHAM_EDDF
FBY913S ,LEBG_LEBG
GBSSC   ,EGSH_EGSH
ECMLY   ,LELL_LELL
KLM88T  ,EGLL_EHAM
AFR1448 ,LFPG_LEBL
SWR4SM  ,EGLL_LSZH
IBS3722 ,LEMD_EHAM
VLG52KZ ,LEBL_LIRF
DESXT   ,EDFE_EDFE
IBE30EV ,LEBL_LEMD
TARTN39 ,EGVN_EGVN
EAX4J   ,LELL_LELL
EWG5YN  ,LEPA_EDDL
BAW4CK  ,EGLL_EHAM
SYS25   ,EGOS_EGOS
BAW3ET  ,EGLL_EHAM
BAW961L ,EDDM_EGLL
VLG38DF ,EGKK_LEBL
RYR50VT ,EHAM_EIDW
EAX6G   ,LELL_LELL
AFR012  ,LFPG_KJFK
ABR257  ,LEBL_LIRF
BAW9MS  ,EGLL_EHAM
AEE612  ,LGAV_LFPG
HB3064  ,LSPA_LSPA
EFW9TW  ,EGKK_LPFR
VLG3ST  ,LPPT_LEBL
AFR59NF ,LGAV_LFPG
TOM3EW  ,LEPA_EGCC
TAP453  ,LFPO_LPPR
TVF663Q ,LFPO_LPPT
IBE30AZ ,LEMD_LEBL
EAI66L  ,EIDW_EGCC
SHT7C   ,EGPF_EGLL
PHEFA   ,EHSE_EHSE
BAW8TD  ,EGLL_EKCH
EZY21PU ,EGCC_EHAM
VLG39TQ ,LEBL_LIMC
DLH2PC  ,EDDF_EHAM
IBS3807 ,LEIB_LEMD
AFR44HU ,EGLL_LFPG
RSQ01   ,EHAM_EHAM
KLM71Z  ,EHAM_LEBL
KLM54D  ,LSZH_EHAM
BAW407B ,LEBL_EGLL
KLM1504 ,LEMD_EHAM
PHVSY   ,EHRD_EHRD
ITY1721 ,LIML_LICZ
SWR70T  ,EHAM_LSZH
SXS5EX  ,EDDL_LTAI
GBNNT   ,EGTK_EGTK
KLM79C  ,EHAM_EKCH
SAS91K  ,EKCH_ENGM
BAW326  ,EGLL_LFPG
ECNIK   ,LELL_LELL
DLH6EU  ,EDDM_EDDH
TVF7622 ,LFPO_LPPR
KLM47V  ,EDDF_EHAM
WMT272  ,LEBL_LIMC
AEA72PM ,LFPO_LEMD
GTOOO   ,EGBG_EGBG
ZXP03   ,EHAM_EHAM
KLM64J  ,EHAM_LPPT
SFY1TM  ,EGBJ_EGBJ
THY8MK  ,LTFM_LTFE
SWR92E  ,EGLL_LSGG
EWG7PM  ,LEPA_EDDM
VLG4AA  ,LEIB_LEBL
KLM1857 ,EHAM_EDDM
VLG8GW  ,LEIB_LEBL
IBE34CK ,LFPO_LEMD
BAW950M ,EGLL_EDDM
OEAAM   ,LOWG_LOWG
HBKGG   ,LSZL_LSZL
VYT892  ,EGOV_EGOV
EWG6FE  ,EDDL_LEPA
CALIBRA ,LFBD_LFBD
KLM66C  ,EGLC_EHAM
GCJDA   ,EGCB_EGCB
DLH9VA  ,EDDF_EDDH
VLG9JQ  ,LFPG_LEBL
EIHDV   ,EGTR_EGTR
DLH9M   ,EDDH_EDDM
IBS3908 ,LEMD_LEMD
ADM478  ,LPEV_LPEV
EZY18EV ,LEMG_EGKK
AUA209N ,LOWW_EDDF
BAW712T ,EGLL_LSZH
OKEMD   ,LKLT_LKLT
KLM41J  ,EGLL_EHAM
RYR4CX  ,LEBL_LIRF
ITY2075 ,LIML_LIRF
MTEOR1  ,EGOV_EGOV
VLG2BY  ,LEIB_LEBL
EWG7BP  ,LEPA_EDDL
SAS1408 ,EKCH_ESSA
DLH2HT  ,EHAM_EDDM
KLM32P  ,EGCC_EHAM
FBY945S ,LEBG_LEBG
UAL929  ,KORD_EGLL
AEA51CN ,LEMD_LPPR
ZODIAC75,EGNV_EGNV
IBE30AH ,LEMD_LEBL
TVF29XQ ,LPPT_LFPO
DHBBB   ,EDWN_EDWN
SXS8XH  ,LTAI_EDDK
DLH4E   ,EDDH_EDDM
ANE52BV ,LPPR_LEMD
DLH4LY  ,EDDM_EHAM
SHT8G   ,EGLL_EGPH
EIN2MW  ,EIDW_EGCC
SAS1430 ,EKCH_ESSA
KLM50A  ,EGCC_EHAM
ITY332  ,LIRF_LFPG
TVF81MJ ,LEBL_LFPO
KLM96H  ,EDDF_EHAM
EWG6YZ  ,LEPA_EDDK
PHKIO   ,EHGG_EHGG
BAW688  ,EGLL_LTFM
BAW954M ,EGLL_EDDM
IBE3239 ,LIRF_LEMD
KLM1034 ,EGCC_EHAM
WMT9FZ  ,LEMD_LIRF
TVF82BL ,LFPO_LPPR
RYR70KG ,LEMD_LIRF
BAW183  ,EGLL_KJFK
KLM1137 ,EHAM_EIDW
DLH9FY  ,EDDM_EDDH
BLNHM60 ,EGVN_EGVN
SCQ3F   ,ENGK_ENGK
EZY56HB ,LEAL_EGKK
VLG86YL ,LFPO_LEBL
FHBTI   ,LFPN_LFPN
SHT9G   ,EGPH_EGLL
DLH1J   ,LFPG_EDDF
KLM50W  ,EGLC_EHAM
BAW78H  ,EGLL_LSGG
DKKOV   ,EDMA_EDMA
DLH2NE  ,EDDM_EDDH
ITY2029 ,LIML_LIRF
HBPEN   ,LSZB_LSZB
DLH8RL  ,EDDL_EDDM
AEA50QN ,LEMD_LPPR
SAS500  ,EGLL_EKCH
AFR93NX ,LGAV_LFPG
EWG6U   ,EDDL_LEPA
ITY1739 ,LIRF_LICZ
DLH6LF  ,EDDF_EDDH
VLG8BH  ,EHAM_LEBL
RYR18FK ,LIMC_LEBL
KLM48F  ,EGCC_EHAM
KLM61U  ,EHAM_LSZH
RVP104  ,LPSO_LPSO
AFR52TA ,LIRF_LFPG
AFR37YA ,LFPG_EHAM
KLM1145 ,EHAM_EIDW
EJU68DF ,LPPR_LFPO
FIN6EH  ,ESSA_EFHK
GBRDM   ,EGLM_EGLM
RYR97VP ,LEPA_EDDK
VLG9XW  ,LEIB_LEBL
DLH9E   ,EDDH_EDDM
KLM1035 ,EHAM_EGCC
TVF4800 ,LFPO_LEBL
AFR93GG ,EGLL_LFPG
ITY1753 ,LIRF_LICZ
TAP1925 ,LPPR_LPPT
EJU48GV ,LFPO_LPPR
AFR25AP ,EGLL_LFPG
VLG9UB  ,LEMD_LEBL
DLH2J   ,LFPG_EDDF
DLH6CH  ,EDDF_EDDH
RVP301  ,LPSO_LPSO
RYR8RE  ,LIRF_LEBL
NOZ52K  ,ENGM_ENVA
TVF7669 ,LPPT_LFPO
TAP11WQ ,LEMD_LPPT
AFR76UX ,LFPG_EHAM
RYR2ZJ  ,LIRF_LICZ
KLM1508 ,LEMD_EHAM
TAP1023 ,LEMD_LPPT
TAP455  ,LFPO_LPPR
BAW299  ,EGLL_KORD
DLH32F  ,LEMD_EDDF
BSO5JR  ,LELL_LELL
SAS78C  ,EGLL_EKCH
AHY077  ,OMDB_LTFM
RYR562  ,EIDW_EGCC
UAE4CK  ,OMDB_EGLL
THY3XE  ,LTFM_LTFE
AEA120  ,LEMD_LEMD
AUA210  ,EDDF_LOWW
TAP27PL ,LPPR_LPPT
AOS57   ,EGBJ_EGBJ
KLM30B  ,EGLC_EHAM
ITY318  ,LIRF_LFPG
CWL52   ,EGYD_EGYD
PGT79ZP ,LTAI_EDDL
AEA1040 ,LIRF_LEMD
BAW3VH  ,EGLL_LFPG
CLB226  ,EGNV_EGNV
THY6JD  ,LTFM_LTFE
DIPCG   ,EDDV_EDDV
EIN60G  ,EIDW_EHAM
TAP1034 ,LPPT_LEBL
IBS3720 ,LEMD_EHAM
AUA21FA ,LOWW_EDDF
KLM1817 ,EHAM_EDDF
EDW214A ,LSZH_LSZH
AUA21M  ,LOWW_EDDF
SAS43C  ,ENGM_EKCH
KLM1038 ,EGCC_EHAM
AEA1142 ,LPPR_LEMD
IBE30DD ,LPPR_LEMD
SHT8N   ,EGLL_EGPH
AEA53UP ,LEMD_LPPT
NSZ3210 ,EKCH_ESSA
TAP1013 ,LEMD_LPPT
ITY074  ,LIRF_LEBL
UAU973  ,EGDM_EGDM
OOVOL   ,EBSP_EBSP
TVF87BK ,LFPO_LPPR
DLH11J  ,EDDF_LOWW
KLM90N  ,EGLC_EHAM
EAX1KS  ,LELL_LELL
SHT9E   ,EGPH_EGLL
TOM4LW  ,EGKK_LEAL
SAS49K  ,EGLL_EKCH
EWG3JK  ,EDDL_LEPA
RYR13NM ,LEPA_EDDK
FIN5LA  ,EFHK_ESSA
AUA200  ,EDDF_LOWW
THY7UL  ,LTFM_LTFE
GLACB   ,EGCB_EGCB
DLH4H   ,EGLL_EDDF
DLH6UJ  ,EDDF_EDDH
SAS709  ,EFHK_ESSA
SAS88E  ,ENGM_ENBR
RYR9NH  ,LIRF_LEBL
KLM20C  ,EHAM_EDDM
AAL87   ,EGLL_KORD
RYR86MJ ,LEPA_EDDK
KLM29M  ,EHAM_LEMD
VLG7TD  ,LEBL_LIMC
TVF55WP ,LPPR_LFPO
GOBBI   ,EGNH_EGNH
ANE86AT ,LEMD_LPPR
RYR2EM  ,LEIB_LEBL
AUA220  ,EDDF_LOWW
KLM40C  ,EDDM_EHAM
N603DP  ,EDML_EDML
WMT436  ,LIRF_LEBL
BAW7GV  ,EGLL_LSGG
SAS1415 ,ESSA_EKCH
DLH005  ,EDDH_EDDF
BAW834  ,EGLL_EIDW
AFR83VG ,LFPG_EHAM
BAW14R  ,EGLL_LSZH
EJU92DC ,LEPA_EGKK
AUA2LU  ,EDDF_LOWW
AUA212  ,EDDF_LOWW
CWL48   ,EGYD_EGYD
RYR54XE ,EGCC_EIDW
RYR62YA ,LIRF_LEMD
UAA99   ,EGQL_EGQL
AFR12ND ,EGLL_LFPG
KLM95B  ,EHAM_EKCH
NOZ54Z  ,ENGM_ENVA
AFR16UK ,LFMN_LFPO
AFR14QL ,LFPG_LIRF
DLH8HP  ,EDDF_EDDH
DEZHK   ,EDTG_EDTG
BAW406L ,EGLL_LEBL
EAX5E   ,LELL_LELL
RYR93NF ,LEBL_LIMC
KLM982  ,EGLC_EHAM
PHTDX   ,EHAM_EHAM
SCQZ5U  ,ENGK_ENGK
KLM7932 ,EHGG_EHGG
EWG33RF ,LEPA_EDDM
FHY1194 ,EDDL_LTAI
BAW442K ,EGLL_EHAM
VYT70   ,EGOV_EGOV
AFR29RR ,LIRF_LFPG
EWG9AX  ,EDDK_LEPA
EZY84WL ,EGKK_LEPA
SAS1474 ,EKCH_ENGM
AFR49EV ,LGAV_LFPG
UAT73   ,EGXT_EGXT
AAL47   ,EGLL_KORD
RYR1BL  ,LEBL_LIRF
RYR92HH ,LIRF_LEMD
NSZ3206 ,EKCH_ESSA
LFA103  ,EGTC_EGTC
DLH2F   ,LFPG_EDDF
HB2459  ,LSPA_LSPA
EWG3YH  ,LEPA_EDDL
AEA1146 ,LPPR_LEMD
VLG6HJ  ,LIRF_LEBL
SAS1410 ,EKCH_ESSA
DLH6J   ,LFPG_EDDF
SWR3PB  ,EHAM_LSZH
TAP1017 ,LEMD_LPPT
VLG2MR  ,LEBL_LIMC
EJU68CZ ,LEMD_LPPT
AAL99   ,EGLL_KORD
IBE30MC ,LEBL_LEMD
GRRGN   ,EGNX_EGNX
EIN2EM  ,EIDW_EGCC
DLH47F  ,LEMD_EDDF
EAI33CB ,EIDW_EGCC
TAP21MM ,LEMD_LPPT
EAI50E  ,EIDW_EGPH
BAW487E ,LEBL_EGLL
KLM43Y  ,EHAM_EIDW
TAP1010 ,LPPT_LEMD
VLG63XX ,LEBL_LIRF
IBS37LN ,EHAM_LEMD
DLH8UA  ,EDDF_EHAM
SWR7LH  ,LSZH_EDDB
FBY959S ,LEBG_LEBG
EJU59DP ,EGKK_LEPA
SAS1204 ,EKYT_EKCH
NOZ949  ,EKCH_ENGM
UAT903  ,EGXT_EGXT
DLH5CF  ,EDDH_EDDF
BAW438W ,EGLL_EHAM
ZODIAC74,EGNV_EGNV
AEA033  ,LEMD_LEMD
JOKER74 ,ETHN_ETHN
AFR39DC ,LFMN_LFPG
AUA2CT  ,EDDF_LOWW
AFR98AM ,LFPG_LFMN
KLM25J  ,EHAM_EKCH
DLH1F   ,LFPG_EDDF
AUA215  ,LOWW_EDDF
TVF4755 ,LEBL_LFPO
SHT8M   ,EGLL_EGPH
IBS39HY ,LEMD_LEPA
KLM89A  ,EHAM_EGCC
MORANAIX,LFMA_LFMA
SHT9Q   ,EGPH_EGLL
DLH1RK  ,EDDF_EDDH
WMT4Q   ,LEBL_LIRF
DLH8F   ,LFPG_EDDF
AFR56ZP ,LFPG_LFMN
VLG7QF  ,LEIB_LEBL
KLM52A  ,EIDW_EHAM
AFR63PQ ,LFMN_LFPG
TAP19UT ,LEMD_LPPT
IBS3919 ,LEPA_LEMD
KLM978  ,EGLC_EHAM
AEA25LB ,LEMD_LPPT
OYBBE   ,EKRK_EKRK
AUA205D ,LOWW_EDDF
DLH8M   ,EDDH_EDDM
THY6KN  ,LTFM_LTFE
AEA15ZE ,LEMD_LPPR
LHX2013 ,EDDL_EDDM
BAW828Y ,EGLL_EIDW
AFR32NT ,LFPG_LFMN
TAP1933 ,LPPR_LPPT
AEA83RQ ,LFPO_LEMD
BAW718  ,EGLL_LSZH
EZY34MV ,LEMG_EGKK
BAW314S ,EGLL_LFPG
EWG8DM  ,EDDH_LEPA
AUA219J ,LOWW_EDDF
EWG8MF  ,EDDH_LEPA
SPROY   ,EPML_EPML
DLH8PR  ,EDDF_EDDH
SHT8H   ,EGLL_EGPH
EWG1AY  ,EDDL_LEPA
SAS404  ,EKCH_ESSA
KLM68L  ,EGLL_EHAM
EWG2VR  ,EDDH_LEPA
RYR663  ,EGBB_EIDW
KLM1010 ,EGLL_EHAM
EJU8128 ,EGKK_LEPA
TVF67DV ,LFPO_LPPT
UAE2    ,EGLL_OMDB
ADM475  ,LPEV_LPEV
CFG203  ,LTAI_EDDL
HBSYH   ,LSZX_LSZX
EIN159  ,EGLL_EIDW
EZY79RQ ,LEAL_EGKK
NOZ64N  ,ENGM_ENVA
RYR1FL  ,LEPA_EGCC
KLM1825 ,EHAM_EDDF
DLH8LE  ,EDDF_EDDB
EAI58ZB ,EIDW_EGPH
SAS458  ,EKCH_ENGM
KLM91X  ,EHAM_LSZH
AEA1144 ,LPPR_LEMD
FIN5LQ  ,EFHK_ESSA
KLM91N  ,EHAM_EGCC
SAS410  ,EKCH_ESSA
EZY16AH ,EGCC_EHAM
SHT8U   ,EGLL_EGPH
TVF48QK ,LPPT_LFPO
EJU45AT ,LEBL_LFPG
VLG78L  ,LEMD_LEBL
EJU36HY ,LEMD_LPPT
VLG5QZ  ,LEMG_EHAM
BAW48HY ,EGLL_EHAM
EIN169  ,EGLL_EIDW
LFA202  ,EGTC_EGTC
VLG6HQ  ,EGKK_LIRF
NCKL08  ,EGUB_EGUB
SAS73B  ,ENVA_ENGM
BAW908N ,EGLL_EDDF
DEUCK   ,EDMA_EDMA
DLH4KK  ,EDDH_EDDF
VLG3VN  ,LEMG_EHAM
KLM1814 ,EDDF_EHAM
NOZ822  ,ENGM_ESSA
RYR814M ,LPPR_LEMD
TAP15NC ,LEMD_LPPT
SAS52L  ,EKCH_ENGM
VLG6334 ,LEBL_LIMC
AEA34UK ,LEMD_LPPR
EIN16C  ,EGLL_EIDW
EJU87GK ,LFMN_LFPO
AUA204  ,EDDF_LOWW
GCMCZ   ,EGLK_EGLK
EAI69M  ,EIDW_EGCC
TAP1921 ,LPPR_LPPT
DLH2AC  ,EDDM_EDDH
DLH7VL  ,EDDM_EDDH
KLM1821 ,EHAM_EDDF
NSZ3231 ,ENGM_EKCH
VLG44DD ,LEBL_LFPG
SAS71A  ,ENBO_ENGM
RYR16PT ,LIRF_LEBL
BAW474K ,EGLL_LEBL
EZY51XA ,EGKK_LPFR
AEA83RR ,LIRF_LEMD
BAW472M ,EGLL_LEBL
ZODIAC72,EGNV_EGNV
RYR77PW ,LIRF_LEBL
AFR15GB ,EGLL_LFPG
TAP1931 ,LPPR_LPPT
AFR18GY ,LFPG_LFMN
NSZ3220 ,EKCH_ENGM
DLH178  ,EDDF_EDDB
DLA7MU  ,EHAM_EDDM
TRA9K   ,EHAM_LPPT
DLH3KA  ,EDDM_EHAM
AEA1140 ,LPPR_LEMD
BAW9JT  ,LPPT_EGLL
EJU62BW ,EGKK_LPFR
ITY1701 ,LIML_LICZ
DEELV   ,EDCM_EDCM
IBE30FK ,LEMD_LEBL
DLH1PK  ,EHAM_EDDM
KLM98E  ,LPPT_EHAM
DLH8J   ,LFPG_EDDF
ITY1723 ,LIML_LICZ
EAX3J   ,LELL_LELL
EFW2BZ  ,EGKK_LEMG
BAW82DM ,EGLL_EIDW
FGTZY   ,LFBD_LFBD
UAE79Y  ,EGLL_OMDB
DLH7VT  ,EDDF_EDDB
DLH2VV  ,EDDM_EDDH
EJU49LG ,LEMD_LPPT
AFR32TL ,LFPG_LFMN
RYR3GP  ,LEPA_EDDK
NOZ932  ,ENGM_EKCH
GBONW   ,EGCB_EGCB
KLM47K  ,EHAM_EGCC
BAW816  ,EGLL_EKCH
IBE31AC ,LEMD_LPPT
AFR26TQ ,LFMN_LFPG
IBS37JA ,EHAM_LEMD
KLM42Y  ,LEMD_EHAM
EZY6461 ,EGKK_LPFR
BAW72J  ,EGLL_LSGG
EJU17RA ,LFPO_LFMN
UAE7    ,OMDB_EGLL
EWG4CH  ,LEPA_EDDK
VLG25CQ ,LEIB_LEBL
RYR6C   ,EIDW_EGSS
CWL44   ,EGYD_EGYD
EJU4860 ,LFMN_LFPO
BAW736  ,EGLL_LSGG
KLM41N  ,EHAM_EGCC
NOZ6DV  ,ENGM_ENVA
NOZ8ME  ,ENGM_ENVA
AFR53EQ ,LFPG_LFMN
KLM24J  ,EDDF_EHAM
AFR17EK ,LFPG_LEBL
DLH1YH  ,EDDL_EDDM
DLH3LY  ,EDDM_EDDH
EWG7XG  ,LEPA_EDDH
RYR2051 ,LEMD_LEPA
KLM80Z  ,LPPT_EHAM
TAP1929 ,LPPR_LPPT
AFR13JA ,LFPG_EDDF
AFR18JF ,LFMN_LFPG
SAS364  ,ENGM_ENVA
FDX6372 ,LEBL_LFPG
EJU64QV ,LEBL_LPPT
EZY91RT ,EHAM_EGCC
DLH5HN  ,EDDH_EDDF
AUA2PD  ,LOWW_EDDF
ITY715  ,LGAV_LIRF
TAP35MT ,LPPR_LPPT
LHX2019 ,EDDL_EDDM
FJIRZ   ,LFCL_LFCL
EAI67F  ,EGCC_EIDW
SHT8P   ,EGLL_EGPH
NOZ941  ,EKCH_ENGM
SAS550  ,EHAM_EKCH
EWG4Y   ,LEPA_EDDL
DEMBN   ,EDFE_EDFE
KLM73A  ,EHAM_EGLL
SAS1475 ,ENGM_EKCH
AEA43TN ,LFPO_LEMD
SHT7H   ,EGPF_EGLL
ABR293  ,LFPG_LEBL
VLG3PU  ,EGLL_LEBL
THY1BY  ,LTFM_LTFE
DIWAW   ,EDMA_EDMA
GSW1PM  ,LEPA_LSZH
SAS483  ,ESSA_ENGM
SAS332  ,ENGM_ENVA
KLM1266 ,EKCH_EHAM
AUA214  ,EDDF_LOWW
GRVRO   ,EGGP_EGGP
AEA19AP ,LEMD_LEPA
GBOIL   ,EGCB_EGCB
SAS73A  ,ENGM_EKCH
FBY99T  ,LEBG_LEBG
EWG82C  ,LEPA_EDDL
OEDAP   ,LOAN_LOAN
DLH67Y  ,LEMD_EDDF
WUK20PV ,LEMG_EGKK
IBE30EG ,LEMD_LPPR
AOS50   ,EGBJ_EGBJ
KLM48G  ,EHAM_LSZH
AFR85MP ,LFMN_LFPG
DLH96V  ,LFPG_EDDM
ITY2055 ,LIML_LIRF
DLH3F   ,LFPG_EDDF
SAS40G  ,ESSA_EKCH
WMT7331 ,LIRF_LEBL
SCQ4D   ,ENGK_ENGK
AFR67TC ,LFPG_EHAM
CFE67W  ,EGLC_EHAM
AFR7313 ,LFMN_LFPG
KLM84F  ,LFPG_EHAM
SAS488  ,ENGM_ESSA
TUI7AJ  ,LEPA_EDDL
EAI56RC ,EIDW_EGPH
FBY148S ,LEBG_LEBG
IBS3811 ,LEIB_LEMD
DLH1PT  ,EDDF_EDDB
AEA6025 ,LEMD_LEIB
BAW822  ,EGLL_EKCH
NSZ3230 ,EKCH_ENGM
ITY2013 ,LIML_LIRF
EZY26QW ,LEMG_EGKK
AUA2B   ,EDDF_LOWW
NOZ933  ,EKCH_ENGM
NSZ3234 ,EKCH_ENGM
AFR74QY ,LFPO_LFMN
NSZ2613 ,ESSA_EFHK
KLM44Y  ,EKCH_EHAM
DMHIK   ,EDLT_EDLT
THY7WD  ,LTFM_LTFE
AFR68MJ ,LFPG_LFMN
9HSLL   ,EGNX_EGNX
VLG4BK  ,LFPO_LEBL
ITY721  ,LGAV_LIRF
KLM44L  ,LPPT_EHAM
IBE30RR ,LPPR_LEMD
BAW960M ,EGLL_EDDM
RYR7VH  ,LEMD_LEPA
DHEMS   ,EDKB_EDKB
BAW484C ,EGLL_LEBL
UAE4    ,EGLL_OMDB
NSZ3194 ,EKCH_ESSA
SHT7X   ,EGPF_EGLL
HBLZH   ,LSZB_LSZB
KLM1853 ,EHAM_EDDM
RJA118  ,LFPG_EDDF
SWR5KP  ,EHAM_LSZH
EZY36CP ,EGKK_LEBL
NOZ948  ,ENGM_EKCH
RYR2067 ,LEIB_LEMD
VLG7DC  ,LEIB_LEBL
DLH4PH  ,EDDF_EDDB
AFR35XP ,LFMN_LFPG
AEA61MJ ,LEMD_LEPA
ABR234  ,LIRF_LEBL
BAW814L ,EGLL_EKCH
KLM83R  ,EHAM_EDDM
TAP68DC ,LPPT_EGLL
SAS1470 ,EKCH_ENGM
VLG2HN  ,EGLL_LEBL
SAS338  ,ENGM_ENVA
DLH19U  ,LFPG_EDDM
TAP38KJ ,LPPT_LEBL
AFR59DA ,LFPG_EHAM
KLM1016 ,EGLL_EHAM
FIN3EJ  ,EFHK_ESSA
RYR2334 ,LEMG_EHAM
HBSHB   ,LSZR_LSZR
DLH5HW  ,EDDH_EDDF
OXF31   ,EGTK_EGTK
DLH9A   ,EHAM_EDDF
NOZ58W  ,ENGM_ENVA
ECOAZ   ,LECU_LECU
DLH2TN  ,EDDL_EDDM
DLH9YA  ,EDDH_EDDF
EZY38PN ,EGKK_LEMG
TAP1014 ,LPPT_LEMD
RYR2085 ,LEIB_LEMD
EZY84BT ,EGKK_LEPA
KLM1138 ,EIDW_EHAM
GCDZG   ,EGCB_EGCB
SAVAGE11,EGNV_EGNV
VLG58UB ,LEPA_LEBL
ITY2049 ,LIML_LIRF
SAS50T  ,EFHK_ESSA
EWG64B  ,EDDH_LEPA
RYR4YT  ,LIRF_LICZ
TVF19YV ,LEMD_LFPO
DLH27J  ,LFPG_EDDM
PH0A2   ,EHRD_EHRD
ETP104  ,EGDM_EGDM
VLG28XY ,LIRF_LEBL
UAE7CN  ,EGLL_OMDB
DLH1EY  ,EDDF_EDDB
SAS56C  ,ENVA_ENGM
EIN161  ,EGLL_EIDW
AEA52EE ,LEMD_LPPT
AFM03A  ,LFLU_LFLU
EJU49UT ,LEBL_LFPG
PCH391  ,LSZC_LSZC
AFR44PY ,LFPG_EHAM
EAI57EB ,EGPH_EIDW
BAW902N ,EGLL_EDDF
GBXAB   ,EGCB_EGCB
ABCD    ,EGWN_EGWN
BAW486  ,EGLL_LEBL
FHZAM   ,LFCL_LFCL
EWG5ZH  ,LEPA_EDDH
EJU47RC ,LEMG_EHAM
VYT94   ,EGOV_EGOV
DLH5UP  ,EDDF_EDDB
THY6TF  ,EGLL_LTFM
AEE65R  ,LGAV_LIRF
GRAWM   ,EGLD_EGLD
NOZ42U  ,ENGM_ENVA
QFA2    ,EGLL_LTFM
UAE1J   ,EGLL_OMDB
HBNPP   ,LSZX_LSZX
IBS3849 ,LEMD_LEMD
AEA81ML ,LEIB_LEMD
SAS85F  ,ENGM_EKCH
IBS39UA ,LEMD_LEPA
SYS144  ,EGOS_EGOS
AFR22KD ,LFPG_EDDF
IBS3809 ,LEIB_LEMD
DLH099  ,EDDM_EDDF
UAE4PY  ,OMDB_EGLL
GILDA   ,EGHR_EGHR
EJU89WP ,LFPO_LFMN
DLH4NL  ,EDDL_EDDM
ITY7CA  ,LIRF_LICZ
EFW8PC  ,EGKK_LEMG
ZODIAC52,EGNV_EGNV
SAS39C  ,ESSA_EKCH
FIN4RA  ,ESSA_EFHK
RYR82PL ,LEMD_LPPR
SAS57F  ,EFHK_ESSA
SAS491  ,ESSA_ENGM
ECCZO   ,LECU_LECU
DLH2XH  ,EDDF_EDDH
VLG9LN  ,LEAL_EGKK
EJU6701 ,LPPT_LEBL
EIN497  ,LPFR_EIDW
UAE6    ,EGLL_OMDB
NOZ1BG  ,ENBO_ENGM
DLH07P  ,EDDF_LEMD
BAW830D ,EGLL_EIDW
FHOLK   ,LFPN_LFPN
EDW57P  ,LEPA_LSZH
OCN17G  ,LEPA_EDDF
AFR95DM ,LFMN_LFPO
IBE34WT ,LFPO_LEMD
TAP1939 ,LPPR_LPPT
D2011   ,EDNY_EDNY
NSZ8MV  ,EKCH_ESSA
PGT70CL ,LTAI_EDDK
KLM998  ,EGLC_EHAM
SEH2FI  ,LGAV_LIRF
EJU83GT ,LFMN_LFPG
RYR6XM  ,EIDW_EGCC
KLM40Q  ,EDDM_EHAM
GSEJW   ,EGSH_EGSH
DLH8AM  ,EDDF_EDDB
BAW4DC  ,EGLL_LFPG
FBY32B  ,LEBG_LEBG
FBY32E  ,LEBG_LEBG
EAX5F   ,LELL_LELL
DLH9PH  ,EDDM_EDDF
FIN4XD  ,ESSA_EFHK
SAS886  ,ENGM_ESSA
DLH76V  ,LEPA_EDDF
DLH8RY  ,EDDL_EDDM
BAW7YT  ,EGLL_LEBL
EJU67LX ,EGCC_LEPA
KLM1406 ,LFPG_EHAM
ITY1731 ,LIRF_LICZ
SAS4124 ,ENGM_ENBO
N25Y    ,LOWS_LOWS
RYR2063 ,LEMD_LEPA
SAS1472 ,EKCH_ENGM
SAS1465 ,ENGM_EKCH
GWI2AE  ,EDDM_EDDH
KLM66U  ,LEMD_EHAM
AEZ155Z ,LIRF_LICZ
SAS83D  ,EKCH_ENGM
PGT5SM  ,LTAI_EDDK
SAS4105 ,ENBO_ENGM
VLG5YA  ,LPPT_LEBL
NOZ347  ,ENBO_ENGM
DLH54E  ,LFPG_EDDM
SWR97Y  ,LSZH_EDDB
VLG4XT  ,LEBL_EGKK
EZY78RV ,EGCC_EHAM
IBE30AV ,LEBL_LEMD
KLM84G  ,EGLL_EHAM
NOZ60M  ,ENGM_ENVA
FBY42A  ,LEBG_LEBG
KZR918  ,LTFM_OMDB
TCUUH   ,LTBW_LTBW
DEYBR   ,EDML_EDML
NOZ9T   ,ENVA_ENGM
ETP101  ,EGDM_EGDM
NOZ3J   ,ENVA_ENGM
SAS55C  ,ENGM_ESSA
CWL49   ,EGYD_EGYD
FBY32P  ,LEBG_LEBG
SHT8R   ,EGLL_EGPH
DLH5PX  ,EDDL_EDDM
ANE46RJ ,EDDF_LEMD
EIN179  ,EGLL_EIDW
ADM400S ,LPEV_LPEV
EJU51MH ,LPPR_LEMD
HELCAT52,EGNV_EGNV
SAS1407 ,ESSA_EKCH
EAX4F   ,LELL_LELL
FHBBY   ,LFPZ_LFPZ
VLG172W ,LEBL_LEIB
SAS4107 ,ENBO_ENGM
TOM63D  ,EGCC_LEPA
OODNG   ,EBZH_EBZH
SAS366  ,ENGM_ENVA
AOS47   ,EGBJ_EGBJ
KLM34E  ,EDDM_EHAM
UAY11   ,EGWC_EGWC
NOZ5DP  ,ENVA_ENGM
IBE33RR ,LIRF_LEMD
IBS3810 ,LEMD_LEIB
DLH202  ,EDDF_EDDB
RYR69XB ,LPPR_LEMD
EAI7BM  ,EIDW_EGCC
DLH42P  ,LEMD_EDDF
RYR97XR ,LEBL_LEIB
KLM45H  ,EHAM_LEMD
TRA32A  ,LEBL_EHAM
DLH1V   ,LOWW_EDDF
GWI58VF ,EDDH_EDDM
EZY79YH ,EGGP_EGGP
EZY39QU ,EHAM_EGCC
UAT891  ,EGXT_EGXT
NOZ816  ,ENGM_ESSA
ITY1733 ,LIRF_LICZ
SAS708  ,ESSA_EFHK
VYT81   ,EGOV_EGOV
EWG6ET  ,LEPA_EDDH
EXM18   ,EGTK_EGTK
ANE8706 ,LEMD_EDDF
VLG3521 ,LEIB_LEBL
SAS4122 ,ENGM_ENBO
SAS1456 ,EKCH_ENGM
GARYS   ,EGNU_EGNU
OKDUS88 ,LKPD_LKPD
NOZ633  ,ENBR_ENGM
FIN7KA  ,ESSA_EFHK
EAI31FG ,EGPH_EIDW
EWG75GF ,EDDL_LEPA
BAW480N ,EGLL_LEBL
SAS4117 ,ENBO_ENGM
THY7MU  ,LTFM_LTFE
SAS4112 ,ENGM_ENBO
EAI33HP ,EIDW_EGPH
GCEZL   ,EGTR_EGTR
DLH8MH  ,EHAM_EDDM
NOZ1TT  ,ENGM_ENBR
THY7JE  ,EGLL_LTFM
HB2314  ,LSZL_LSZL
AFR1454 ,LFPG_DAAG
VLG6SP  ,LFPO_LEBL
THY2CR  ,LTAI_LTFM
THY8VL  ,EGLL_LTFM
SWT101  ,LEMD_LEPA
VLG615G ,LEPA_LEBL
DLH028  ,EDDF_EDDH
DLH9MW  ,EDDF_EDDB
DLH1VK  ,EDDF_EDDB
NOZ804  ,ENGM_ESSA
CRIMSON2,EGHH_EGHH
DLH3ML  ,EDDM_EDDF
VLG95UN ,LFPG_LEBL
CWL35   ,EGYD_EGYD
EIN16T  ,EGLL_EIDW
FIN7KF  ,ESSA_EFHK
NOZ1YE  ,ENVA_ENGM
AVA229A ,LEMD_SKBO
ADM367  ,LPEV_LPEV
RYR8PX  ,LEPA_LEBL
TAP1022 ,LPPT_LEMD
ABLE03  ,EGLK_EGLK
SIA318  ,WSSS_EGLL
SAS1471 ,ENGM_EKCH
SYS114  ,EGOS_EGOS
DLH2WT  ,EDDM_EDDF
RYR5MK  ,EDDK_LEPA
VLG2BW  ,LEPA_LEBL
VLG8AT  ,LEBL_LEMD
KLM74L  ,LPPT_EHAM
RYR9CU  ,EIDW_EGCC
EJU35QC ,LEPA_EGCC
SAS354  ,ENGM_ENVA
EIN183  ,EGLL_EIDW
MABSG   ,EGTK_EGTK
BCS6359 ,LEMD_EDDF
IBS3973 ,LEPA_LEMD
GCGFG   ,EGCB_EGCB
EJU63RL ,LFPG_LEBL
CWL32   ,EGYD_EGYD
EAI38D  ,EGCC_EIDW
BAW3PG  ,EGLL_LFPG
ITY1711 ,LIRF_LICZ
ULR1    ,EGPD_EGPD
SXS1XU  ,LTAI_EDDK
IBE3108 ,LEMD_LPPT
SAS44D  ,EKCH_ESSA
DLH9HW  ,EDDB_EDDM
BAW910N ,EGLL_EDDF
EAX5G   ,LELL_LELL
FIN1TC  ,EFHK_ESSA
NSZ3089 ,EKYT_EKCH
CWL42   ,EGYD_EGYD
EIN2CJ  ,EGCC_EIDW
KLM1274 ,EKCH_EHAM
IBE31LL ,LPPT_LEMD
SAS4113 ,ENBO_ENGM
IBE33TA ,LEMD_LIRF
KLM33K  ,EHAM_LEMD
VLG1GM  ,LIRF_LEBL
EZY95TW ,LPFR_EGKK
SAS358  ,ENGM_ENVA
AEA1153 ,LEMD_LPPT
EWG44P  ,EDDL_LEPA
OEBXQ   ,LOWG_LOWG
CES771  ,EDDF_EHAM
EZY37FC ,LEPA_EGKK
RYR553  ,EGCC_EIDW
AFR24WQ ,LFPG_EHAM
PGT64TV ,LTFJ_LTFE
LIFELN2 ,EHRD_EHRD
AFR15QN ,LFPG_LFMN
VLG7QV  ,LEPA_LEBL
AEZ15TR ,LIRF_LICZ
BAW821C ,EKCH_EGLL
RYR818  ,EIDW_EGPH
RYR479L ,LEMD_LPPR
DLH001  ,EDDH_EDDF
FBY18N  ,LEBG_LEBG
AFR1440 ,LFPG_EHAM
EZY84JU ,EHAM_EGCC
EWG581  ,LEPA_EDDK
EAX3E   ,LELL_LELL
SAS26K  ,ENGM_ENBO
TVF85NQ ,LFPO_LPPR
NOZ617  ,ENBR_ENGM
VJT659  ,LFPG_LFMN
PGT63BB ,EDDK_LTAI
EZY32PB ,EHAM_EGCC
DLH8FN  ,EDDM_EDDF
BAW84W  ,EGLL_EIDW
UAE70M  ,OMDB_EGLL
EWG96JY ,LEPA_EDDH
FHFFF   ,LFMA_LFMA
BAW84DM ,EGLL_EIDW
SYS26   ,EGOS_EGOS
EZY34EU ,EGKK_LPFR
UAY15   ,EGWC_EGWC
FBY51D  ,LEBG_LEBG
AEA6049 ,LEMD_LEPA
SAS2551 ,EKCH_EHAM
SAS81A  ,ENVA_ENGM
EAI52NE ,EIDW_EGPH
EJU52DB ,LPPT_LEMD
EZY74KY ,EGCC_EHAM
DLH1WA  ,EDDF_EDDM
RYR99JC ,EGCC_EIDW
AFR65VG ,LFPG_EDDM
NOZ50A  ,ENGM_ENBO
UAY99   ,EGWC_EGWC
AFR51RY ,LFMN_LFPO
TOM9DA  ,EGKK_LEPA
SXS66M  ,EDDK_LTAI
NOZ605  ,ENBR_ENGM
EZY23UB ,LEPA_EGKK
GVONI   ,EGBG_EGBG
SAS96D  ,ENGM_ENBO
EJU81MA ,LFMN_LFPG
ITY717  ,LGAV_LIRF
AEA052  ,LEMD_LEMD
SAS263  ,ENGM_ENBR
AFR1049 ,LEBL_LFPG
RYR23VR ,EIDW_EGPH
KLM92W  ,EKCH_EHAM
DLH3YH  ,EDDL_EDDM
TAP18YT ,LPPT_LEMD
FGNNO   ,LFPZ_LFPZ
VLG745H ,LEPA_LEBL
RYR66WV ,EIDW_EGSS
FBY32F  ,LEBG_LEBG
AEE5RF  ,LGAV_LIRF
IBS3833 ,LEMD_LEMD
SAS67B  ,ENGM_ENBO
NOZ51Q  ,ENVA_ENGM
SAS454  ,EKCH_ENGM
ITY719  ,LGAV_LIRF
NOZ601  ,ENBR_ENGM
AUA2E   ,LOWW_EDDF
GBLVI   ,EGLK_EGLK
EIN151  ,EGLL_EIDW
EAX2L   ,LELL_LELL
KLM46B  ,EKCH_EHAM
THY3PJ  ,EGLL_LTFM
GMACR   ,EGBJ_EGBJ
IBE33ZD ,LEMD_LIMC
BAW12   ,WSSS_EGLL
BCS3316 ,EKCH_ENGM
SHT9W   ,EGPH_EGLL
DLH2YU  ,EDDH_EDDF
DLH9AA  ,EDDH_EDDF
NOZ632  ,ENGM_ENBR
SAS1214 ,EKYT_EKCH
NOZ606  ,ENGM_ENBR
EAI33XY ,EGPH_EIDW
NOZ623  ,ENBR_ENGM
KLM1412 ,LFPG_EHAM
EFW3XB  ,LEMG_EGKK
BAW710R ,EGLL_LSZH
RYR6MZ  ,EIDW_EGKK
PGT10GM ,LTAI_EDDL
KLM1031 ,EHAM_EGCC
NOZ2KT  ,ENGM_ENVA
AFR69TB ,LFMN_LFPG
RYR48SY ,LEMD_LIMC
NOZ611  ,ENBR_ENGM
DLH8RP  ,EDDL_EDDM
AFR18CZ ,LFPG_EDDM
IBS3920 ,LEMD_LEPA
UPS207  ,EIDW_EGSS
EWG587  ,LEPA_EDDK
RYR7ND  ,LEIB_LEBL
RYR2050 ,LEPA_EDDH
KLM1921 ,EHAM_LSZH
SAS51E  ,EKCH_ESSA
RYR72NC ,LEBL_LEIB
RYR88MP ,EIDW_EGCC
SAS549  ,EKCH_EHAM
NOZ93E  ,ENVA_ENGM
LFA105  ,EGTC_EGTC
SAS268  ,ENBR_ENGM
PCH504  ,LSZC_LSZC
VLG8HE  ,LEBL_LEIB
ITY2021 ,LIML_LIRF
OCN3RK  ,LEPA_EDDM
BCS715P ,LEMD_LIMC
SHT8W   ,EGLL_EGPH
BAW820  ,EGLL_EKCH
RSQ08   ,EHMZ_EHMZ
RYR75RH ,LEMD_LEPA
NOZ44A  ,ENGM_ENVA
EJU75LM ,LEBL_LIMC
DLH4CR  ,EDDH_EDDF
NSZ3093 ,EKYT_EKCH
GBBXW   ,EGBJ_EGBJ
EJU63GE ,LFPG_LFMN
NOZ806  ,ENGM_ESSA
EJU56TY ,LFMN_LFPG
KLM7914 ,EHGG_EHGG
IBS39VB ,LEMD_LEMD
EXS16PL ,EGCC_LEPA
IBS3808 ,LEMD_LEIB
RYR9YE  ,LIRF_LICZ
TRA1B   ,LEMG_EHAM
AFR18TD ,LFPG_EDDM
KLM68J  ,EDDM_EHAM
DHXCA   ,EDKB_EDKB
NOZ620  ,ENGM_ENBR
BAW437Z ,EHAM_EGLL
RYR3129 ,LEBL_LEIB
VLG29VQ ,LEPA_LEBL
ANE19VM ,LPPR_LEMD
WIF7VB  ,ENBO_ENVA
GWI1BA  ,EDDH_EDDM
AEA51RM ,LEMD_LEPA
KLM1849 ,EHAM_EDDM
BDN65   ,EGDM_EGDM
PIRATE71,EGNV_EGNV
DMLSS   ,EDCM_EDCM
AFR43PT ,EHAM_LFPG
SXS8NQ  ,LTAI_EDDK
VLG8SF  ,LFPG_LEBL
DLH2PF  ,EDDB_EDDM
OCN3TM  ,LEPA_EDDF
RYR48CB ,LEPA_LEBL
NOZ3ET  ,ENGM_ENVA
WUK4TS  ,EGKK_LEMG
KLM1856 ,EDDM_EHAM
TVF57VA ,LFPO_LEBL
SAS93F  ,EKCH_ENGM
FDX5201 ,EIDW_EGSS
TVF21UC ,LPPR_LFPO
NOZ40T  ,ENGM_ENVA
EAX2KS  ,LELL_LELL
FHDGN   ,LFPN_LFPN
ANE8712 ,LEMD_EDDF
UAH438  ,EGYD_EGYD
SAS1429 ,ESSA_EKCH
IBS38HT ,LEMD_LEIB
SHT8B   ,EGLL_EGPH
RYR95VF ,EDDH_LEPA
DLH1RX  ,EDDB_EDDF
TAP10MA ,LPPT_LEMD
DLH7YC  ,EDDH_EDDF
SXS94Y  ,LTAI_EDDK
NSZ3228 ,EKCH_ENGM
DLH6E   ,EDDH_EDDM
EJU43XM ,LIMC_LEBL
DMCTC   ,EDVM_EDVM
DLH4CF  ,EDDF_EDDM
SYS75   ,EGOS_EGOS
SAS42P  ,ENBR_ENGM
EJU54RN ,LIMC_LEBL
THY9CE  ,EGLL_LTFM
VLG93TT ,LEBL_LEMD
DLH92N  ,LFPG_EDDM
RYR4FE  ,EIDW_EGSS
RYR2776 ,LEPA_LEMD
SAS41K  ,ESSA_EKCH
KLM31H  ,EHAM_LEMD
SAS373  ,ENVA_ENGM
THY8NA  ,LTFM_LTFE
NOZ6MH  ,ENVA_ENGM
AEA60GX ,LEMD_EDDF
BAW826Q ,EGLL_EIDW
VLG37FX ,LEBL_LIRF
DLH7JA  ,EDDM_EHAM
EJU89XB ,LFPG_LFMN
NSZ3095 ,EKYT_EKCH
TVF99VG ,LFPO_LEMD
AFR1518 ,LFPG_EDDF
RYR37UQ ,EDDH_LEPA
VLG5XW  ,LEPA_LEBL
SXS2WN  ,LTAI_EDDL
RYR1EP  ,EGCC_EIDW
DECMI   ,EDMA_EDMA
AFR88PN ,LFML_LFPG
SAS1208 ,EKYT_EKCH
TRA5958 ,LPPT_EHAM
EWG4NK  ,LEPA_LSZH
UAT871  ,EGXT_EGXT
DLH7PK  ,EDDF_EDDB
RYR44DX ,LEMD_LEIB
GCHDX   ,EGNU_EGNU
DLH8AX  ,EDDH_EDDF
RYR3KV  ,EGCC_EIDW
RYR2084 ,LEMD_LEIB
VLG4ZW  ,LEPA_LEBL
SAS77K  ,ENGM_EKCH
AEE652  ,LGAV_LIRF
RYR4852 ,LIRF_LICZ
EJU94CB ,LFPG_LEBL
CFE23X  ,EGLC_EHAM
THY6115 ,LTFM_LTFM
SXS2VK  ,LTAI_EDDL
EZY94CL ,LEAL_EGCC
PGT54XR ,LTFJ_LTFE
BADAK07 ,LPBJ_LPBJ
SAS61C  ,ENGM_ENVA
SWR2HE  ,LEPA_LSZH
KLM94M  ,EKCH_EHAM
QTR55J  ,WSSS_EGLL
VLG2AR  ,LEBL_LEIB
UAE6RM  ,LTFM_OMDB
CWL45   ,EGYD_EGYD
AFR89FM ,LFPO_LFMN
GLKVA   ,EGLK_EGLK
IBS39PQ ,LEMD_LEMD
DLH8MM  ,EDDF_EDDM
ITY2038 ,LIRF_LIML
SAS1467 ,ENGM_EKCH
UAE42   ,EGLL_OMDB
CFE779  ,EGLC_EHAM
RYR9TX  ,LIRF_LICZ
TOM8JB  ,LPFR_EGKK
HBZUY   ,LSZL_LSZL
RYR7DJ  ,EIDW_EGSS
WMT32FN ,LEBL_LIRF
NSZ2617 ,ESSA_EFHK
KLM95Y  ,EHAM_EDDF
HBYXA   ,LSMA_LSMA
AFR47FK ,LFPG_EDDM
EJU45UT ,LEBL_LIMC
AEA50DT ,LEPA_LEBL
GDERH   ,EGCJ_EGCJ
SAS291  ,ENGM_ENBR
EJU6723 ,LPPT_LEMD
VLG3YG  ,LEBL_LEPA
SAS80M  ,EHAM_ENGM
NOZ815  ,ESSA_ENGM
NOZ638  ,ENGM_ENBR
EWG3NK  ,LSZH_EDDB
GDEOV   ,EGNU_EGNU
NOZ805  ,ESSA_ENGM
IBE32GV ,LEMD_LIMC
VLG7FA  ,LEBL_LEIB
EXS1MA  ,EGCC_LEPA
PGT18DW ,LTFJ_LTFE
UAW85   ,EGDX_EGDX
IBE31FM ,LPPT_LEMD
VLG858L ,LEBL_LEIB
FDB2MF  ,LTFM_OMDB
NSZ3221 ,ENGM_EKCH
EAI53BS ,EGPH_EIDW
HELCAT53,EGNV_EGNV
NOZ818  ,ENGM_ESSA
GRVTX   ,EGUB_EGUB
AFR15SV ,LFPG_LFMN
WIF55C  ,ENBO_ENVA
NOZ940  ,ENGM_EKCH
VLG1DN  ,LEBL_LFPG
DENXA   ,EDDV_EDDV
NOZ813  ,ESSA_ENGM
NOZ96F  ,ENGM_ENVA
FIN805  ,EFHK_ESSA
DISLA   ,EDMA_EDMA
IBE31FW ,LEMD_EDDF
EAI59LD ,EGPH_EIDW
FJBAY   ,LFMA_LFMA
DLH64M  ,EDDM_LFPG
RYR6SP  ,LGAV_LIRF
SAS281  ,ENGM_ENBR
BEL3KK  ,EBMB_LEMD
FBY870S ,LEBG_LEBG
AEA31SN ,LPPT_LEMD
SWR558F ,LSZH_EDDB
ETP103  ,EGDM_EGDM
TAP1685 ,LPPT_LPMA
WIF2E   ,ENBO_ENVA
NSZ3235 ,ENGM_EKCH
ITY2080 ,LIRF_LIML
NOZ56U  ,ENGM_ENBO
ITY1719 ,LIRF_LICZ
BLADE05 ,LPBJ_LPBJ
TAP1016 ,LPPT_LEMD
SWR1TC  ,LEPA_LSZH
NSZ3207 ,ESSA_EKCH
EZY61WD ,EGCC_EHAM
EJU32KZ ,LFMN_LFPO
PGT5002 ,EDDL_LTAI
EIN209  ,EGCC_EIDW
VLG6628 ,EGKK_LEBL
WMT8B   ,LIML_LICZ
RYR71JP ,EIDW_EGCC
LHX2018 ,EDDM_EDDL
DLH1927 ,EDDB_EDDM
AFR56UG ,LFPG_EKCH
BAW109  ,EGLL_OMDB
DLH5UY  ,EDDM_EDDF
RYR66XZ ,EIDW_EGKK
DETLN   ,EDFE_EDFE
ITY2092 ,LIRF_LIML
NSZ2616 ,EFHK_ESSA
TOM1ET  ,LEPA_EGKK
FIN8AZ  ,EFHK_ESSA
WIF6HV  ,ENBO_ENVA
ITY1759 ,LIRF_LICZ
CRIMSON1,EGHH_EGHH
KLM1850 ,EDDM_EHAM
NOZ616  ,ENGM_ENBR
HELLCT51,EGNV_EGNV
VLG9PK  ,LEIB_LEMD
NOZ612  ,ENGM_ENBR
DLH92T  ,EDDF_LEMD
EJU19NF ,LSZH_EDDB
N       ,EGCJ_EGCJ
EZY15NA ,EGKK_LEPA
EAI35BG ,EIDW_EGPH
EJU15EA ,EGCC_EHAM
PHSAE   ,EHLE_EHLE
DLH3YY  ,EDDF_EDDM
AFR17DD ,LFML_LFPG
BAW482P ,EGLL_LEBL
GEEKK   ,EGTB_EGTB
GEEGU   ,EGSH_EGSH
SAS64K  ,LFPG_EKCH
FBY796S ,LEBG_LEBG
AEA73KH ,LEMD_EDDF
NSZ3224 ,EKCH_ENGM
SAS55P  ,ESSA_ENGM
BCS6360 ,EDDF_LEMD
SAS355  ,ENVA_ENGM
DEEKL   ,EDMA_EDMA
SPSMG   ,EPPO_EPPO
SXS3ND  ,LTAI_EDDL
HB3296  ,LSPA_LSPA
NOZ643  ,ENBR_ENGM
FIN5RC  ,ESSA_EFHK
NSZ3DQ  ,ESSA_EFHK
HBHHH   ,LSZC_LSZC
OEKMA   ,LOWG_LOWG
DLH9VT  ,EDDF_EDDM
EJU97DK ,LFPO_LFMN
BEL4ZG  ,EBMB_LEMD
EJU81WG ,LFPG_LFMN
SAS885  ,ESSA_ENGM
AFR68MQ ,EHAM_LFPG
NOZ5AY  ,ENZV_ENGM
AEA66LQ ,LPPT_LEMD
EJU89CT ,LFMN_LFPO
AEA31BA ,LPPT_LEMD
IBE6831 ,LEMD_LEMD
RYR2VX  ,EGSS_EIDW
RYR28WZ ,EIDW_EGSS
RYR8GT  ,LEPA_EDDH
FIN8LF  ,ESSA_EFHK
DLH3EM  ,EDDB_EDDM
WUK6KE  ,EGKK_LPFR
DLH3UP  ,EDDM_EDDL
TVF55RC ,LPPR_LFPO
EFW1SM  ,LEPA_EGKK
DLH9YC  ,EDDM_EDDL
FIN4AW  ,ESSA_EFHK
THY2TX  ,EGLL_LTFM
TRA5957 ,EHAM_LPPT
SWT5748 ,LFML_LFPG
HBDMS   ,LSZL_LSZL
GWI1XP  ,EDDM_EDDH
VLG56TQ ,LEBL_LEIB
NSZ9BH  ,EKYT_EKCH
SAS496  ,ENGM_ESSA
EWG8JB  ,EDDM_LEPA
EJU31NT ,EKCH_EHAM
AFR42PM ,LFMN_LFPO
IBS39SJ ,LEPA_LEMD
RYR75YF ,EIDW_EGSS
GAXBF   ,EGNU_EGNU
GZDCL   ,EGNU_EGNU
AFR15EV ,LFPO_LFMN
THY5DU  ,LTFM_OMDB
KLM69F  ,EHAM_EIDW
AEA45TM ,LEMD_LEIB
EAI19MS ,EGCC_EIDW
PGT2BY  ,EDDK_LTAI
TAP20AC ,LPPT_LEMD
NOZ523  ,ENZV_ENGM
FBY941S ,LEBG_LEBG
NOZ2GH  ,ENBR_ENGM
DEKRT   ,EDNY_EDNY
SWR1DW  ,LEPA_LSZH
BAW715T ,LSZH_EGLL
EZY34LP ,EGKK_LPFR
AFR78AV ,LFML_LFPG
SAS822  ,EHAM_ENGM
TRA71Y  ,EHAM_LEBL
NSZ54CA ,EKCH_EHAM
AEA6096 ,LEPA_LEMD
DLH5LW  ,EDDB_EDDM
TAP1040 ,LPPT_LEBL
SAS371  ,ENVA_ENGM
VLG4PV  ,LEIB_LEBL
EWG5PZ  ,EDDH_LEPA
EWG580  ,EDDK_LEPA
SXS2TT  ,EDDL_LTAI
DLH7LP  ,EDDH_EDDF
GWI8NB  ,EDDL_EDDM
WITT49  ,EGYD_EGYD
IBE30TY ,LEBL_LEMD
NOZ608  ,ENGM_ENBR
EZY43FZ ,LEPA_EGKK
RYR1UA  ,LIMC_LEBL
RYR2064 ,LEPA_LEMD
SAS482  ,ENGM_ESSA
UAE6FJ  ,LTFM_OMDB
DLH61E  ,EDDM_LFPG
NOZ537  ,ENZV_ENGM
AFR41PA ,LGAV_LFPG
EJU32PM ,LIMC_LEBL
EIN165  ,EGLL_EIDW
GUCLU   ,EGWN_EGWN
DLH111  ,EDDM_EDDF
VLG4CQ  ,LEIB_LEMD
RYR983N ,EIDW_EGPH
NOZ346  ,ENGM_ENBO
EIN1YG  ,EGLL_EIDW
NSZ96Y  ,EKCH_ESSA
RYR2E   ,EGSS_EIDW
EWG61VY ,EDDM_LEPA
SWR6TB  ,LSZH_EDDB
DLH5HR  ,EDDB_EDDM
SAS1488 ,ENGM_ESSA
VLG4NM  ,EGKK_LEBL
DLH2JR  ,EDDB_EDDF
BLADE91 ,LKPD_LKPD
HBZZT   ,LSZL_LSZL
SHT7P   ,EGPF_EGLL
RYR1ND  ,LPPT_LEBL
VLG4NZ  ,LEBL_LEIB
WIF5U   ,ENBO_ENVA
GBPRY   ,EGWN_EGWN
SAS1218 ,EKYT_EKCH
SYS47   ,EGOS_EGOS
THY8YK  ,LTAI_LTFM
LHX2012 ,EDDM_EDDL
AFR58AB ,EHAM_LFPG
NSZ3229 ,ENGM_EKCH
SHT8F   ,EGLL_EGPH
AFR96EV ,EHAM_LFPG
SAS380  ,ENGM_ENVA
SAS1206 ,EKYT_EKCH
RYR122M ,EGPH_EIDW
DLH4RT  ,EDDM_EDDL
UAU983  ,EGDM_EGDM
GCRDL   ,EGNH_EGNH
OEFGZ   ,LOAN_LOAN
EZY54NP ,LEAL_EGKK
MBU6508 ,EDDM_LEPA
SYS59   ,EGOS_EGOS
RYR79FU ,LEBL_LEPA
SAS1228 ,EKYT_EKCH
SXS9VL  ,EDDL_LTAI
EZY92LD ,EGKK_LEPA
DLH76T  ,EDDF_LFPG
SAS864  ,ENGM_ESSA
LHX1945 ,EDDB_EDDM
SAS79P  ,ENGM_ENBR
TAP1932 ,LPPT_LPPR
IBE34BM ,LFPG_LEMD
HELCAT54,EGNV_EGNV
BLADE33 ,LKPD_LKPD
EWG2BA  ,LSZH_EDDB
RYR6361 ,LEPA_LEBL
GJEMP   ,EGTC_EGTC
SAS4002 ,ENZV_ENGM
RYR2062 ,LEPA_LEMD
DLH4CW  ,EDDM_EDDF
IBE30DT ,LEMD_LEBL
SWR5HZ  ,LSGG_LSZH
GSW891  ,LSZH_LSZH
FHOLA   ,LFMA_LFMA
RYR7BR  ,EGSS_EIDW
DLH3EJ  ,EDDF_EDDM
NOZ629  ,ENBR_ENGM
EJU47VC ,LEBL_LIMC
VLG8348 ,LEPA_LSZH
NSZ3085 ,EKYT_EKCH
DLH3KV  ,EDDM_EDDF
NOZ541  ,ENZV_ENGM
QFY6E   ,LECU_LECU
RYR15CL ,LEMD_LEIB
EIN14Y  ,EGLL_EIDW
SAS64J  ,ENZV_ENGM
VLG146X ,LEPA_LEBL
N6123C  ,LOWS_LOWS
DGAFC   ,EDFE_EDFE
DLH93X  ,EDDF_LFPG
DLH172  ,EDDF_EDDB
THY5BN  ,LTAI_LTFM
GHYPE   ,EGLK_EGLK
IBE31EY ,LPPT_LEMD
RYR2TR  ,EGBB_EIDW
SHY11   ,EGOS_EGOS
AFR35UR ,LFML_LFPG
SAS48C  ,ENBR_ENGM
NSZ2RT  ,ESSA_EKCH
FDX6272 ,LFPG_LEBL
SYS103  ,EGOS_EGOS
FDX6235 ,LFPG_EHAM
DEEJS   ,EDFE_EDFE
FIN7YB  ,EFHK_ESSA
UAW21   ,EGDX_EGDX
VLG8NR  ,LEBL_LEPA
DLA5NH  ,EDDM_EHAM
SWR8TP  ,LEPA_LSZH
SAS493  ,ESSA_ENGM
DLH9TV  ,EDDF_EDDM
IBE30PH ,LEMD_LEBL
ITY1735 ,LIRF_LICZ
SRR6646 ,LPPR_LPPT
DLH4KC  ,EDDM_EDDL
NSZ3079 ,EKYT_EKCH
AEA6066 ,LEPA_LEMD
VLG4QX  ,LEBL_LEIB
AEA30YP ,LEMD_LEPA
OCN5RP  ,EDDF_LEPA
NOZ636  ,ENGM_ENBR
DLH31M  ,EDDF_LFPG
SPKMA   ,EPML_EPML
BAW771C ,ESSA_EGLL
DLH9XV  ,EDDM_EDDF
EAI51C  ,EGPH_EIDW
DLH55M  ,EDDF_LFPG
WIT32   ,EGXT_EGXT
LYTDT   ,EYVP_EYVP
DLH4LN  ,EDDB_EDDF
DLH8N   ,EDDM_EDDB
AOS59T  ,EGBJ_EGBJ
NOZ5PR  ,ENVA_ENGM
SVA119  ,EGLL_EGLL
SIA378  ,LIMC_LEBL
SPTAM   ,EPBC_EPBC
RYR3EE  ,EGSS_EIDW
DLH2FP  ,EDDM_EHAM
NOZ817  ,ESSA_ENGM
NSZ2604 ,EFHK_ESSA
IBS3801 ,LEIB_LEMD
WMT1162 ,LEMD_LIMC
DLH8VT  ,EDDF_EDDM
IBS3917 ,LEPA_LEMD
TKJ28TC ,LTFJ_LTFE
IBS38UL ,LEMD_LEIB
EJU64MT ,LPPT_LEMD
THY8VD  ,LTFM_OMDB
CFG202  ,EDDL_LTAI
BAW52HR ,EGLL_LPPT
DLH9WT  ,EDDF_EDDM
SAS78A  ,ENBR_ENGM
EIN27G  ,EGBB_EIDW
KLM172  ,EHAM_EHAM
MILAN74 ,LFBD_LFBD
GCGVT   ,EGCB_EGCB
PGT3QA  ,LTAI_LTFJ
AEA6006 ,LEPA_LEBL
EAX1E   ,LELL_LELL
OEKDC   ,LOWS_LOWS
DLH2CF  ,EDDM_EDDF
EZY24BN ,LPFR_EGKK
IBE30BG ,LEMD_LEBL
BEL2FM  ,EBMB_LEMD
KLM1820 ,EDDF_EHAM
WIF11C  ,ENBO_ENVA
TVF91JR ,LFPO_LPPT
VLG82BT ,LEBL_LEIB
RYR76AL ,LEPA_EDDK
AFR68NC ,LFMN_LFPO
DEWYP   ,EDKN_EDKN
SAS40E  ,ESSA_EGLL
DLH2000 ,EDDM_EDDL
AFR47WC ,LFPO_LFMN
PGT78ZK ,LTFJ_LTFE
RYR9YB  ,EIDW_EGKK
EWG8WH  ,EDDK_LEPA
NOZ545  ,ENZV_ENGM
EWG40Y  ,LEPA_EDDK
PGT82NR ,LTFJ_LTFE
TVF792P ,LEBL_LFPO
RYR2494 ,LEPA_LEBL
NOZ521  ,ENZV_ENGM
DMUBG   ,EDCM_EDCM
SWR2HD  ,LSZH_EDDB
VLG2QU  ,LEPA_LEBL
AFR1048 ,LFPG_LEBL
THY1KC  ,LTFM_OMDB
NOZ653  ,ENBR_ENGM
IBS3913 ,LEPA_LEMD
MBU6512 ,EDDM_LEPA
UAH80   ,EGYD_EGYD
VLG2NW  ,LEBL_LIRF
VLG44BT ,LEBL_LIMC
VLG46MC ,LEBL_LEMG
RYR38CW ,EDDK_LEPA
EWG2RE  ,EDDK_LEPA
RYR428Q ,EGCC_LEPA
SAS4042 ,ENZV_ENGM
GBTIM   ,EGLM_EGLM
DMNMR   ,EDNA_EDNA
VLG5KV  ,LEPA_LEBL
SAS1463 ,ENGM_EKCH
EMU1    ,EGYD_EGYD
TKJ9FS  ,LTAI_LTFJ
RYR1343 ,LEPA_LEBL
RYR67CG ,EDDK_LEPA
ADM246  ,LPEV_LPEV
ADM965  ,LPEV_LPEV
SAS343  ,ENVA_ENGM
RYR813  ,EGPH_EIDW
DLH55X  ,EDDF_LFPG
NOZ4HF  ,ENGM_ENBR
UAH406  ,EGYD_EGYD
SAS4561 ,ENBO_ENVA
UAU972  ,EGDM_EGDM
NOZ641  ,ENBR_ENGM
RYR2753 ,LEMD_LIMC
KLM1917 ,EHAM_LSZH
EZY38UA ,LPFR_EGKK
SXS8ZC  ,EDDL_LTAI
SAS252  ,ENBR_ENGM
IBE31RM ,LPPT_LEMD
BAW7Q   ,LSGG_EGLL
BCS8430 ,LEBL_LEMD
SEMMN   ,LECU_LECU
SAS1424 ,EKCH_ESSA
BRMIDE33,EGNV_EGNV
PRF93   ,EGYD_EGYD
DLH05N  ,EDDM_LFPG
EAX3L   ,LELL_LELL
SAS716  ,ESSA_EFHK
AEA6156 ,LEPA_LEBL
AEA6078 ,LEPA_LEMD
ANE8855 ,LPPT_LEMD
TKJ9KN  ,LTFJ_LTFE
EXS67ND ,LEPA_EGCC
GCMSG   ,EGTK_EGTK
SAS39A  ,ENBO_ENGM
AEZ157Q ,LIRF_LICZ
RYR8MP  ,EDDK_LEPA
AFR26UX ,LFPG_LFML
SIA377  ,LEBL_LIMC
FIN1LT  ,EETN_EFHK
SAS69J  ,ENZV_ENGM
WIF1315 ,ENBR_ENVA
FBY123S ,LEBG_LEBG
EZY64BP ,EGKK_LEMG
PHWAL   ,EHRD_EHRD
FPO720  ,LFML_LFPG
FBY955S ,LEBG_LEBG
SAS251  ,ENGM_ENBR
ITY2032 ,LIRF_LIML
RYR38JX ,LEBL_LPPT
NOZ8GN  ,ENVA_ENGM
ANE92YN ,EDDF_LEMD
THY3JA  ,LTAI_LTFM
THY1990 ,EGLL_LTFM
KLM75V  ,EHAM_LEMD
ABLE01  ,EGLK_EGLK
VLG6LA  ,LEPA_LEBL
DLH9X   ,EDDM_EDDB
DLH5RL  ,EDDM_EDDL
DLH8NF  ,EHAM_EDDM
RYR669  ,EGBB_EIDW
SAS728  ,ESSA_EFHK
EZY34YQ ,LIRF_EGKK
NOZ1KD  ,ENVA_ENGM
EZY45TE ,LEMG_EGKK
RYR6JM  ,LPFR_EIDW
VLG269G ,LEIB_LEBL
RYR2PN  ,EIDW_EGSS
DLH2X   ,EDDM_EDDB
EWG7KC  ,LEPA_EDDH
IBE32GP ,EBMB_LEMD
AFR17RL ,LFML_LFPG
AFR82CX ,LFPG_LFML
PGT2004 ,LTFJ_LTAI
SAS274  ,ENBR_ENGM
WIF2NP  ,ENZV_ENBR
VLG5JC  ,LFPG_LEBL
TRA11A  ,LPPT_EHAM
EZY45MK ,LEAL_EGKK
AFR38UM ,LFPG_LEMD
RYR2054 ,LEPA_LEMD
SAS1210 ,EKYT_EKCH
DLH195  ,EDDB_EDDF
ITY2050 ,LIRF_LIML
ITY1794 ,LICJ_LIRF
SXS7QN  ,EDDL_LTAI
DLH88X  ,EDDM_LFPG
SAS78L  ,EKCH_ENGM
SPNEXT  ,EPGL_EPGL
SAS61A  ,EKCH_ESSA
SAS4572 ,ENVA_ENBO
NOZ3DB  ,ENVA_ENGM
AFR15ZW ,LFPG_LEMD
NOZ531  ,ENZV_ENGM
FHY1193 ,LTAI_EDDL
ETP102  ,EGDM_EGDM
VLG9NV  ,EGKK_LIRF
AEA66MG ,LEIB_LEMD
UAT71   ,EGXT_EGXT
DLH2CK  ,EDDB_EDDF
DLH5N   ,EDDM_EDDB
SAS70E  ,EKCH_EHAM
AFR77LL ,LFML_LFPG
SYS639  ,EGOS_EGOS
PGT36FT ,LTFJ_LTCG
SAS897  ,ESSA_ENGM
SIA306  ,WSSS_EGLL
ITY1709 ,LIRF_LICZ
SHT9K   ,EGPH_EGLL
KLM64W  ,EKCH_EHAM
DLH1300 ,EDDF_LTFM
IBS3914 ,LEMD_LEPA
HBOJI   ,LSGL_LSGL
DLH41A  ,EDDF_LFPG
SAS455  ,ENGM_EKCH
RYR1KN  ,LEBL_LEPA
RYR4AN  ,LEIB_LEBL
DLH7T   ,EDDM_EDDB
HBKMR   ,LSZL_LSZL
VLG42SL ,LEBL_LEPA
OMM857  ,EPGL_EPGL
NOZ3HC  ,ESSA_ENGM
SWR948D ,LSZH_EDDB
ITY2036 ,LIRF_LIML
DETOU   ,EDFM_EDFM
SAS4174 ,ENZV_ENBR
NOZ547  ,ENZV_ENGM
IBE3431 ,LFPG_LEMD
SWT5614 ,LFBO_LFPG
PHJAC   ,EHTE_EHTE
AEA6012 ,LEPA_LEMD
FIN6TA  ,EETN_EFHK
ITY1792 ,LICJ_LIRF
DLH71J  ,EDDF_LEMD
WIT20   ,EGXT_EGXT
SCQ61   ,ENGK_ENGK
UAT63   ,EGXT_EGXT
SAS495  ,ESSA_ENGM
IBE31EK ,EDDF_LEMD
LYARL   ,EYVP_EYVP
NOZ812  ,ENGM_ESSA
MGH972  ,EPWA_LTAI
IBS3972 ,LEMD_LEPA
DLH7HW  ,EDDB_EDDM
VLG68XC ,LEBL_LEIB
HBKGK   ,LSZB_LSZB
AFR58RR ,LFPG_LFMN
FBY957S ,LEBG_LEBG
KLM85B  ,EHAM_LFPG
EWG7GC  ,EDDH_LEPA
IBE30WZ ,LEBL_LEMD
AFR37UT ,LFPG_EKCH
LHX1944 ,EDDM_EDDB
VLG5EW  ,LEBL_LEMH
AEA6031 ,LEMD_LEPA
SAS411  ,ESSA_EKCH
DLH1926 ,EDDM_EDDB
KLM1411 ,EHAM_LFPG
NSZ2602 ,EFHK_ESSA
EJU61PG ,LEPA_EDDB
RUK556  ,EIDW_EGCC
EIN7GH  ,LPFR_EIDW
WIF1B   ,ENBO_ENVA
DEPTS   ,EDKB_EDKB
RYR74UA ,LEBL_LEPA
VLG61PT ,LEBL_LEIB
EZY83HR ,EGKK_LIRF
SAS722  ,ESSA_EFHK
NSZ2614 ,EFHK_ESSA
RYR2AR  ,LIRF_LICZ
SAS4026 ,ENZV_ENGM
BLADE53 ,LKPD_LKPD
EAX5B   ,LELL_LELL
PHSVX   ,EHTE_EHTE
SAS69P  ,EKCH_LFPG
GAYGX   ,EGTB_EGTB
SAS4581 ,ENBO_ENVA
AEA69FK ,LEIB_LEMD
UAY93   ,EGWC_EGWC
NOZ543  ,ENZV_ENGM
AFR65NM ,LFPG_LFMN
MDI12T  ,EGNV_EGNV
HB3143  ,LSPA_LSPA
DLH1WR  ,EDDB_EDDF
AEA90QC ,LEPA_LEBL
AEZ418P ,LICJ_LIRF
GWI69J  ,EDDM_EDDL
SYS90   ,EGOS_EGOS
DLH1FU  ,EDDB_EDDM
EWG8TL  ,EDDK_LEPA
AFR41BN ,LGAV_LFPG
UAD48   ,EGDM_EGDM
KLM80B  ,LEMG_EHAM
EAI54WD ,EIDW_EGPH
BLADE31 ,LKPD_LKPD
EZY96HA ,LEAL_EGCC
SAS4038 ,ENZV_ENGM
RYR5DZ  ,EGCC_EIDW
EWG1990 ,EDDM_LEPA
DLH54X  ,LFPG_EDDM
IBE31RF ,LEMD_EGLL
EAI55YA ,EGPH_EIDW
P402    ,LSZC_LSZC
OEDSK   ,LOAN_LOAN
DLH7N   ,EDDM_EDDB
FBY42D  ,LEBG_LEBG
VLG8ET  ,EGKK_LIRF
EJU625Y ,LIMC_LICZ
ITY4LI  ,LIML_LICZ
EZY35NB ,LEAL_EGCC
EJU8091 ,EGKK_LEPA
EZY52XZ ,EGKK_LEMG
WUK932R ,LPFR_EGKK
IBS3925 ,LEPA_LEMD
RYR1ZG  ,EIDW_EGKK
AEZ713P ,LICJ_LIRF
WMT3ZP  ,EGKK_LIRF
IBS3838 ,LEMD_LEMD
PGT19PK ,LTFJ_LTAI
SAS269  ,ENGM_ENBR
DLH9FW  ,EDDM_EDDH
GKKRN   ,EGLM_EGLM
RYR3011 ,LEMD_LEPA
DHEAL   ,EDKB_EDKB
NSZ82F  ,EKCH_EKYT
VLG412J ,EDDM_LEPA
DLH8VM  ,EDDF_EDDM
SAS260  ,ENBR_ENGM
CWL24   ,EGXT_EGXT
WIT116  ,EGXT_EGXT
IBS3803 ,LEIB_LEMD
VLG3BJ  ,LEBL_LEMG
DLH9MN  ,EDDM_EDDL
RYR1G   ,EGPH_EIDW
FGNBP   ,LFLU_LFLU
VLG5HT  ,LEMD_LEIB
TVF44DP ,LFPO_LPPR
IBE3168 ,LEMD_EGLL
SWR7CH  ,LSGG_LSZH
SAS4008 ,ENZV_ENGM
DLH1298 ,EDDF_LTFM
RYR781Q ,LEMD_LPPT
SXS9FR  ,EDDL_LTAI
HBZQA   ,LSZX_LSZX
AFR95PW ,LFBO_LFPG
N60058  ,LSZR_LSZR
IBS39JZ ,LEMD_LEMD
DEHAB   ,EDML_EDML
VLG5WE  ,LIRF_EGKK
SAS560  ,LFPG_EKCH
GBXPD   ,EGKR_EGKR
TKJ4CQ  ,LTFJ_LTFE
DLH65K  ,EDDF_LEMD
BRMIDE32,EGNV_EGNV
THY6QE  ,LTFM_LTFE
VLG93EZ ,LIRF_LEBL
FWWHG   ,LFMA_LFMA
FGFIE   ,LFPL_LFPL
WIF1364 ,ENBR_ENVA
ITY2016 ,LIRF_LIML
RYR59TF ,LEMD_LEMD
EZY45DP ,EGKK_LIRF
SAS4170 ,ENZV_ENBR
OEVHS   ,LOAN_LOAN
NSZ3225 ,ENGM_EKCH
RYR89ZX ,LICJ_LIRF
AFR37EL ,LFPG_EKCH
GBZBS   ,EGLM_EGLM
VLG3FX  ,LEBL_LIRF
NCG04   ,EHAM_EHAM
DMAVP   ,EBZH_EBZH
VLG8KF  ,LIMC_LEBL
EWG6VG  ,EDDH_LEPA
GCMAH   ,EGTR_EGTR
AFR1751 ,EKCH_LFPG
NOZ55J  ,ENBO_ENGM
DMZFC   ,EDLT_EDLT
EIN26M  ,EGBB_EIDW
RYR2WP  ,EIDW_EGPH
KLM63A  ,EHAM_ENGM
AFR89CK ,LFPG_LEMD
AFR75BD ,LFPO_LFMN
DLH17X  ,EDDF_LFPG
AFR87HE ,LFPO_LFMN
DLH22P  ,EDDF_LFPG
EAI11M  ,EGCC_EIDW
FDX4578 ,LFPG_EDDM
DLH1T   ,EDDM_EDDB
DLH9EM  ,EDDB_EDDF
EAX1G   ,LELL_LELL
FIN4YH  ,EETN_EFHK
RYR3JD  ,LEPA_LEBL
AFR95CY ,LFPG_LFML
ITY1780 ,LICJ_LIRF
AAL9785 ,EDDF_EGLL
AEZ158C ,LIRF_LICZ
DEWCP   ,EDFE_EDFE
AEA6029 ,LEMD_LEIB
AFR99UD ,LFMN_LFPG
BDN68   ,EGDM_EGDM
WIT33   ,EGXT_EGXT
SPTMX   ,EPBC_EPBC
THY9LT  ,LTFM_LTFM
VLG526R ,LEBL_LEMG
IBS3916 ,LEMD_LEPA
SAS725  ,EFHK_ESSA
OYBSV   ,EKRK_EKRK
DLH5X   ,EDDM_EDDB
NOZ2UC  ,ENGM_ENBR
TVF82XM ,LFPO_LPPT
DLH4CH  ,EDDB_EDDM
VJT418  ,LPFR_EIDW
EJU68AW ,LFPO_LFMN
AFR21LN ,LFPO_LFMN
FBY786S ,LEBG_LEBG
WMT6GZ  ,EGKK_LIRF
ITY1727 ,LIML_LICZ
VLG45KP ,LEBL_LEPA
AFR57SW ,EDDM_LFPG
SAS54C  ,ESSA_EKCH
AEA90AM ,LEBL_LEPA
FHY1403 ,LTAI_EDDK
JOKER14 ,ETHN_ETHN
VLG4EZ  ,LEBL_LEMG
NSZ2615 ,ESSA_EFHK
VLG8ZP  ,LEBL_LEPA
BCS3317 ,ENGM_EKCH
ITY1713 ,LIML_LICZ
RYR6BL  ,LEMD_LEMD
TAY6SR  ,LFPG_EDDF
SAS1207 ,EKCH_EKYT
WMT9829 ,LIML_LICZ
DLH1HP  ,EDDF_EDDM
NSZ3211 ,ESSA_EKCH
AEA6060 ,LEPA_LEBL
TRA15Q  ,LEMG_EHAM
ITY1784 ,LICJ_LIRF
FHY1503 ,LTAI_EGKK
RYR2NK  ,EGBB_EIDW
VLG42BZ ,LEBL_LEMH
EZY97ME ,EGKK_LEMG
SWR805G ,LSGG_LSZH
RYR3PJ  ,EDDK_LEPA
GBJHB   ,EGTB_EGTB
RYR2CG  ,LEPA_EDDB
NOZ4RZ  ,ENGM_ENBO
NSZ8YZ  ,EKCH_EKYT
LIFELN4 ,EHGG_EHGG
EAI75B  ,EGBB_EIDW
GRVEM   ,EGCB_EGCB
AFR39NB ,LFMN_LFPG
CWL43   ,EGYD_EGYD
PGT4ET  ,LTFJ_LTFE
ANE89XK ,LEMD_LPPR
SAS4152 ,ENZV_ENBR
GWI7CM  ,EDDL_EDDM
FHY1304 ,EDDM_LTAI
NOZ3JE  ,ENZV_ENBR
FIN64N  ,EETN_EFHK
OEVDR   ,LOAN_LOAN
EJU85ZF ,LFPO_LPPR
EJU87MW ,LFPO_LFMN
EWG597  ,LEPA_EDDK
AFR1445 ,EHAM_LFPG
ANE20EP ,LEMD_LPPT
EIN49D  ,LPFR_EIDW
DLH8FT  ,EDDB_EDDF
WIF1TN  ,ENBR_ENVA
AFR15UE ,LFPG_LFML
PGT77FH ,LTFJ_LTFE
FIN6PH  ,EETN_EFHK
ABR6MC  ,EDDM_LFPG
RYR2052 ,LEPA_LEMD
FHLAG   ,LFPN_LFPN
BLADE06 ,LPBJ_LPBJ
TRA5140 ,LEBL_EHAM
THY5LL  ,LTFM_LTAI
GBICW   ,EGLK_EGLK
VLG6109 ,LIRF_LEBL
VLG2117 ,LEBL_LEMG
RYR5HC  ,LEAL_EGCC
FIN9EP  ,EETN_EFHK
349     ,LGTT_LGTT
THY5ZP  ,EDDF_LTFM
ITY071  ,LEBL_LIRF
ITY072  ,LIRF_LEBL
SAS87Y  ,EKCH_EHAM
VLG11JT ,LEBL_LEMH
WIF524  ,ENZV_ENBR
AFR47DW ,LFMN_LFPO
TAY7CA  ,LIRF_LFPG
AFR76JJ ,LFPG_LEMD
CWL46   ,EGYD_EGYD
NSZ2NZ  ,EKCH_EKYT
AEA17RA ,LEMD_LIMC
DMBZF   ,EDVM_EDVM
IBS3921 ,LEPA_LEMD
VLG8LG  ,LEMG_LEBL
NOZ624  ,ENGM_ENBR
RVP105  ,LPSO_LPSO
AFR52TX ,EHAM_LFPG
WIF755  ,ENBO_ENVA
EWG2KV  ,LOWW_EDDB
FDX3    ,LFPG_EDDF
KLM65M  ,EHAM_ENGM
FJDHA   ,LFLU_LFLU
SIA308  ,WSSS_EGLL
RYR2LL  ,LICJ_LIRF
VLG23KT ,LEMG_LEBL
SXS4VC  ,LTAI_EDDK
RYR9SN  ,LEBL_LEMG
NOZ3HB  ,ENBO_ENGM
RYR15ZT ,LEMG_LEBL
FJBDC   ,LFRE_LFRE
OEDDC   ,LIRU_LIRU
EWG3G   ,LEPA_EDDB
SAS236  ,ENBR_ENGM
EJU867Q ,LIMC_LICZ
RYR7541 ,LEBL_LIMC
AFR85KB ,LFPG_LFML
TOM273  ,LTAI_EGKK
SAS1225 ,EKCH_EKYT
IBS3923 ,LEPA_LEMD
LYTZT   ,EYVP_EYVP
AFR63RC ,LFMN_LFPO
BA923   ,EIDW_EGKK
BAW43HA ,EHAM_EGLL
HBKFI   ,LSGL_LSGL
EXS7DL  ,LEPA_EGCC
GEC8353 ,EGBB_EIDW
AFR1354 ,LFPG_DAAG
AFR22ZX ,LFPG_LFML
SAS409  ,ESSA_EKCH
EZY48WQ ,LEPA_EGKK
TRA112R ,LEMG_EHAM
RYR42SC ,EGSS_EIDW
EIN499  ,LPFR_EIDW
TVF599D ,LPPT_LFPO
SAS884  ,ENGM_ESSA
AFR78SQ ,EDDF_LFPG
VLG1RQ  ,LEBL_LIRF
AFR44DR ,LFPG_EKCH
TAP1930 ,LPPT_LPPR
GCKGK   ,EGWN_EGWN
SAS91A  ,ESSA_EKCH
DMZED   ,EDKB_EDKB
NSZ3195 ,ESSA_EKCH
PHVCC   ,EHLE_EHLE
ECNEQ   ,LECU_LECU
VLG6VP  ,LEBL_LEPA
WIF4C   ,ENVA_ENBR
FGSBJ   ,LFCL_LFCL
RVP204  ,LPSO_LPSO
IBE34TW ,LFPG_LEMD
THY7ZP  ,LTFM_LTFM
VLG3GQ  ,LEBL_LEPA
ANE32ZW ,LPPT_LEMD
P02W    ,LSZC_LSZC
GTALR   ,EGBG_EGBG
ITY2130 ,LIRF_LIML
AEZ419P ,LICJ_LIRF
SAS277  ,ENGM_ENBR
FBY478S ,LEBG_LEBG
IBE6500 ,LEMD_LEMD
IBS38GK ,LEMD_LEMD
NSZ81E  ,EKYT_EKCH
AUA39B  ,LOWW_EDDB
DLH04U  ,LEPA_EDDM
FIN5AZ  ,EETN_EFHK
KLM751  ,EHAM_EHAM
BCS8032 ,LEBL_LPPT
VLG76GA ,LEBL_LEMH
AFR32EP ,LFBO_LFPG
RYR8DR  ,EGSS_EIDW
DTH3532 ,DAAG_LFPG
TKJ7AK  ,LCEN_LTFJ
AFR76MH ,LFBO_LFPG
SWT6RS  ,LFML_LFPG
AFR27FZ ,LFMN_LFPG
GDAZO   ,EGKR_EGKR
EDW370L ,LSZH_LSZH
KLM73Z  ,EHAM_ENGM
HKS309A ,EGPD_EGPD
AFR18JT ,EDDF_LFPG
DMLBT   ,EDLT_EDLT
DEKWA   ,EDFE_EDFE
DEARI   ,EDWN_EDWN
VLG7JN  ,LIRF_LEBL
SPSKUT  ,EPGL_EPGL
EJU94XB ,LEBL_LPPT
AEA6048 ,LEPA_LEMD
HBZPA   ,LSZX_LSZX
EJU8542 ,LPFR_EGKK
BCS460  ,LIMC_LEBL
SAS4552 ,ENVA_ENBO
EJU79BU ,EHAM_EGCC
TAP1920 ,LPPT_LPPR
THY4SD  ,LTFM_LTAI
THY7UD  ,LTAI_LTFM
THY9KH  ,LTAI_LTFM
ITY2010 ,LIRF_LIML
QFA1    ,WSSS_EGLL
KLM65N  ,EHAM_ENGM
BADAK13 ,LPBJ_LPBJ
IBE6346 ,LEMD_LEMD
FJITK   ,LFPN_LFPN
SAS9232 ,ENGM_EKCH
EWG599  ,LEPA_EDDK
WIF5TM  ,ENVA_ENBO
VYT83   ,EGOV_EGOV
EAX2K   ,LELL_LELL
IBE6317 ,LEMD_LEMD
HBSGT   ,LSZR_LSZR
NOZ607  ,ENBR_ENGM
DMSZR   ,EDTG_EDTG
EZY81XQ ,EGKK_LPFR
NOZ532  ,ENGM_ENZV
SPOEM   ,EPKP_EPKP
RYR68AZ ,EGCC_LEPA
NOZ9JL  ,EHAM_ENGM
EMU10   ,EGYD_EGYD
SHT8Q   ,EGLL_EGPH
RYR19HT ,LEMG_LEBL
AEA38UH ,EDDF_LEMD
PHTAX   ,EHTW_EHTW
EIN99P  ,LPFR_EIDW
RYR2YK  ,EIDW_EGKK
AFR18YU ,LFBO_LFPG
FIN5TB  ,EETN_EFHK
BADAK14 ,LPBJ_LPBJ
EAI65I  ,EGBB_EIDW
THY2FC  ,LTFM_LTAI
SXS1WA  ,LTAI_EDDL
SAS1213 ,EKCH_EKYT
RYR636L ,EIDW_EGKK
BRMIDE31,EGNV_EGNV
SVA111  ,EGLL_EGLL
NSZ3097 ,EKYT_EKCH
AFR95HF ,LFBO_LFPG
WIF2XF  ,ENBR_ENVA
DAH1215 ,LFPG_DAAG
DLH19C  ,LEPA_EDDM
KLM755  ,EHAM_EHAM
OCN1D   ,LEPA_EDDM
KLM35J  ,EHAM_ENGM
EZY38MP ,LEAL_EGKK
NSZ8FI  ,EKCH_LFPG
N3514V  ,EDFE_EDFE
SAS531  ,ESSA_EGLL
NOZ9PL  ,ENVA_ENGM
TUI46G  ,LEPA_EDDF
FHOOL   ,LFPN_LFPN
AFR7409 ,LFBO_LFPG
RYR9743 ,LPPT_LEMD
EZY23DR ,LEAL_EGKK
NSZ9GY  ,LFPG_EKCH
AUA233E ,LOWW_EDDB
AFR1554 ,LFPG_DAAG
FPO7AD  ,LFPG_LEMD
DLH61A  ,EDDM_LFPG
CND599  ,EHAM_EHAM
VLG9ZL  ,LEBL_LEPA
RYR9QC  ,LEBL_LEPA
VLG96JZ ,EGKK_LEBL
SAS47G  ,ESSA_EKCH
SAS4039 ,ENGM_ENZV
TVF77HK ,LFPO_LEBL
SAS348  ,ENGM_ENVA
AFR99CU ,LFML_LFPG
DLH6YR  ,EDDB_EDDF
THY6XJ  ,LTAI_LTFM
THY3DU  ,LTFM_LTFM
DHTMM   ,LFRE_LFRE
CWL33   ,EGYD_EGYD
IBS3912 ,LEMD_LEPA
EXS49TA ,LEPA_EGCC
SHT6T   ,EGLL_EGPF
EWG2581 ,LEPA_EDDS
ANGEL41 ,LECU_LECU
VLG97UW ,LEIB_LEBL
NOZ819  ,ESSA_ENGM
AFR63EY ,EDDM_LFPG
EWG30ZL ,LEPA_EDDS
EWG1WM  ,LEPA_EDDH
IBE3162 ,LEMD_EGLL
AEA40BN ,LEPA_LEMD
TAP1928 ,LPPT_LPPR
AFR47YD ,EDDM_LFPG
EZY43AR ,EGKK_LEPA
GBPAY   ,EGLM_EGLM
EAX9G   ,LELL_LELL
BCS212P ,LPPT_LPPR
DLH5PT  ,EDDM_EDDL
FYS21AL ,LECU_LECU
FGUYA   ,LFCL_LFCL
CABBY81 ,LKPD_LKPD
EMU8    ,EGYD_EGYD
ITY1766 ,LICJ_LIRF
AFR93ZN ,LFPG_LEMD
N73357  ,EDNA_EDNA
AUA237  ,LOWW_EDDB
EJU12WT ,LPPR_LFPO
WIT21   ,EGXT_EGXT
SAS361  ,ENVA_ENGM
EJU89BN ,LFMN_LFPO
RYR3WN  ,LEBL_LEMG
SAS4166 ,ENZV_ENBR
EMU03   ,EGYD_EGYD
THY7HR  ,LTFM_LTAI
MBU6002 ,EDDH_EDDM
RYR82SB ,LICJ_LIRF
GBULO   ,EGCB_EGCB
RYR5YE  ,EGSS_EIDW
EAI35EN ,EIDW_EGPH
OCN6LM  ,EDDF_LEPA
IBE30SD ,LEBL_LEMD
SAS7182 ,EHAM_ENGM
SAS4164 ,ENBR_ENVA
KLM1405 ,EHAM_LFPG
BAW905U ,EDDF_EGLL
UAH429  ,EGYD_EGYD
BAW118  ,EGLL_EGLL
IBE30SC ,LEBL_LEMD
SWT102  ,LEPA_LEMD
THY5GW  ,LTAI_LTFM
THY1MD  ,EDDF_LTFM
GEC8346 ,EDDF_LTFM
AFR32ZB ,LFPG_LFBO
SAS485  ,ESSA_ENGM
THY1YW  ,LTFM_LTFM
EXS31WP ,EGNX_EGNX
EWG8LH  ,EDDH_LEPA
GAVSI   ,EGLM_EGLM
TOM9EW  ,LIRF_EGKK
EMU06   ,EGYD_EGYD
GELCH   ,EGLK_EGLK
WIF1311 ,ENVA_ENBO
DLH1304 ,EDDF_LTFM
SAS1215 ,EKCH_EKYT
DETCN   ,EDFE_EDFE
AUA2GN  ,LOWW_EDDB
RYR2BF  ,EIDW_EGKK
CFG3AH  ,EDDL_LEPA
SAS60P  ,ENGM_ESSA
NOZ133  ,ENZV_ENBR
AFR64EN ,LFPG_EKCH
AFR24JV ,EHAM_LFPG
AFR86AM ,LFPG_LFBO
WIF745  ,ENBO_ENVA
BRMIDE34,EGNV_EGNV
WIF26M  ,ENZV_ENBR
IBE3179 ,EGLL_LEMD
AFR79MU ,LFBO_LFPG
VLG8UM  ,LEBL_LEPA
TVF26AR ,LPPT_LFPO
OEKBE   ,LOWS_LOWS
TKJ9HP  ,LTFJ_LTCG
ITY2114 ,LIRF_LIML
AEA95PN ,EBMB_LEMD
SVA022  ,KJFK_EGLL
SCQ2B   ,ENGK_ENGK
VLG7DU  ,LEBL_LEPA
EJU73MR ,LSZH_EDDB
VLG1AE  ,LEBL_LEPA
AFR74VU ,LFPG_LFBO
SPTPC   ,EPBC_EPBC
WIF762  ,ENVA_ENBO
KLM171  ,EHAM_EHAM
EFW9EL  ,EGKK_LEPA
WIF732  ,ENVA_ENBO
AEA1065 ,LEMD_LIMC
SAS350  ,ENGM_ENVA
GWI56HK ,EDDL_EDDM
BAW777C ,ESSA_EGLL
NOZ602  ,ENGM_ENBR
AFR83EE ,LFPG_LFBO
VLG645C ,LEMD_LEIB
FYS50AK ,LECU_LECU
VLG22DZ ,LEBL_LEMH
BNO91J  ,ENGM_ENVA
SAS4162 ,ENZV_ENBR
EAX1K   ,LELL_LELL
SI350   ,LGTT_LGTT
SWR3HY  ,LSGG_LSZH
AFR56KE ,EDDM_LFPG
IBE31FB ,LEMD_EGLL
EWG33W  ,EDDK_LEPA
WIF520  ,ENZV_ENBR
FPO701  ,LFPG_LFML
AEA33ZP ,LEBL_LEPA
AFR35YD ,EKCH_LFPG
AUA231A ,LOWW_EDDB
BCS6761 ,LEMD_LPPR
FIN7WG  ,WSSS_EGLL
AEA93KM ,EBMB_LEMD
EXS41M  ,EGCC_LEPA
FHVXJ   ,LFRV_LFRV
RVP207  ,LPSO_LPSO
SHT6Y   ,EGLL_EGPF
VLG20KR ,LEBL_LEPA
SAS527  ,ESSA_EGLL
EDW130J ,LSZH_LSZH
EMU4    ,EGYD_EGYD
IBE3252 ,LEMD_LIMC
EWG1KX  ,LEPA_EDDS
ITY1770 ,LICJ_LIRF
AFR36RG ,LFBO_LFPG
DLH85N  ,EDDF_LEPA
TAP1361 ,EGLL_LPPT
AFR34ZG ,LFPG_LFBO
SXS27W  ,LTAI_EGKK
ITY215  ,EGKK_LIRF
IBS3831 ,LEMD_LEMD
WIF14K  ,ENVA_ENBO
UAE33T  ,EGLL_EGPF
IBS3924 ,LEMD_LEPA
TRA20B  ,LEMG_EHAM
SYS105  ,EGOS_EGOS
SAS4176 ,ENBR_ENVA
AFR78HQ ,LFPG_LFBO
WIF1PT  ,ENVA_ENBO
THY3ZW  ,LTFM_LTAI
HLE72   ,EGCB_EGCB
SWR968  ,LSZH_EDDB
ADM468S ,LPEV_LPEV
SHT6C   ,EGLL_EGPF
IBE3112 ,LEMD_LPPT
SAS1556 ,EHAM_ESSA
GGIMT   ,EGTK_EGTK
AEA45KB ,EDDF_LEMD
EWG1FX  ,LEPA_EDDS
KLM39G  ,EHAM_ENGM
EAX1GS  ,LELL_LELL
NOZ544  ,ENGM_ENZV
RYR56AL ,LEPA_EDDB
VLG2112 ,LEMG_LEBL
UAE9N   ,OMDB_LTFM
RYR1CF  ,LEAL_EGCC
GBSLK   ,EGTK_EGTK
SWR969  ,EDDB_LSZH
RYR5063 ,LIMC_LICZ
EFD6S   ,LSZH_EHAM
RYR2YX  ,LIRF_LICZ
SAS707  ,EFHK_ESSA
ITY1788 ,LICJ_LIRF
NOZ536  ,ENGM_ENZV
ANE82WA ,LEMD_LPPT
GATKX   ,EGKR_EGKR
NOZ609  ,ENBR_ENGM
AFR87VV ,EDDF_LFPG
THY2467 ,LTFM_LTFM
WIF532  ,ENZV_ENBR
SAS55D  ,ENGM_ENZV
VLG5QE  ,LEBL_LEIB
EJU695D ,LIMC_LICZ
QFY58   ,LECU_LECU
BLADE93 ,LKPD_LKPD
GBXRV   ,EGBJ_EGBJ
AUA225S ,LOWW_EDDB
SCQZ8A  ,ENGK_ENGK
NOZ540  ,ENGM_ENZV
SAS4194 ,ENZV_ENBR
ITY2028 ,LIRF_LIML
RGA03   ,LSZB_LSZB
NOZ164  ,ENBR_ENVA
PHSRP   ,EHMZ_EHMZ
RYR5LU  ,LEBL_LEMH
NOZ538  ,ENGM_ENZV
DAH1001 ,LFPG_DAAG
GSKPP   ,EGHH_EGHH
RYR7HW  ,LIMC_LICZ
EAJ01   ,LTFJ_LTFE
EWG5CL  ,EDDK_LEPA
CFE635  ,EGLC_EHAM
DLH201  ,EDDB_EDDF
THY4BQ  ,LTAI_LTFM
FIN4ZM  ,EETN_EFHK
DMHBK   ,EDKB_EDKB
BAW925  ,EIDW_EGKK
FGMXO   ,LFPL_LFPL
PHFMO   ,EHTE_EHTE
DAH1013 ,LFPG_DAAG
ADM397  ,LPEV_LPEV
SHT6P   ,EGLL_EGPF
TVF4757 ,LEBL_LFPO
SPHTG   ,EPWS_EPWS
DMVLR   ,EDCM_EDCM
AFR9414 ,LFPG_LFBO
WIF768  ,ENVA_ENBO
FGSRR   ,LFCL_LFCL
AFR28TW ,LFMN_LFPO
RYR5355 ,LEIB_LEMD
SXS9V   ,EDDK_LTAI
BAW189  ,EGLL_EGLL
PHZZR   ,EHLE_EHLE
IBS39MY ,LEMD_LEMD
RYR60FJ ,EIDW_EGKK
THY6EB  ,LTFM_LTAI
EWG89KY ,LEPA_EDDS
NSZ3084 ,EKCH_EKYT
IBE32SH ,EBMB_LEMD
TKJ2UX  ,LTFJ_LTFE
DRAG165 ,LSZL_LSZL
FIN5PH  ,EFHK_EETN
PGT4FY  ,LTFJ_LTAI
NSZ3086 ,EKCH_EKYT
EWG14P  ,EDDL_LEPA
RYR82VK ,EBMB_LEMD
SAS55L  ,ENGM_ENBR
FDX6335 ,EHAM_LFPG
SWT5745 ,LFPG_LFML
EZY87GW ,EGKK_LEMG
SAS1205 ,EKCH_EKYT
TKJ4YQ  ,LTFJ_LTAI
VLG3KG  ,LEMG_LEBL
IBE31DY ,EGLL_LEMD
VLG48UM ,LEBL_LEMH
IBE31SB ,LEMD_LPPT
THY4TZ  ,LTFM_LTAI
PGT8BL  ,LTCG_LTFJ
DLH9CT  ,EDDB_EDDF
SHT6G   ,EGLL_EGPF
DEREE   ,EDML_EDML
EFW0RU  ,LEPA_EGKK
TVF13SJ ,LFPO_LPPR
CFG746  ,EDDM_LTAI
DLH11F  ,EDDM_LEPA
DEEIR   ,ETHN_ETHN
PGT12BL ,LTFJ_LTAI
TVF12TX ,LEBL_LFPO
DHYAM   ,EDKB_EDKB
EJU49KR ,LEBL_LPPT
BAW32PG ,LFPG_EGLL
UAU40   ,EGDM_EGDM
PUE221  ,LEMD_SKBO
RYR934Q ,LICJ_LIRF
SAS1203 ,EKCH_EKYT
FGKQI   ,LFMA_LFMA
TAP3833 ,LPPT_LPMA
DELPL   ,EDLM_EDLM
HRN714  ,LEPA_EDDM
EDW200E ,LSZH_LSZH
SXN21   ,EGLD_EGLD
IBE31TT ,LEMD_EGLL
THY144  ,LTFM_LTFM
CFG2HD  ,LEPA_EDDK
EWG9PM  ,EDDK_LEPA
SHT6L   ,EGLL_EGPF
SAS4027 ,ENGM_ENZV
TAP1922 ,LPPT_LPPR
SAS24C  ,ENGM_ENZV
EJU31AK ,LFPG_LFMN
NSZ3080 ,EKCH_EKYT
AEE110  ,LGAV_LGTS
QTR15A  ,OMDB_EGLL
SXS6LY  ,EDDK_LTAI
EZY8140 ,LEMG_EGKK
TUI5PG  ,EDDF_LEPA
IBE31ZW ,LEMD_LPPT
SAS1217 ,EKCH_EKYT
NOZ546  ,ENGM_ENZV
GWI9084 ,EDDL_EDDM
THY2TP  ,LTFM_LTAI
AFR19EJ ,EKCH_LFPG
ABR3LS  ,LFBO_LFPG
NOZ525  ,ENZV_ENGM
EJU68YQ ,LFMN_LFPG
VLG8VJ  ,LEMD_LEBL
THY6LG  ,LTFM_LTFM
SWT7774 ,LEIB_LEPA
RYR2714 ,LEAL_EGKK
N26VL   ,EHTE_EHTE
NOZ824  ,ENGM_ESSA
FBY33E  ,LEBG_LEBG
EZY35TN ,EGKK_LTAI
HABIP   ,EHLE_EHLE
NOZ528  ,ENGM_ENZV
NSZ9RA  ,EKCH_EKYT
AFR75WH ,EHAM_LFPG
GBEWR   ,EGHH_EGHH
BCS41E  ,EBMB_LEMD
GSNDZ   ,EGBG_EGBG
NSZ3196 ,EKCH_ESSA
EMU9    ,EGYD_EGYD
FBY27A  ,LEBG_LEBG
EAP71   ,LFPN_LFPN
EJU5189 ,EDDB_LSZH
AUA23L  ,LOWW_EDDB
SXS2ZX  ,LTAI_EDDL
SXS6PJ  ,EDDM_LTAI
TKJ3VH  ,LTFJ_LTFE
SHT8T   ,EGLL_EGPH
SYS143  ,EGOS_EGOS
SWR243  ,LSZH_LSZH
TOM6ND  ,LPFR_EGKK
IBS38ZJ ,LEMD_LEIB
NOZ802  ,ENGM_ESSA
WMT3EA  ,LIRF_LEBL
DEZMR   ,EDKB_EDKB
EJU85RE ,LPPT_LEBL
ITY216  ,LIRF_EGKK
OYTOU   ,EKRK_EKRK
RYR36LM ,EGSS_EIDW
SAS87W  ,ENGM_EKCH
PHHCJ   ,EHLE_EHLE
EJU56AD ,LEBL_LIMC
KLM997  ,EHAM_EGLC
BRO27   ,EGNV_EGNV
SWR4YY  ,EDDB_LSZH
OYCVW   ,EKRK_EKRK
THY145  ,LTFM_LTFM
SAS4043 ,ENGM_ENZV
IBE6587 ,LEMD_SKBO
SHT6F   ,EGLL_EGPF
THY3GT  ,LTAI_LTFM
CCA939  ,LFPG_LIRF
ITY1715 ,LIML_LICZ
TAP36RC ,LPPT_LPPR
GBZDA   ,EGLM_EGLM
KLM1930 ,LSGG_EHAM
BAW914N ,EGLL_EDDF
NOZ549  ,ENZV_ENGM
DESAS   ,EDKB_EDKB
WUK162  ,LTAI_EGKK
DLH2VK  ,EDDB_EDDF
IBE6585 ,LEMD_SKBO
SAS533  ,ESSA_EGLL
TOM71T  ,LEAL_EGKK
EDW215P ,LSZH_LSZH
BAW904N ,EGLL_EDDF
GCIFL   ,EGCB_EGCB
THY66C  ,LTAI_LTFM
SAS1202 ,EKYT_EKCH
GJJAN   ,EGLK_EGLK
NSZ5YB  ,ESSA_EKCH
SAS369  ,ENVA_ENGM
SWT104  ,LEIB_LEPA
KLM22B  ,LSGG_EHAM
VLG83MT ,LEMG_LEBL
EWG6ZR  ,LEPA_EDDS
GBCEY   ,EGLM_EGLM
BLADE15 ,LPBJ_LPBJ
EMU3    ,EGYD_EGYD
KLM1936 ,LSGG_EHAM
VLG724A ,LEBL_LEMH
EDW32Y  ,LSZH_LSZH
GGSPY   ,EGLD_EGLD
FIN7KM  ,EFHK_EETN
WIF5F   ,ENVA_ENBO
GRAZE   ,EGLM_EGLM
NOZ524  ,ENGM_ENZV
IBE6590 ,SKBO_LEMD
KLM1928 ,LSGG_EHAM
BNOG    ,ENZV_ENBR
FHGYO   ,LSGL_LSGL
OEXBF   ,LOWS_LOWS
WFL1506 ,LEMD_LEMD
AUA22N  ,EDDB_LOWW
SXS8YX  ,EDDK_LTAI
NJE146G ,LFMN_EHAM
SYS110  ,EGOS_EGOS
THY6039 ,LTFM_LTFM
DAH1003 ,LFPG_DAAG
GWI30P  ,EDDM_EDDL
TAY9LA  ,LFPG_LIRF
FBY32S  ,LEBG_LEBG
SHT6U   ,EGLL_EGPF
OKDSV   ,LKHK_LKHK
RYR6881 ,LEBL_LEMH
FIN4D   ,EFHK_EETN
SAS4055 ,ENGM_ENZV
ITY1782 ,LICJ_LIRF
AEA6071 ,LEBL_LEPA
EXS4SL  ,LEAL_EGCC
EZY84LT ,EGKK_LTAI
ADM487  ,LPEV_LPEV
EZY27EF ,LIRF_EGKK
AFR44HF ,LFPG_LFBO
SHT9F   ,EGPH_EGLL
KLM21U  ,EHAM_EGLC
EWG7RL  ,EDDM_LEPA
CFG5AL  ,EDDF_LEPA
ZM306   ,EGYD_EGYD
EJU897J ,LIMC_LICZ
EFW61U  ,LEAL_EGKK
SWR2EY  ,LSGG_LSZH
RYR9HM  ,LEMD_LPPR
ABEL5   ,LFBD_LFBD
SWT5629 ,LFPG_LFBO
FIN2D   ,EFHK_EETN
SAS883  ,ESSA_ENGM
EFW34R  ,EGKK_LEPA
SAS821  ,ENGM_EHAM
PTN556P ,LSGG_EHAM
EWG15F  ,LOWS_LOWS
ETP04   ,EGDM_EGDM
RYR79ZL ,LPFR_EIDW
EJU7939 ,EHAM_EKCH
SWR189  ,LSZH_LSZH
EZY8575 ,EGKK_LTAI
SEK5499 ,EDDH_EDDM
EJU81GY ,LFMN_LFPG
RYR823  ,EIDW_EGPH
OCN9CA  ,LEPA_EDDF
GGMOX   ,EGBJ_EGBJ
EDW58T  ,LSZH_LEPA
BCS4MP  ,LGAV_LCLK
DLH3E   ,EDDH_EDDM
AEA9117 ,LEMD_LEMD
BCS3164 ,ENZV_ENBR
SXS5AC  ,EDDK_LTAI
BAW73RP ,EGLL_LSGG
RYR34PV ,EIDW_EGSS
ADM444  ,LPEV_LPEV
DJT105  ,LFPO_LFMN
SCQZ4Y  ,ENGK_ENGK
AFR61HN ,LFPG_LFML
RYR2JG  ,EGBB_EIDW
FIN4EL  ,EFHK_EETN
VLG8DU  ,LEBL_LEMH
SAS53C  ,ESSA_EKCH
NOZ47Y  ,ENVA_ENGM
RYR59LE ,LEPA_EDDB
MGH301  ,LTAI_EDDL
SHT6M   ,EGLL_EGPF
PGT2824 ,LTFJ_LTCG
FBY915S ,LEBG_LEBG
GWWAL   ,EGLM_EGLM
EZY39XA ,LEBL_EGKK
EJU4854 ,LFMN_LFPO
VLG3706 ,LEBL_LEMH
AEZ413P ,LICJ_LIRF
BAW915U ,EDDF_EGLL
EAX5L   ,LELL_LELL
DLH77W  ,LEPA_EDDF
RYR10UA ,EGPH_EIDW
AUA223  ,LOWW_EDDB
VLG5GM  ,LEMH_LEBL
SAS827  ,ENGM_EHAM
WIF2H   ,ENVA_ENBO
RYR11JC ,LEBL_LEPA
EWG5NR  ,LOWS_LOWS
SWR2XC  ,LSGG_LSZH
BAW9279 ,EIDW_EGLL
FDX4678 ,EDDM_LFPG
TRA25M  ,LEMG_EHAM
KAL8592 ,LEMD_EDDF
THY3YP  ,EGLL_LTFM
IBE30BB ,LEMD_LEBL
DJT104  ,LFMN_LFPO
TAP1934 ,LPPT_LPPR
ALK501  ,LFPG_EDDF
OEVDQ   ,LOAN_LOAN
IBE6588 ,SKBO_LEMD
SPKOI   ,EPML_EPML
SPTEN   ,EPGL_EPGL
EJU62EM ,EKCH_EHAM
DLH2RK  ,EDDB_EDDF
AFR77EZ ,LFMN_LFPO
KLM991  ,EHAM_EGLC
THY1HY  ,LTFM_LTAI
FBY37B  ,LEBG_LEBG
THY4GP  ,LTAI_LTFM
PGT1917 ,LCEN_LTFJ
IBS3937 ,LEMD_LEMD
GBNRG   ,EGVN_EGVN
CFG3CE  ,EDDH_LEPA
PGT21DD ,LTAI_LTFJ
TAP1924 ,LPPT_LPPR
VCJ94U  ,LEPA_LSZH
SXS9    ,EDDM_LTAI
IBE6620 ,LEMD_LEMD
DLH58Y  ,EDDF_LEPA
SAS92Y  ,ENBR_ENGM
EJU78FQ ,LPPT_LEBL
IBE3097 ,LPPR_LEMD
RYR5CF  ,LEAL_EGCC
BCS8341 ,LEMD_LIMC
FIN27H  ,EETN_EFHK
CFG9ME  ,LEPA_EDDL
UAE52M  ,EDDM_EDDF
NJE923L ,LEBL_EHAM
FJGRR   ,LFRE_LFRE
SEH1HG  ,LGAV_LGTS
KLM1938 ,LSGG_EHAM
CFE8WH  ,EGLC_EHAM
PGT1925 ,LCEN_LTFJ
TVF31ZQ ,LPPR_LFPO
SAS262  ,ENBR_ENGM
GBEZV   ,EGPD_EGPD
NOZ1257 ,EHAM_ENGM
GBGGO   ,EGNX_EGNX
EJU8537 ,EGKK_LPFR
CFG4EM  ,LEPA_EDDH
CAI44XQ ,LTAI_EDDK
EJU49AK ,LFPG_LFMN
SWR200H ,LSGG_LFMN
CFG4TZ  ,EDDS_LEPA
EWG17A  ,LEPA_EDDM
ETD69K  ,EGLL_EGLL
EFW8XN  ,EGKK_LEMG
IBE3105 ,LPPT_LEMD
RYR8HR  ,LEPA_EDDB
JFA98Y  ,LSGG_EHAM
ANE58FF ,LEIB_LEPA
FHY1092 ,EDDL_LTAI
EMU6    ,EGYD_EGYD
ITY1776 ,LICJ_LIRF
DMBRE   ,EDLT_EDLT
EAX7FS  ,LELL_LELL
RYR972A ,EGKK_EIDW
VLG6XE  ,LEBL_LEIB
VLG36LK ,LEMH_LEBL
GWI46CP ,EDDM_EDDL
EAX2N   ,LELL_LELL
AEE120  ,LGAV_LGTS
EJU68PE ,LFPO_LFMN
SAS4049 ,ENGM_ENZV
PHCRJ   ,EDVM_EDVM
DIODE   ,LELL_LELL
FYS11AL ,LECU_LECU
ANE56PN ,LEIB_LEPA
SAS50B  ,ENGM_ESSA
BAW127  ,EGLL_KJFK
BAW43M  ,LEMD_EGLL
VLG38AU ,LIRF_EGKK
SAS4032 ,ENZV_ENGM
GBRJV   ,EGKR_EGKR
GBUFH   ,EGHH_EGHH
GWI9090 ,EDDL_EDDM
TOM5329 ,LEMG_EGKK
EZY37VN ,EGKK_LPFR
SHT8V   ,EGLL_EGPH
NSZ1GT  ,ESSA_EFHK
SVA274  ,LTFM_OMDB
SAS95K  ,EKCH_LFPG
EZY8091 ,EGKK_LEPA
EJU76ZU ,EHAM_EKCH
GBUIJ   ,EGKR_EGKR
THY1TM  ,OMDB_LTFM
AEA16YR ,LEBL_LEPA
AEE104  ,LGAV_LGTS
FHY1452 ,EDDK_LTAI
ITY2037 ,LIML_LIRF
NOZ345  ,ENBO_ENGM
VLG3730 ,LEBL_LEMH
EJU97AF ,EKCH_LFPG
VLG3GN  ,LFPO_LIRF
BAW714T ,EGLL_LSZH
KLM993  ,EHAM_EGLC
GDUVL   ,EGLM_EGLM
AFR99UA ,LEMD_LFPG
FHY1366 ,EDDK_LTAI
OKOKE   ,LKLT_LKLT
TRA5139 ,EHAM_LEBL
EZY93XM ,LTAI_EGKK
SWR2GB  ,LSZH_LEPA
FIN5RG  ,EFHK_EETN
FGOVX   ,LFQO_LFQO
SYS138  ,EGOS_EGOS
SEH1LC  ,LGAV_LCLK
AEE3SW  ,LGAV_LGTS
DLH9FM  ,EDDM_EDDH
GSW1EP  ,LSZH_LEPA
EJU18CQ ,LFMN_LFPO
KLM23V  ,EHAM_ESSA
EJU82DQ ,LFBD_LFBD
WFL3504 ,LEMD_LEMD
SWR1EX  ,LSZH_LEPA
WIF23B  ,ENVA_ENBO
RYR25FW ,LEMD_LEPA
EJU52DV ,LIMC_LEBL
SXS5AK  ,EGKK_LTAI
FHY1588 ,EGKK_LTAI
VLG4NX  ,EHAM_LEMG
FJLDH   ,LFPZ_LFPZ
BAW780F ,EGLL_ESSA
AFR1555 ,DAAG_LFPG
URO660  ,EGHH_EGHH
FPO653  ,LFPG_DAAG
EZY91YR ,EGCC_LEPA
SCQZ3M  ,ENGK_ENGK
SHT7A   ,EGPF_EGLL
WIF2R   ,ENVA_ENBO
CFG9VZ  ,LEPA_EDDH
KLM50X  ,LSGG_EHAM
SWR6MZ  ,EDDB_LSZH
EJU89AL ,EGKK_LEPA
CFG2EC  ,EDDK_LEPA
PGT22YY ,LTFJ_LTCG
GAYEF   ,EGCB_EGCB
EZY67GC ,EHAM_EGCC
SXS7MN  ,EDDM_LTAI
SXS1EQ  ,EDDM_LTAI
EJU4853 ,LFPO_LFMN
PGT9GR  ,LTAI_LTFJ
EZY65GJ ,EGCC_LTAI
EXS22G  ,LEAL_EGCC
SAS85G  ,ENGM_ENZV
ABR2LS  ,LFPG_LFBO
FHY1504 ,EGKK_LTAI
THY2JB  ,LTFM_LTAI
IBE30WW ,LEMD_LPPR
IBE30PR ,LEMD_LEBL
RYR1299 ,LGAV_LIRF
AFR86HE ,LFPO_LFMN
MDF032  ,LGAV_LGTS
GXITE   ,EGBJ_EGBJ
SABIO03 ,LPBJ_LPBJ
FBY84C  ,LEBG_LEBG
ANE8519 ,LEIB_LEPA
TAY6CA  ,LGAV_LCLK
EZY8538 ,LPFR_EGKK
DLH4AW  ,EDDF_EDDH
TVF47TT ,LFPO_LPPR
FIN5PD  ,EFHK_EETN
KLM23A  ,EHAM_ESSA
CFG1DK  ,EDDL_LEPA
AFR49ZZ ,EKCH_LFPG
OCN46R  ,EDDF_LEPA
FYG24V  ,LEPA_EDDF
DLH5E   ,EDDH_EDDM
EXS8FW  ,EGCC_LEPA
UAE58Y  ,OMDB_LTFM
NSZ8WM  ,EKCH_EKYT
IBS3776 ,LEMD_LEMD
NSZ3539 ,EHAM_EKCH
RTG5547 ,ENGM_ENVA
RVP205  ,LPSO_LPSO
TAP1926 ,LPPT_LPPR
ETP89   ,EGDM_EGDM
EJU13HF ,LPPT_LPMA
BCS6731 ,EHAM_EGLL
NOZ526  ,ENGM_ENZV
TKJ7JX  ,LTFJ_LTCG
DLH02Y  ,EDDM_LFPG
KLM896  ,EHAM_EHAM
VLG8DV  ,LEBL_LEMH
PHIIX   ,EHLE_EHLE
PGT15QB ,LTAI_LTFJ
OKPEL   ,LKHK_LKHK
TKJ4DJ  ,LCEN_LTFJ
AEA6037 ,LEBL_LEPA
SAS336  ,ENGM_ENVA
DEXAI   ,EDFE_EDFE
SRD187  ,EGDX_EGDX
EZS67AJ ,LSGG_LFMN
WZZ187  ,LGAV_LCLK
HBPMP   ,LSGL_LSGL
EIN1LM  ,EIDW_EGLL
RYR576B ,LEMD_LEMD
V00596  ,EDVM_EDVM
MDI08T  ,EGNV_EGNV
AEE136  ,LGAV_LGTS
EZY8210 ,LIRF_EGKK
SPTUG   ,EPRJ_EPRJ
OCN4H   ,LEPA_EDDF
KLM77D  ,EHAM_ESSA
FIN1YR  ,EFHK_EETN
GPLAN   ,EGTB_EGTB
PGT2    ,LTFJ_LTAI
CES709  ,LFPG_LEMD
SWR3PH  ,LSZH_LSZH
WUK2EM  ,EGKK_LTAI
FDB756  ,LTFM_OMDB
FHY1371 ,LTAI_EDDK
SWR2YA  ,LSGG_LSZH
EFW88X  ,EGKK_LEMG
CFG4HM  ,EDDL_LEPA
FYS41AL ,LECU_LECU
SEH2HG  ,LGAV_LGTS
EMU7    ,EGYD_EGYD
NOZ8EQ  ,ESSA_ENGM
VLG8371 ,LEMG_EHAM
CFG3DL  ,LEPA_EDDH
VLG3711 ,LEMH_LEBL
RYR2179 ,LIMC_LICZ
TKJ7NS  ,LTAI_LTFJ
EAI37RG ,EGPH_EIDW
AAL134P ,KLAX_EGLL
EWG8595 ,LEPA_EDDB
FBY16D  ,LEBG_LEBG
EJU56QN ,LEPA_EDDB
AFR1455 ,DAAG_LFPG
BRU783  ,LTFM_LTFM
AEE6TY  ,LGAV_LGTS
OEVDI   ,LOAN_LOAN
RYR5GR  ,EGCC_LEPA
NHZ22   ,EGNH_EGNH
SAS58A  ,ENVA_ENBR
TVF7611 ,LPPR_LFPO
IBS3626 ,LEMD_LEMD
EZS28QZ ,LSGG_LFMN
FHTLI   ,LFCL_LFCL
OOPCC   ,EBSP_EBSP
SAS257  ,ENGM_ENBR
SWR2ZY  ,LSZH_LEPA
MSA79F  ,LIRF_LICZ
RVP212  ,LPSO_LPSO
DTH3001 ,LFPG_DAAG
AUA230  ,EDDB_LOWW
OCN3NF  ,EDDM_LEPA
IBE3109 ,LPPT_LEMD
SWR6MW  ,EDDB_LSZH
KLM25Y  ,EHAM_EGLC
CAI2NA  ,LTAI_EDDL
EWG77GW ,EDDS_LEPA
IBS39UW ,LEMD_LEMD
SAS54B  ,ENGM_ENVA
SVA275  ,OMDB_LTFM
RYR7ED  ,LIMC_LICZ
EIN58P  ,LEMG_EIDW
ORO1042 ,LEIB_LEBL
SAS532  ,EGLL_ESSA
DLH82W  ,EDDF_LEPA
IBE31SP ,LEMD_EGLL
CAZ103  ,LEMG_EHAM
FIN4LB  ,EFHK_EETN
EJU8532 ,LPFR_EGKK
DTH3003 ,LFPG_DAAG
NSZ3637 ,LFPG_EKCH
PGT7XF  ,LTFJ_LTAI
SAS341  ,ENVA_ENGM
FDX36   ,EDDF_LFPG
SAS4196 ,ENBR_ENVA
KLM995  ,EHAM_EGLC
CFE19F  ,EHAM_EGLC
PGT2264 ,LTFJ_LTFE
VJT467  ,EHAM_LFMN
CFG4DE  ,EDDH_LEPA
THY2NT  ,OMDB_LTFM
GHITD   ,EGTR_EGTR
TOM8DA  ,LEPA_EGKK
SHT7U   ,EGPF_EGLL
TRA5960 ,LPPT_EHAM
AUA2BE  ,EDDB_LOWW
SWR9TG  ,LSZH_LSGG
EWG82UB ,LSZH_LEPA
BAW3FP  ,EGLL_LFPG
EZY57PJ ,EGCC_EHAM
SRR6645 ,LPPT_LPPR
WIF703  ,ENBO_ENVA
TKJ1NV  ,LTCG_LTFJ
SAS351  ,ENVA_ENGM
EZY56KC ,EGCC_LEMG
EWG6HA  ,EDDH_LEPA
TRA1G   ,LEMG_EHAM
IBE6832 ,LEMD_LEMD
BAW778F ,EGLL_ESSA
TAH1103 ,LTAI_EDDK
SAS847  ,ESSA_ENGM
DHHAL   ,EDKB_EDKB
AFR31AM ,LEMD_LFPG
KAC106  ,EGLL_LSGG
TUI9LA  ,LEPA_EDDS
BAW4GS  ,EGLL_LEBL
OEFSE   ,LOWS_LOWS
VYT88   ,EGOV_EGOV
CFG6CE  ,LEPA_EDDL
VLG3PG  ,EHAM_LEMG
EJU34DB ,EGCC_LEMG
VLG8FC  ,LEBL_LEMG
RYR8968 ,LEBL_LEMH
RYR75SN ,EGKK_EIDW
IBE31ZZ ,LEMD_EGLL
THY5HK  ,OMDB_LTFM
ITY1774 ,LICJ_LIRF
VLG8470 ,LEAL_EGKK
EWG36N  ,LOWG_LOWG
AFR53SM ,EKCH_LFPG
QAF3    ,KLAX_EGLL
THY141  ,LTFM_LTFM
IBE30KE ,LEMD_LEBL
VLG5HY  ,LEBL_LEMD
SXS6E   ,LSZH_LSZH
BAW781C ,ESSA_EGLL
VLG6FZ  ,LEMH_LEBL
CFG3MV  ,LEPA_EDDL
THY2ZY  ,LTFM_LTFM
EZY15MP ,LEBL_EGKK
RYR83DQ ,EGKK_EIDW
NJE401E ,EHAM_ESSA
TKJ8QZ  ,LTFJ_LTAI
CFG5LY  ,LEPA_EDDF
SHT8L   ,EGLL_EGPH
FYS20AK ,LECU_LECU
SWT7775 ,LEPA_LEIB
SYS64   ,EGOS_EGOS
THY4KB  ,LTFM_LTAI
THY60Q  ,EDDF_LTFM
CAI9059 ,LTAI_EDDK
XRO1034 ,EHAM_LFMN
EZY67HA ,LTAI_EGKK
SWR3KX  ,LEPA_LSZH
SAS1421 ,ESSA_EKCH
QTR703  ,LFPG_KJFK
RYR2495 ,LEBL_LEPA
NJE366B ,LEPA_EDDB
FBY980S ,LEBG_LEBG
FDB74U  ,OMDB_LTFM
DETTK   ,EDKB_EDKB
NOZ57W  ,ENVA_ENGM
GOPUP   ,EGLM_EGLM
EWG54D  ,LEPA_EDDH
IBE31ZA ,LEMD_EGLL
AFR7540 ,LFPO_DAAG
EWG2588 ,EDDS_LEPA
SWR5129 ,EHAM_LSZH
WMT8465 ,LIRF_EGKK
TKJ3ZH  ,LTCG_LTFJ
AAL9601 ,KJFK_EGLL
PGT94RD ,LTAI_LTFJ
TVF508C ,LPPR_LFPO
RYR23DG ,LPFR_EIDW
EAX1JS  ,LELL_LELL
GWI1TA  ,EDDM_EDDL
RZO513  ,LFPG_KJFK
FBY37A  ,LEBG_LEBG
VLG2QX  ,LSZH_LEPA
DLH2LX  ,EDDM_EDDH
TKJ5SY  ,LTFJ_LTCG
PGT5AR  ,EDDM_LTAI
EIN58K  ,LEMG_EIDW
CFG9LD  ,LEPA_EDDF
OKBBA   ,LKHK_LKHK
BNO92J  ,ENVA_ENGM
PGT55UP ,LTFJ_LTAI
AUA2TU  ,EDDB_LOWW
ANE57QH ,LEIB_LEPA
RYR3ZW  ,LPFR_EIDW
SWR3ZK  ,LSZH_LSGG
AEE90C  ,LGAV_LCLK
EZY8092 ,LEPA_EGKK
DUB8    ,EGSS_EIDW
EWG39A  ,EDDS_LEPA
KLM1225 ,EHAM_ESSA
BAW262  ,EGLL_EGLL
TKJ5NF  ,LTCG_LTFJ
NOZ66Y  ,ENGM_ENVA
PHAVB   ,EHTE_EHTE
SEH3LC  ,LGAV_LCLK
SAS462  ,EKCH_ENGM
THY8RZ  ,LTFM_LTFM
DTH3002 ,DAAG_LFPG
TOM3GX  ,LPFR_EGKK
RVP108  ,LPSO_LPSO
CND428  ,EHAM_EHAM
EJU7940 ,EKCH_EHAM
PGT1TW  ,LTFJ_LTCG
THY5DT  ,LTFM_LTAI
JOKER57 ,ETHN_ETHN
THY2471 ,LTFM_LTFM
SYS95   ,EGOS_EGOS
DEFCZ   ,EDKB_EDKB
IBE31TM ,EGLL_LEMD
RYR8137 ,LEIB_LEBL
TRA1446 ,EHAM_EHAM
TRA1903 ,EHAM_EHAM
IBE6586 ,SKBO_LEMD
CFG6PK  ,LEPA_EDDF
IBE6589 ,LEMD_SKBO
FIN5Y   ,EFHK_EETN
SWT5RS  ,LFPG_LFML
FPHON   ,LFRE_LFRE
AUA3TG  ,EDDB_LOWW
IBS3944 ,LEMD_LEMD
UAE118  ,LTFM_OMDB
THY4QJ  ,EDDF_LTFM
EJU98RK ,LFMN_EHAM
ABEL3   ,LFBD_LFBD
THY3GA  ,LTFM_LTAI
NOZ342  ,ENGM_ENBO
HBMGB   ,LSZR_LSZR
THY8CB  ,EDDF_LTFM
NSZ2FU  ,EFHK_ESSA
AIC128  ,EGLL_KJFK
SAS51N  ,EGLL_ESSA
TAY9IX  ,LFPG_EKCH
OEFEE   ,LIRU_LIRU
RYR931K ,EGKK_EIDW
EWG8MM  ,EDDS_LEPA
CFG8LD  ,EDDL_LEPA
KLM68N  ,LFMN_EHAM
EAX2LS  ,LELL_LELL
SAS4172 ,ENZV_ENBR
FHY1404 ,EDDK_LTAI
EJU9040 ,LEBL_LIMC
KLM977  ,EHAM_EGLC
WZZ6315 ,LIMC_LEBL
VLG3715 ,LEMH_LEBL
EZY9003 ,LEMG_EGKK
SWR8WK  ,LSGG_LSZH
PHKFV   ,EHGG_EHGG
AUA34F  ,EHAM_LOWW
RYR1TX  ,LEPA_EGCC
EFW2795 ,LTAI_EGKK
RVP302  ,LPSO_LPSO
THY2GD  ,LTAI_LTFM
PGT1927 ,LCEN_LTFJ
SAS9229 ,ENGM_EKCH
EZY36AG ,EGKK_LEAL
WIT24   ,EGXT_EGXT
VLG915R ,LIRF_EGKK
WRBOY1  ,EGYD_EGYD
GIPPS   ,EGHR_EGHR
RYR60WG ,EGKK_EIDW
RYR76TX ,EGKK_EIDW
CAO3136 ,LFPG_LEMD
RYR387  ,LPPT_LPMA
GEC8355 ,ESSA_EFHK
LFA206  ,EGTC_EGTC
GAVJJ   ,EGBJ_EGBJ
THY7EV  ,LTFM_LTFM
BAW3KG  ,EGLL_EHAM
IBS3933 ,LEMD_LEMD
GFFMV   ,EGNV_EGNV
GCRSR   ,EGLM_EGLM
SAS44K  ,ESSA_EFHK
BCS7750 ,LGAV_LGTS
BAW779C ,ESSA_EGLL
KAC118  ,KJFK_EGLL
PHGHZ   ,LFMN_EHAM
SYS22   ,EGOS_EGOS
GES401V ,LEMG_LEBL
FGBQI   ,LFPN_LFPN
CXI11FQ ,LEPA_EDDL
CFG6AF  ,EDDL_LEPA
PGT1921 ,LCEN_LTFJ
BAW783C ,ESSA_EGLL
KAL504  ,EGLL_LFPG
EWG23A  ,LEPA_EDDK
CFG2YX  ,LEPA_EDDH
VLG4UQ  ,LEMH_LEBL
DCAWR   ,EDDV_EDDV
GFM5X   ,LEMG_EIDW
FBY568S ,LEBG_LEBG
SAS9230 ,EKCH_ENGM
VLG4YT  ,LEBL_LIRF
NJE956L ,EDDK_LEPA
WIF12A  ,ENBO_ENVA
RYR3012 ,LEPA_LEMD
EJU34UK ,LPPT_LPMA
FHY1494 ,EDDK_LTAI
EZY2021 ,EGCC_LEPA
FBY21A  ,LEBG_LEBG
CYP313  ,LGAV_LCLK
OHHMQ   ,EFTP_EFTP
EWG87AF ,EDDS_LEPA
SWR979E ,EDDB_LSZH
SHT6J   ,EGLL_EGPF
THY3121 ,EDDM_LTAI
GOMAH   ,EGCB_EGCB
CFG2PL  ,LEPA_EDDL
CFG1MY  ,EDDL_LEPA
BUDDY41 ,LKPD_LKPD
THY5LB  ,LTFM_LTFM
CFG5HV  ,EDDF_LEPA
CFG5HC  ,EDDH_LEPA
AFR61SE ,LFPG_LFML
BCS13G  ,EDDF_EGLL
EWG3NB  ,EDDB_LOWW
NOZ803  ,ESSA_ENGM
EJU39NZ ,EDDB_LEPA
ANE32KL ,LEPA_LEIB
BUDDY51 ,LKPD_LKPD
CFG8KV  ,LEPA_EDDH
EWG6MX  ,EDDB_LSZH
GEGTB   ,EGTK_EGTK
EZY95NF ,EGKK_LEAL
THY6187 ,LTFM_LTFM
SWT7880 ,LEPA_LEIB
RYR4QA  ,LICJ_LIRF
QTR79B  ,LFPG_EDDF
WIF6EF  ,ENZV_ENBR
BRU785  ,LTAI_LTFM
EJU53MB ,LEPA_EDDB
EWG5N   ,LEPA_EDDB
THY24V  ,OMDB_LTFM
BAW49TA ,LEBL_EGLL
CFG9FE  ,LEPA_EDDM
SAS1221 ,EKCH_EKYT
KLM26H  ,LFMN_EHAM
THY48L  ,LTFM_LTFM
FDX5202 ,EGSS_EIDW
AEA62SG ,LEMD_LIMC
EWG7HP  ,LEPA_EDDH
FBY981S ,LEBG_LEBG
AFR7638 ,LFPO_DAAG
EJU36KR ,LEMG_EHAM
OKDUD24 ,LKHK_LKHK
NOZ58U  ,ENGM_EHAM
WIF4ET  ,ENBO_ENVA
HBQZR   ,LSZV_LSZV
EIN93T  ,LPFR_EIDW
SAS38M  ,EGLL_ESSA
RYR1AB  ,EIDW_EGCC
EJU96PJ ,LFPO_LIRF
EJU8538 ,LPFR_EGKK
CFG5KA  ,LEPA_EDDF
VLG3525 ,LEIB_LEBL
SEH650  ,LGAV_LGTS
NSZ6MP  ,EKCH_EKYT
THY3DY  ,LTAI_LTFM
SFG55B  ,LEMG_LEBL
EIN585  ,LEMG_EIDW
SAS528  ,EGLL_ESSA
OOKYM   ,EBZH_EBZH
VLG6024 ,EGKK_LEAL
GHMCE   ,EGWN_EGWN
GWI1KJ  ,EDDM_EDDL
CFG7PC  ,EDDF_LEPA
EDW245Z ,LEPA_LSZH
VJT426  ,EHAM_LFMN
EWG64R  ,EDDB_LSZH
EZY84EP ,LIRF_EGKK
NOZ88A  ,ENGM_ENVA
FSM412  ,LECU_LECU
EAX6FS  ,LELL_LELL
ITY1778 ,LICJ_LIRF
TOM30X  ,LEAL_EGCC
BAW786F ,EGLL_ESSA
TKJ4HE  ,LTFJ_LTAI
CFG1KV  ,LEPA_EDDH
SWR6TP  ,LSZH_EHAM
CFG8MV  ,LEPA_EDDH
TOM5BT  ,LEMG_EGKK
BADAK10 ,LPBJ_LPBJ
SWR30M  ,EDDB_LSZH
CFE6CP  ,EHAM_EGLC
CFG4FA  ,LEPA_EDDM
CAI2QC  ,EDDL_LTAI
TAP93L  ,LPPT_LPMA
CFG6VM  ,LEPA_EDDL
NJE417C ,LFMN_EHAM
VLG54SN ,LFPO_LIRF
CFG2ZX  ,EDDL_LEPA
FYS18KS ,LECU_LECU
SAS705  ,EFHK_ESSA
WMT506  ,LIRF_EGKK
AEE91C  ,LGAV_LCLK
DHX713  ,LTFM_OMDB
KLM878  ,EHAM_EHAM
CFG3WZ  ,EDDK_LEPA
RYR18YZ ,EGCC_EIDW
N622RC  ,EGBJ_EGBJ
EFW2794 ,EGKK_LTAI
ANE21KP ,LEIB_LEPA
AEE908  ,LGAV_LCLK
AUA2JA  ,EDDB_LOWW
GRAFG   ,EGUB_EGUB
CFG6YZ  ,LEPA_EDDM
EZY75KM ,EGCC_LEMG
IBE30AL ,LEBL_LEMD
CFG7VC  ,LEPA_EDDK
AEE4016 ,LGAV_LFPG
SWR2TZ  ,LSZH_LEPA
CFG2AE  ,EDDH_LEPA
EZY16ER ,EGKK_LEPA
PGT21A  ,LTAI_EDDL
EXS23ML ,LEPA_EGCC
TKJ6WA  ,LCEN_LTFJ
EZY9005 ,EGKK_LIRF
CFG7DW  ,LEPA_EDDF
IBE3165 ,EGLL_LEMD
SWR96B  ,LSZH_LSGG
EWG2NY  ,LOWW_EDDB
VLG9LC  ,LEMH_LEBL
OEGTS   ,LOWS_LOWS
SAS362  ,ENGM_ENVA
VLG3505 ,LEIB_LEBL
PGT1913 ,LCEN_LTFJ
SAS72C  ,EHAM_ESSA
PGC36Z  ,LSGG_EHAM
THY73U  ,LTFM_LTFM
SYS30   ,EGOS_EGOS
SWR4TH  ,LSZH_LSGG
EZY47EK ,LPFR_EGKK
TVF93TP ,LFPO_LPPR
RYR143  ,EGKK_EIDW
KLM24E  ,LFMN_EHAM
FHY1372 ,EDDK_LTAI
IBS3828 ,LEMD_LEMD
VLG4QW  ,LEMH_LEBL
CFG5FL  ,LEPA_EDDH
EWG15UW ,EDDS_LEPA
EJU19KA ,EHAM_LFMN
EZY45NU ,EGKK_LEBL
NOZ550  ,ENGM_ENZV
GBNNO   ,EGSH_EGSH
EXS13C  ,EGCC_LEPA
NOS8093 ,LIRF_LICZ
AOJ69Y  ,EGSS_EIDW
TOM8HN  ,EGKK_LEPA
RYR822  ,EGPH_EIDW
NJE637E ,LEMG_EIDW
THY9GL  ,LTFM_LTFM
PGT3KZ  ,LTFJ_LTAI
SPVIP   ,EPWS_EPWS
RYR6882 ,LEMH_LEBL
ECMZH   ,LELL_LELL
SAS534  ,EGLL_ESSA
YZR7413 ,EHAM_EHAM
TFL4YE  ,EHAM_EHAM
SAS53E  ,ENZV_ENGM
VLG202P ,LEBL_EHAM
ITY1712 ,LICZ_LIRF
CND254P ,EHAM_LPPT
NOS8001 ,LIRF_LICZ
CAI9062 ,EDDL_LTAI
IBS3826 ,LEMD_LEMD
CFG1TP  ,EDDH_LEPA
RYR230D ,LEBL_LEMG
IBS38UF ,LEMD_LEMD
EWG8592 ,EDDB_LEPA
PGT47UF ,LTCG_LTFJ
WMT6XZ  ,LFPO_LIRF
IBS39KT ,LEMD_LEMD
RYR583D ,LICZ_LIRF
SAS375  ,ENVA_ENGM
EJU32YD ,EGKK_LEMG
CWL13   ,EGYD_EGYD
MSA95F  ,LIRF_LICZ
ANE75SM ,LEPA_LEIB
TKJ9QV  ,LTAI_LTFJ
CFG3LK  ,EDDL_LEPA
VLG9SC  ,LEMG_LEBL
BAW9278 ,EDDM_EGLL
CFG3ZW  ,LEPA_EDDM
CAI9060 ,EDDK_LTAI
ANE19PQ ,LEIB_LEPA
CFG8XD  ,EDDL_LEPA
THY6011 ,LTFM_LTFM
N9593B  ,EDKB_EDKB
CFG2MW  ,LEPA_EDDF
SAS711  ,EFHK_ESSA
LION51  ,LOWS_LOWS
SIA322  ,WSSS_EGLL
CFE584  ,EGLC_EHAM
DCAWK   ,EDDM_EHAM
CFE88C  ,EHAM_EGLC
EZY18HW ,LEPA_EGCC
NOZ9WB  ,ENVA_ENBR
HBQUK   ,LSZV_LSZV
SPMIB   ,EPBC_EPBC
DMPWZ   ,EDTG_EDTG
SWT7770 ,LEIB_LEPA
PGT3YH  ,LTFJ_LTAI
OEDDI   ,LIRU_LIRU
IBS3829 ,LEMD_LEMD
CFG4MF  ,LEPA_EDDF
EWG5EW  ,EDDB_LEPA
VJH738  ,EHAM_LSZH
VJA552  ,LFMN_EHAM
THY9LG  ,LTFM_OMDB
EJU52VU ,LFPO_LIRF
IBE31BB ,EGLL_LEMD
DLH2TV  ,EDDH_EDDF
BCS209  ,LFPG_EDDF
KLM56G  ,ENGM_EHAM
GOZJX   ,EGGP_EGGP
EZY19FH ,EGKK_LEAL
AEE4K   ,LGAV_LGTS
PGT74HF ,LTFJ_LTAI
CFG1TK  ,LEPA_EDDL
RYR8TC  ,LEMG_EIDW
RYR3KH  ,LICZ_LIRF
EWG8581 ,LEPA_EDDB
EJU79KH ,LIMC_LICZ
AUA238  ,EDDB_LOWW
ANE57FL ,LEPA_LEIB
CFG2AT  ,EDDL_LEPA
ANE15WT ,LEPA_LEIB
DCLIK   ,LSGG_EHAM
IGO018  ,LTFM_LTFM
SWR5200 ,LSZH_LSZH
FBY37Y  ,LEBG_LEBG
VLG8NW  ,EHAM_LEMG
CFG1848 ,EDDL_LEPA
PGT50PM ,LTCG_LTFJ
IBE33BH ,LIRF_LEMD
EJU38UZ ,LEBL_LIMC
TOM7GA  ,LEMG_EGKK
EJU9048 ,LEBL_EHAM
DHTTS   ,EDFE_EDFE
DAH1012 ,DAAG_LFPG
DAH1005 ,LFPO_DAAG
BAW922  ,EGKK_EIDW
SVW22CO ,EHAM_LFMN
FGYDD   ,LFQO_LFQO
KLM1206 ,ENGM_EHAM
NOZ825  ,ESSA_ENGM
CFG6YV  ,EDDL_LEPA
FBY963S ,LEBG_LEBG
SRN396  ,ENBO_ENGM
TRA584J ,LFMN_EHAM
BSO4JR  ,LELL_LELL
TAH3103 ,LTAI_EDDK
VJT440  ,EHAM_LSZH
TAY2IX  ,EKCH_LFPG
PTN999H ,LSZH_EHAM
BAW465M ,LEMD_EGLL
THY1160 ,EGKK_LTAI
EJU592R ,LIMC_LICZ
ITY1730 ,LICZ_LIRF
ITY1789 ,LIRF_LICJ
FHY1091 ,LTAI_EDDL
EZY6567 ,EGKK_LEMG
CFG8PT  ,LEPA_EDDF
OHLCH   ,EETN_EFHK
EWG8750 ,EDDB_LOWW
EJU14CG ,LEPA_EDDB
SAS702  ,ESSA_EFHK
ID246   ,EDTG_EDTG
AUA234B ,EDDB_LOWW
EJU74AD ,LFPG_EKCH
AFR7604 ,LFPO_DAAG
VLG4ZR  ,LEBL_LFPO
CFG2KL  ,LEPA_EDDF
ABLE02  ,EGLK_EGLK
AAR775  ,LOWW_EDDF
IBS3848 ,LEMD_LEMD
ANE52AR ,LEPA_LEIB
DKADC   ,EDWJ_EDWJ
CFG3AP  ,LEPA_EDDL
SEH7LC  ,LGAV_LCLK
BCS72E  ,LEMD_EHAM
RYR7510 ,LEMH_LEBL
GFA044  ,LTFM_OMDB
EZY63FA ,EGKK_LEAL
RYR85GQ ,LIRF_LICJ
KAC108  ,EGLL_EDDF
ITY1795 ,LIRF_LICJ
AFR76ZT ,LFMN_LFPO
SPAWE   ,EPBC_EPBC
TRA951M ,EHAM_LPPT
EWG7TJ  ,LEPA_EDDL
RYR9BR  ,LEMG_EIDW
THY3GM  ,LTFM_LTAI
GBNKI   ,EGWN_EGWN
GAC318H ,LSZH_LEPA
SYS63   ,EGOS_EGOS
ETI52V  ,ENZV_ENGM
DEEFP   ,EDMA_EDMA
BHL201A ,EGPD_EGPD
SAS60J  ,ESSA_EGLL
EZY62EZ ,LEAL_EGKK
HBSYG   ,LSMA_LSMA
RYR74RA ,LIRF_LICJ
AEZ141W ,LIRF_LICJ
EFD3T   ,LEPA_EDDL
PH4N9   ,EHSE_EHSE
EJU15YE ,LFPG_EKCH
EWG8593 ,LEPA_EDDB
PGT84D  ,LTAI_LTFJ
AFR84CR ,LEMD_LFPG
SWR4PQ  ,LSZH_LSGG
VJH724  ,LEPA_EDDM
OCN3PA  ,LEPA_EDDF
THY1DY  ,LTFM_LTFM
EJU3785 ,LIMC_LEBL
RYR9WH  ,LICZ_LIRF
BLADE13 ,LKPD_LKPD
FHY1383 ,LTAI_EDDK
EZY71AF ,EGKK_LIRF
IBS3767 ,LEMD_LEMD
EWG27ZJ ,LEPA_EDDB
NOZ522  ,ENGM_ENZV
EWG9CM  ,EDDL_LEPA
JPV148  ,LEPA_LSZH
GHAYZ   ,EGHR_EGHR
EJU34NL ,EGCC_LEPA
FBY27Y  ,LEBG_LEBG
DMEDP   ,EDLT_EDLT
SAS1558 ,EHAM_ESSA
PGT28NN ,LTCG_LTFJ
THY4FE  ,LTFM_LTFM
MOCHO05 ,LPBJ_LPBJ
CFG6DV  ,LEPA_EDDS
KLM1515 ,EHAM_LEBL
CTM1306 ,EIDW_EHAM
ITY1767 ,LIRF_LICJ
PGT1931 ,LCEN_LTFJ
D5864   ,EDNY_EDNY
ITY8007 ,LIML_LIRF
KLM23H  ,LFMN_EHAM
CFG7EX  ,LEPA_EDDM
RYR3VH  ,LICJ_LIRF
SEH3HG  ,LGAV_LGTS
SEH6HG  ,LGAV_LGTS
EJU64FU ,EHAM_LEMG
RYR4929 ,LIRF_LICZ
KLM1548 ,LEMG_EHAM
THY8YC  ,LTFM_LTFM
ANE8710 ,LEMD_EDDF
SVA266  ,LTFM_OMDB
TRA3T   ,EHAM_LEMG
CFG9TC  ,EDDH_LEPA
LEADER10,EHLE_EHLE
EZY24EV ,LEMG_EGKK
EZY43NP ,EGKK_LPFR
OCN6WR  ,EDDM_LEPA
PGT5972 ,EDDM_LTAI
SAS56M  ,ENZV_ENGM
DMVJB   ,EDLM_EDLM
NOZ1256 ,ENGM_EHAM
SAS489  ,ESSA_ENGM
TRA568L ,EHAM_EHAM
CFG6EP  ,LEPA_EDDS
TRA77B  ,EHAM_LEBL
OAV303P ,LSGG_EHAM
PGT2819 ,LTCG_LTFJ
DAH1231 ,LFPG_DAAG
VLG1TR  ,LEBL_LFPO
GAYFC   ,EGCJ_EGCJ
EZY74MQ ,EGKK_LIRF
QTR4Y   ,EHAM_LFPG
SAS287  ,ENGM_ENBR
TAH7103 ,LTAI_EDDK
SWR7LV  ,LSZH_LSGG
AUA372A ,EHAM_LOWW
EWG2AN  ,EDDB_LEPA
IBS39RT ,LEMD_LEMD
GES721Y ,LEMD_LEIB
KLM7909 ,EHGG_EHGG
UAL928  ,EGLL_KORD
RYR3947 ,LICJ_LIRF
CXI8ZH  ,EDDL_LEPA
WFL3410 ,LEMD_LEMD
TRA8X   ,EHAM_EHAM
CFG5ED  ,LEPA_EDDF
NJE319M ,LIML_LICZ
MABEU   ,EGSS_EIDW
TOM5JK  ,EGKK_LIRF
GEC8348 ,EDDF_LEMD
ULC10   ,LSGG_LFMN
THY5GD  ,LTFM_LTAI
DAH1214 ,DAAG_LFPG
BAW913U ,EDDF_EGLL
KLM47C  ,EHAM_LOWW
TOM96C  ,EGKK_LEMG
AAR795  ,LOWW_EDDF
SAS4031 ,ENGM_ENZV
CFG1PW  ,LEPA_EDDL
IBE34AY ,LEMD_LFPG
RYR51SH ,EDDH_LEPA
CFG4MK  ,EDDM_LEPA
SAS286  ,ENBR_ENGM
EFW5RS  ,LEMG_EGKK
PGT66TP ,LTFJ_LTCG
AFR55WZ ,LFML_LFPG
VLG8471 ,EGKK_LEAL
SAS92R  ,ENZV_ENBR
BAW317  ,LFPG_EGLL
RYR7MC  ,LIRF_LICJ
EWG63M  ,LOWG_LOWG
SWR2LW  ,LEPA_LSZH
KLM734  ,EHAM_EHAM
THY4XU  ,LTFM_LTFM
ITY1779 ,LIRF_LICJ
PGT2820 ,LTFJ_LTCG
TAH2103 ,LTAI_EDDK
TVF91BV ,LEMD_LFPO
INI362  ,LEIB_LEMD
CFG1CA  ,EDDL_LEPA
QTR8039 ,EHAM_ENGM
AFR79RW ,LFPO_LFMN
VLG88MQ ,LEBL_LFPO
IBS38LD ,LEMD_LEMD
WIF14C  ,ENBR_ENZV
WFL3409 ,LEMD_LEMD
EWG5GA  ,LEPA_EDDS
VLG707P ,LEIB_LEBL
THY1159 ,LTAI_EGKK
NSZ3197 ,ESSA_EKCH
ORO1041 ,LEBL_LEIB
DLH23A  ,LEPA_EDDF
BCS6725 ,EHAM_LEMD
AKK2    ,ENGM_ENVA
EJU72MU ,LIMC_LEBL
THY056  ,LTFM_LTFM
EZY93XF ,EGKK_LEMG
TAY6LC  ,LEBL_LFPG
DLH4HH  ,EHAM_EDDM
EJU83DG ,LEPA_EGCC
PGT2244 ,LTFJ_LTFE
JEF22   ,EGCC_EHAM
N142AA  ,LSZH_LSZH
EJU152A ,LIMC_LICZ
GIDID   ,EGLK_EGLK
TVF11YE ,LEBL_LFPO
EXS74AN ,EGNX_EGNX
IBE31RL ,EGLL_LEMD
SUZ10   ,EHTE_EHTE
IRICI   ,LIRU_LIRU
MGH101  ,LTAI_EDDL
CFG8EP  ,LEPA_EDDF
AUA3NA  ,EHAM_LOWW
ITY1783 ,LIRF_LICJ
OEDDA   ,LIRU_LIRU
VLG872P ,LFPO_LIRF
EZY6305 ,EGKK_LEMG
CFG1ML  ,EDDL_LEPA
KLM1480 ,LFMN_EHAM
PJZ037  ,EGLL_LSGG
THY4DU  ,LTFM_LTFM
AUA3SV  ,EHAM_LOWW
FYS40AK ,LECU_LECU
RYR2EW  ,LIRF_LICJ
EJU3786 ,LEBL_LIMC
KLM9956 ,EIDW_EHAM
VLG303P ,EHAM_LEBL
DAH1230 ,DAAG_LFPG
GAC421T ,LSGG_EHAM
PGT90X  ,LTAI_LTFJ
DFL5980 ,ESSB_ESSB
LCO1513 ,EHAM_LEMD
TJD801  ,EHAM_LFMN
TKJ5JW  ,LTFJ_LTAI
RYS7069 ,EPWA_LTAI
BAW782F ,EGLL_ESSA
JFA40K  ,EHAM_LOWW
BLADE41 ,LKPD_LKPD
AAL9600 ,EGLL_KJFK
NSZ3204 ,EKCH_ESSA
CFG5WA  ,LEPA_EDDS
TRA26A  ,EHAM_EHAM
TAP2734 ,LPPT_LFPO
TRA959C ,EHAM_LPPT
PH4P4   ,EBZH_EBZH
OKTKJ   ,LKHK_LKHK
OHDTG   ,EFTP_EFTP
SWR1AW  ,EDDB_LSZH
MGH302  ,EDDL_LTAI
ITY1777 ,LIRF_LICJ
AEZ143P ,LIRF_LICJ
EWG5RK  ,LEPA_EDDS
SWT7881 ,LEIB_LEPA
THY5VC  ,LTFM_LTFM
RYR1WQ  ,EDDB_LEPA
PGT633N ,LTFJ_LTCG
IRM115  ,LTFM_OMDB
TOM1GN  ,EGKK_LEPA
IBE30SF ,LEBL_LEMD
TKJ54X  ,LTFJ_LTFE
SWR5LV  ,LSZH_LSZH
BA925   ,EIDW_EGKK
CFG9FT  ,LEPA_EDDL
TAH2328 ,EDDM_LTAI
EZS53PR ,LSGG_LFMN
AFR1355 ,DAAG_LFPG
DRAGN11 ,ENBO_ENGM
FJGII   ,LFPN_LFPN
PHKEK   ,EHAM_EKCH
GOLGE   ,EGHH_EGHH
RYR5485 ,LPPR_LEMD
EWG6900 ,EDDL_LEPA
TVF4750 ,LFPO_LEBL
EZY8139 ,EGKK_LEMG
UAL959  ,EGLL_KORD
FDB3VG  ,OMDB_LTFM
TRA5585 ,EHAM_LFMN
CFG4YA  ,LEPA_EDDS
FHY756  ,EPWA_LTAI
ANE88BP ,LEIB_LEPA
IBS3836 ,LEMD_LEMD
CXI61PD ,LEPA_EDDL
KAC156  ,LTFM_OMDB
TRA088  ,LEMG_EHAM
PHFJK   ,LSZH_EHAM
DLH9903 ,LFMN_LFPG
CFG9KL  ,EDDF_LEPA
EJU91JT ,LFMN_LFPO
CFG2XY  ,LEPA_EDDF
SWT7771 ,LEPA_LEIB
GWI91XA ,EDDH_EDDM
OKVUA19 ,LKHK_LKHK
BNO93J  ,ENGM_ENVA
ANE45RA ,LEPA_LEIB
VJH817H ,LEBL_LEMG
CFG6AL  ,EDDH_LEPA
EIAER   ,LPFR_EIDW
HBYTM   ,LSZL_LSZL
FBY47C  ,LEBG_LEBG
OKYUA95 ,LKHK_LKHK
EJU38ZQ ,EDDB_LEPA
EJU42DA ,LFPG_EKCH
CFG6ZC  ,EDDK_LEPA
WMT2CA  ,LFPO_LIRF
FBY21AS ,LEBG_LEBG
SWT7772 ,LEIB_LEPA
CFG9HE  ,LEPA_EDDF
TVF77ZC ,LFPO_LEBL
VLG3JV  ,LEBL_LEIB
RYR93GT ,EDDB_LEPA
CFG6LA  ,LEPA_EDDH
ECA2UN  ,EHAM_EKCH
EVE858  ,LEMD_LEMD
GCGPR   ,EGTB_EGTB
KLM41F  ,EHAM_LFMN
CFG1ZF  ,LEPA_LSZH
NSZ3636 ,EKCH_LFPG
AFR79FC ,LFPG_LFML
TCKNK   ,LTFM_LTFE
CFG1VA  ,EDDF_LEPA
SWT7885 ,LEIB_LEPA
TCKYA   ,LTAI_LTFM
TRA6223 ,EHAM_LEMG
PTN625Q ,EHAM_LFMN
ECNSI   ,LELL_LELL
KLM1198 ,ENGM_EHAM
CFG3YZ  ,LEPA_EDDL
FHTQK   ,LFLU_LFLU
SXS1CW  ,LTAI_EGKK
DAL9888 ,LFMN_LFPG
FPO272  ,DAAG_LFPG
DMKKE   ,EDNA_EDNA
DMWZI   ,LOGW_LOGW
VLG505P ,LEMG_LEBL
SCQZ3Y  ,ENGK_ENGK
VLG8218 ,LEBL_LFPO
ITY1791 ,LIRF_LICJ
IGO017  ,LTFM_LTFM
SAS365  ,ENVA_ENGM
ECNNO   ,LELL_LELL
ITY2058 ,LIRF_LIML
EJU9044 ,LIMC_LEBL
TKJ6FJ  ,LTFJ_LTAI
VJT486  ,LEIB_LEBL
EAX1FS  ,LELL_LELL
EDW36W  ,LSZH_LSZH
EJU91DR ,LFPO_LFMN
KLM25G  ,EHAM_LFMN
TOM41G  ,LEPA_EGCC
BAW7CP  ,EGLL_KORD
VJT453  ,EHAM_ESSA
RYR676N ,LEMG_LEBL
THY2BV  ,LTFM_LTFM
DCTOM   ,EDDM_EDDH
KZR917  ,OMDB_LTFM
EJU19AE ,LEMD_LFPG
SAS723  ,EFHK_ESSA
UNI137  ,EDDK_LEPA
CFG4WA  ,EDDL_LEPA
TOM2108 ,EGCC_LEPA
SAS1548 ,EHAM_EKCH
RYR8578 ,LEMG_EIDW
ITY1769 ,LIRF_LICJ
KLM36X  ,ENGM_EHAM
NSZ3538 ,EKCH_EHAM
IBE34BA ,LEMD_LFPG
IBE6673 ,LEMD_LEMD
UAE4AJ  ,OMDB_LTFM
VJT423  ,EHAM_EDDF
EZY17RD ,EGKK_LEAL
CND598  ,EHAM_EHAM
SWR915W ,LSZH_LSGG
IBB6XE  ,LEMD_LEMD
AFR13MQ ,LEMD_LFPG
CFG8HF  ,EDDH_LEPA
DAH1301 ,LFPG_DAAG
TOM7PX  ,LEPA_EGCC
AEE2LK  ,LGAV_LCLK
RYR2PK  ,LIRF_LICJ
SABIO02 ,LPBJ_LPBJ
WIF63M  ,ENBO_ENVA
ITY1710 ,LICZ_LIRF
EJU59UQ ,EDDB_LEPA
MGH702  ,EDDL_LTAI
CFG8XF  ,LEPA_EDDL
VLG5MK  ,LEBL_LEMH
CFG7TE  ,EDDL_LEPA
CFG6XA  ,EDDL_LEPA
ETD914  ,EHAM_LEMD
CFG4AF  ,EDDL_LEPA
DAL288  ,KJFK_LFPG
ITY1781 ,LIRF_LICJ
PGT5816 ,EGCC_LTAI
PGT94XV ,LTAI_LTFJ
SAS34L  ,LFPG_EKCH
IAW221  ,OMDB_LTFM
EZY13HN ,EGKK_LEAL
TAP3831 ,LPPT_LPMA
EXS4TB  ,EGCC_LEMG
QGA34E  ,LSZH_EDDB
DAH1011 ,LFPO_DAAG
EXS48EJ ,EGNX_EGNX
JAF810P ,EBMB_LEMD
RYR6TN  ,EGCC_LEMG
WIF533  ,ENBR_ENZV
EZY53BC ,EGKK_LPFR
TCAHJ   ,LTBW_LTBW
EZY28ZU ,EGCC_EHAM
TCCLG   ,LTFJ_LTFE
GFA945  ,LGAV_LCLK
TOM7PC  ,LEPA_EGCC
TOM5BH  ,EGCC_LEPA
VJT464  ,LEMD_LEIB
CFG5WP  ,LEPA_EDDL
DLH01J  ,EDDM_LEPA
TKJ7LA  ,LTFJ_LTAI
EJU8541 ,EGKK_LPFR
ECA2RT  ,LEMG_LEBL
CFG8LM  ,EDDH_LEPA
FPO271  ,LFPG_DAAG
SIA7393 ,EGLL_EHAM
BAW776F ,EGLL_ESSA
RYR549E ,LEAL_EGCC
THY3123 ,EDDM_LTAI
CAI41WY ,LTAI_EDDL
AEA9047 ,LEMD_LEMD
IBE33GT ,LEMD_LFPG
VLG606P ,LEMG_LEBL
KLM1516 ,LEBL_EHAM
GES441S ,LEMD_LEBL
AFR1854 ,LFPG_DAAG
KLM30N  ,ENGM_EHAM
CND253P ,LPPT_EHAM
TRA16Z  ,LEMG_EHAM
OCN7DP  ,EDDF_LEPA
CAO1036 ,LFPG_EDDF
CAZ401  ,LSZH_LEPA
F PRVG  ,LFRV_LFRV
NOZ1405 ,EKCH_ENGM
ANE004  ,LEMD_LEBL
TAR607  ,LEMD_LEMD
SXS9YX  ,EGKK_LTAI
CFG6KH  ,EDDL_LEPA
CFG7KC  ,EDDL_LEPA
CAI084P ,LTAI_LTFM
NOZ891  ,EHAM_ESSA
DMYVY   ,EDNY_EDNY
THY2EK  ,LTFM_LTFM
SWT103  ,LEPA_LEIB
MSC3304 ,LEMD_LEBL
RYR304W ,LIRF_LICJ
TUA921  ,OMDB_LTFM
MGH102  ,EDDL_LTAI
CAI1074 ,LTAI_EDDK
RYR9UD  ,LICZ_LIRF
EJU9042 ,LFPG_EHAM
TKJ2DN  ,LTAI_LTFJ
ECKES   ,LEBL_LEMG
WIF3GJ  ,ENBR_ENZV
SWT7773 ,LEPA_LEIB
TVF387N ,LPPR_LFPO
RUK204  ,EIDW_EGSS
VLG367G ,LFPO_LEBL
THY9PR  ,LTFM_LTFE
DLH11V  ,LEPA_EDDM
PTN662D ,EHAM_LSZH
CFG7YA  ,LEPA_EDDM
EWG1XP  ,EDDM_EDDH
VLG38YG ,LEBL_LIRF
VLG8XH  ,LEBL_LEMG
AEA9049 ,LEMD_LEMD
DAH1007 ,LFPO_DAAG
RJA109  ,LEMD_LEBL
NJE435B ,EHAM_LFMN
DLH8WU  ,EDDF_EDDM
KLM89T  ,EHAM_ESSA
TRA5134 ,LEBL_EHAM
RYR3701 ,EGNX_EGNX
ITY1799 ,LIRF_LICJ
CFG1WZ  ,EDDL_LEPA
BCS6717 ,EGLL_EDDF
CFG9TH  ,LEPA_EDDL
AFR4147 ,LFMN_LFPO
GAC472S ,LSZH_EHAM
KLM1905 ,EHAM_LOWW
DIIMO   ,EDFE_EDFE
HBFLX   ,LSGG_LSZH
IBE34KG ,LEMD_LFPG
VLG3RA  ,LEBL_LEMH
EWG2AE  ,EDDM_EDDH
EJU64CB ,LSGG_EHAM
ITY2071 ,LIML_LIRF
CFG5YW  ,EDDL_LEPA
SYS653  ,EGOS_EGOS
CAI4X   ,LTAI_EDDK
AFR77NK ,LFPO_LFMN
BAW912N ,EGLL_EDDF
CFG5VT  ,LEPA_LSZH
KLM59U  ,EHAM_ESSA
TKJ76Z  ,LTFJ_LTFE
TAP383Z ,LPPT_LPMA
GFA045  ,OMDB_LTFM
PGT41KL ,LTFJ_LTAI
TAH7104 ,EDDK_LTAI
CFG5DP  ,EDDF_LEPA
TVF29YC ,LFPO_DAAG
N11FX   ,LOWS_LOWS
EJU37RJ ,LPPT_LPMA
JFA34J  ,LSZH_LSGG
THY508  ,LTFM_LTFM
SIA7395 ,EGLL_EHAM
CFG3PW  ,LEPA_EDDL
TFL6NL  ,EHAM_EHAM
9HSDW   ,LELL_LELL
EZS32QB ,LSGG_EHAM
TRA5953 ,EHAM_LPPT
CAI4F   ,EDDL_LTAI
CFG4CH  ,LEPA_EDDL
DELAV   ,EDKB_EDKB
ANE3033 ,LEMD_LEMD
SEH5HG  ,LGAV_LGTS
CFG9ZW  ,LEPA_EDDL
VJH387  ,EGLC_EHAM
BCS3165 ,ENBR_ENZV
UAE9906 ,EHAM_LEMD
GFELC   ,EGLK_EGLK
IAE5763 ,LTFM_LTFM
TKJ6GM  ,LTFJ_LTFE
SWR291X ,LSZH_LSGG
EXS1KR  ,LEAL_EGCC
RZO366  ,LPPT_LPMA
MBIGK   ,LSGG_LFMN
RYR6AZ  ,LEMD_LEMD
AFR24ZL ,LFMN_LFPO
TRA11K  ,LPPT_EHAM
STQ444  ,LEMD_LEPA
ITY1785 ,LIRF_LICJ
NOZ3LH  ,EKCH_ESSA
DCAWX   ,LEPA_EDDH
EJU73ZE ,LSGG_EHAM
CXI55DE ,EDDL_LEPA
AEZ146R ,LIRF_LICJ
CPA2068 ,EHAM_EDDF
AFR15CB ,LFPO_LFMN
RUK203  ,EGSS_EIDW
CFE89W  ,EGLC_EHAM
SAS4156 ,ENBR_ENVA
GGOLX   ,EGBJ_EGBJ
EXS7JN  ,EGCC_LEMG
TOM6VC  ,EGCC_LTAI
HLE21   ,EGKR_EGKR
DERKE   ,EDWU_EDWU
PGT2009 ,LTAI_LTFJ
SAS9235 ,ENGM_EKCH
CFG8DA  ,LEPA_EDDL
IBE3411 ,LFPO_LEMD
GAC751N ,EHAM_EDDF
DLH99F  ,EDDM_LEPA
NJE402F ,LOWW_EDDB
SABIO15 ,LPBJ_LPBJ
N82HP   ,EDDM_EDDB
AEE904  ,LGAV_LCLK
THY2475 ,LTFM_LTFM
EST9002 ,EKCH_ESSA
VJT708  ,EGCC_LEMG
FBY743S ,LEBG_LEBG
KLM43F  ,EHAM_LFMN
LDX18   ,EHAM_LFMN
MGH720  ,EDDM_LTAI
SEH822  ,LGAV_LIRF
DIEGA   ,EDDK_LEPA
WIF6FP  ,ENGM_ENVA
ITY1722 ,LICZ_LIRF
RYR3GE  ,LEMG_EIDW
KLM58K  ,ENGM_EHAM
CFG8MK  ,EDDL_LEPA
SFG55A  ,EHAM_ESSA
SNM923  ,LSGG_LFMN
KLM91Y  ,EHAM_ESSA
A7MHH   ,LFMN_LFPO
DCAWP   ,LEMD_LEIB
CPA064  ,EDDF_EHAM
AFR12GA ,LFMN_LFPO
TCSKO   ,LTFM_LTFE
CAI6D   ,EDDL_LTAI
TKJ5205 ,LTFJ_LTAI
SAS57E  ,ENGM_ENZV
ENT1508 ,EPPO_EPPO
TRA6224 ,LEMG_EHAM
CFG3KA  ,LEPA_EDDL
TOM1EK  ,LEPA_EGKK
RYR8H   ,EGKK_EIDW
NJE604L ,LEIB_LEMD
TKJ5LG  ,LTFJ_LTFE
RRR860  ,EGVN_EGVN
QFY58V  ,LECU_LECU
EWG1BA  ,EDDH_EDDM
N650XA  ,LSGG_LFMN
FPO652  ,DAAG_LFPG
SCQ9Y   ,ENGK_ENGK
TVF67KQ ,LEMD_LFPO
BAW46BL ,EGLL_LEMD
SJI1    ,LEPA_LEBL
BAW462V ,EGLL_LEMD
RYR18GT ,LEPA_EDDH
IBE3410 ,LEMD_LFPO
GAC694B ,EHAM_EDDM
ELY355  ,LFPG_EDDF
QTR73E  ,EGLL_OMDB
JFA54J  ,EHAM_LSZH
SAS4189 ,ENBR_ENZV
EWG6PM  ,EDDB_LEPA
KLM1479 ,EHAM_LFMN
CAI91JG ,EDDK_LTAI
EXS3BD  ,EGCC_LTAI
CFG5CK  ,LEPA_EDDF
QSM2215 ,OMDB_LTFM
TKJ8HW  ,LTAI_LTFJ
THY6022 ,ESSA_ENGM
EVE827  ,LEMD_LEMD
VLG8023 ,LFPO_LEBL
AFR22SE ,LFPO_LFMN
TVP7208 ,EPWA_LTAI
CFG8DM  ,EDDL_LEPA
AFR6243 ,LFMN_LFPO
RYR8140 ,LEIB_LEBL
TCAHC   ,LTBW_LTBW
VLG1VB  ,LEMH_LEBL
RYR86ZR ,LEMD_LIMC
AFR9423 ,LFBO_LFPG
CAI7N   ,EDDL_LTAI
V631    ,LSZL_LSZL
UAL958  ,EGLL_KORD
FPO651  ,LFPG_DAAG
SAS47Y  ,ENVA_ENGM
IBE0026 ,LEMD_LEMD
RYR51FN ,EGCC_LEMG
EFD4E   ,LEPA_EDDS
CFG8KW  ,LEPA_EDDL
KNE558  ,LTFJ_LTCG
TUI43H  ,LEPA_EDDS
IBE6501 ,LEMD_LEMD
PVD53D  ,LEMG_EHAM
CXI78YE ,LEPA_EDDL
ANE3340 ,LEMD_LPPR
SAS368  ,ENGM_ENVA
TKJ3MA  ,LTFJ_LTFE
SAS476  ,ENBR_ENVA
DIATP   ,LEPA_EDDL
NOS17LP ,LIMC_LICZ
SAS486  ,ENGM_ESSA
NJE747M ,LSZH_LEPA
BAW2PD  ,EGLL_KORD
THY3UA  ,LTFM_LTFM
CFG9YT  ,LEPA_EDDL
EZS29KJ ,LSGG_LFMN
ITY1744 ,LICZ_LIRF
THY6408 ,EDDF_LTFM
TVF576Y ,LFPO_LPPT
THY4957 ,LTAI_LTFM
EWG8AR  ,EDDM_LEPA
DISCV   ,EHAM_LFMN
VJH365  ,EHAM_EIDW
OOMST   ,EHAM_EKCH
THY1RQ  ,LTFM_LTFM
KLM58C  ,EHAM_LOWW
CAI39QJ ,EGKK_LTAI
ETP66   ,EGDM_EGDM
ANE8955 ,EBMB_LEMD
IBS3827 ,LEMD_LEMD
GOCRM   ,EGLM_EGLM
CFG7EL  ,LEPA_EDDF
UPS291  ,EFHK_ESSA
NSZ4158 ,EKCH_ESSA
IBE6117 ,LEMD_LEMD
TVF7657 ,LPPT_LFPO
WZZ6316 ,LEBL_LIMC
FDB8132 ,LTFM_OMDB
AFR96RT ,LFPG_EHAM
CFG5VL  ,EDDM_LEPA
RYR11AL ,LICZ_LIRF
BCS8210 ,LEMD_LPPR
N702TR  ,EGSS_EIDW
KLM77F  ,EHAM_EHAM
TVF2620 ,LFPO_LPPR
ELY226  ,LFPG_LEBL
FJHHF   ,LFMA_LFMA
CAI7P   ,EGCC_LTAI
SXS1SV  ,EGCC_LTAI
NJE921U ,LEPA_LEBL
N676BA  ,LSGG_LFMN
GBNUL   ,EGTB_EGTB
N6918C  ,EGBJ_EGBJ
DBOLT   ,EDDL_EDDM
GES081F ,LEMD_LEPA
SAS7012 ,ESSA_EFHK
AFR373V ,LFBO_LFPG
IBS3909 ,LEMD_LEMD
ENT7021 ,EPWA_LTAI
TVF4752 ,LFPO_LEBL
FYS31AL ,LECU_LECU
NSZ3213 ,ESSA_EKCH
SVW46DD ,LSGG_LFMN
PGT1919 ,LCEN_LTFJ
NOZ826  ,ENGM_ESSA
LAV6115 ,LEPA_EDDS
LAV6881 ,LEPA_EDDH
WIF6MN  ,ENVA_ENBR
TVF745U ,LPPR_LFPO
UAE9903 ,EHAM_EDDF
RTG5548 ,ENBR_ENVA
AEA009  ,LEPA_LEMD
TRA17A  ,LPPT_EHAM
RYR5LW  ,LEMD_LEMD
SXS9VU  ,EGCC_LTAI
TUI3PY  ,EDDS_LEPA
EJU68CG ,EGKK_LPFR
DEBGT   ,EDFE_EDFE
IBE3167 ,EGLL_LEMD
KLM1587 ,EHAM_LPPT
VLG8WR  ,LIRF_LEBL
TKJ2NW  ,LTFJ_LTCG
WIF9L   ,ENBR_ENZV
LOT6209 ,EPWA_LTAI
EIN581  ,LEMG_EIDW
CAI5YV  ,EDDL_LTAI
HAT034P ,LEMD_LPPR
TVF7614 ,LFPO_LPPR
RYR1132 ,LPPT_LPMA
RYR367C ,LEPA_EGCC
2SIRI   ,EGLK_EGLK
RYR671  ,EGBB_EIDW
LHX2063 ,EDDH_EDDM
EWG5ET  ,EDDK_LEPA
FEND    ,EGTK_EGTK
SAS99L  ,EHAM_ESSA
SWR9DC  ,LSZH_LEPA
SN84XP  ,EPBC_EPBC
CFG1YX  ,LEPA_EDDL
EUL3T   ,EDDM_LEPA
RYR2715 ,EGKK_LEAL
CFG8TA  ,LEPA_EDDF
CFG8VL  ,LEPA_EDDF
FJO51Z  ,LEIB_LEBL
TVS75J  ,LEPA_EDDF
IBE3429 ,LFPG_LEMD
NSZ8925 ,ESSA_ENGM
CFG9TW  ,EDDL_LEPA
AFR4146 ,LFPO_LFMN
EWG34A  ,LEPA_EDDK
NOZ172  ,ENBR_ENVA
DCAWH   ,LEMD_EDDF
TOM6PG  ,LEPA_EGKK
ETP77   ,EGDM_EGDM
MSA9792 ,LICZ_LIRF
RZO171  ,LPPR_LPPT
GES201D ,LEMD_LEMD
TVF961Q ,LFPO_LIRF
IJM158  ,EDDL_EDDM
EDW244Y ,LSZH_LEPA
TAH6104 ,EDDK_LTAI
FDX9233 ,LFPG_EDDF
BIX109  ,EKCH_ENGM
CFG9ZX  ,LEPA_EDDL
GAC556F ,EHAM_EDDF
SAS719  ,EFHK_ESSA
TLJ250T ,LEMD_LEIB
CFG8LT  ,LEPA_EDDL
CFG1XF  ,LEPA_EDDL
TRA133X ,EHAM_LEBL
PGT2830 ,LTFJ_LTCG
TOM91L  ,EGCC_LEPA
SAS51P  ,EKCH_EHAM
BCS89N  ,EGLL_LFPG
GES211B ,LEMD_LPPR
CFG7XK  ,EDDL_LEPA
VLG2SZ  ,LEMD_LEBL
AFR89JR ,EHAM_LFPG
THY6404 ,EDDF_LTFM
SAS4159 ,ENVA_ENBR
FGSBQ   ,LFPL_LFPL
QQE708  ,SKBO_LEMD
EZS74GN ,LSGG_LFMN
PGT2024 ,LTFJ_LTAI
FBY36C  ,LEBG_LEBG
DBT510  ,LSGG_LFMN
NOZ548  ,ENGM_ENZV
HBFQN   ,LSZC_LSZC
UAE4RK  ,EHAM_EDDF
EJU41NE ,EGKK_LPFR
TCKLN   ,LTFM_LTFE
TCDZM   ,LTFM_LTFE
THY6172 ,LTFM_LTFM
PAV721  ,LSGG_LFMN
KAC183  ,LFPG_LFMN
ITY1724 ,LICZ_LIRF
REV6AF  ,EGNX_EGNX
JFA54D  ,LEPA_EDDM
PGT96KD ,EDDL_LTAI
PGT26AN ,LTCG_LTFJ
EZY6421 ,EGKK_LEBL
NOZ625  ,ENBR_ENGM
CPA008  ,EGLL_LFPG
VLG2QJ  ,LFPO_LEBL
TRA084  ,LPPT_EHAM
NOZ774  ,ENGM_ENVA
SVA122  ,EGLL_OMDB
PGT17DG ,LTCG_LTFJ
SAS4154 ,ENBR_ENVA
ETR895  ,LEMD_LEMD
AFR38MY ,LEMD_LFPG
AFR26ZE ,LFPG_EHAM
RJA167  ,OMDB_LTFM
TKJ5202 ,LTAI_LTFJ
JTD9612 ,ESSA_EFHK
RTG5544 ,ENGM_ENVA
THY6914 ,LTFM_LTAI
GEDGA   ,EGWN_EGWN
DCUVH   ,LOWW_EDDB
VLG9FC  ,LEBL_LPPT
CAI8BZ  ,LTAI_EDDL
EVE145P ,LEMD_LEBL
EJU37KJ ,EKCH_LFPG
BCS6778 ,LFPG_EGLL
CPA2014 ,LFPG_EHAM
EZY65RN ,EGKK_LEMG
VLG891R ,LEMH_LEBL
PHLAU   ,LEIB_LEBL
EXS9BY  ,EGCC_LTAI
RYR6363 ,LEPA_LEBL
SAS54G  ,ESSA_EFHK
QAV30E  ,EHAM_LSZH
THY5TV  ,LTFM_LTFM
EWG1TK  ,EDDS_LEPA
IRB9702 ,OMDB_LTFM
THY9PU  ,LTFM_LTFM
MGH205  ,LTAI_EDDK
IBE6460 ,LEMD_LEMD
EXS86FT ,EGCC_LTAI
YIF106  ,ENBR_ENVA
CXI8F   ,EDDL_LEPA
GWI67NA ,EDDM_EDDH
HBZQK   ,EHAM_EHAM
TOM4GE  ,LEPA_EGKK
BAW924  ,EGKK_EIDW
RYR8136 ,LEBL_LEIB
VLG404P ,LEBL_LEMG
CAI1073 ,EDDK_LTAI
SUA702  ,EDDM_EDDH
TOM97M  ,EGKK_LPFR
SAS718  ,ESSA_EFHK
IBE6171 ,LEMD_LEMD
CFG6WL  ,EDDS_LEPA
IBE3209 ,EBMB_LEMD
SAS460  ,EKCH_ENGM
ITY1752 ,LICZ_LIRF
VJH247  ,LEIB_LEPA
BAW318  ,EGLL_LFPG
LHX2062 ,EDDM_EDDH
THY2648 ,LTFM_LTFM
ULR412A ,EGPD_EGPD
EJU1742 ,LSGG_LFMN
RYR2012 ,LEMD_LEMD
NOZ626  ,ENGM_ENBR
EZS25ZB ,LSGG_LFMN
AEA008  ,LEMD_LEPA
LTC701  ,LEIB_LEBL
ORO1044 ,LEIB_LEBL
CAI3B   ,LTAI_EDDL
CAI3W   ,EDDK_LTAI
TKJ7YL  ,LTFJ_LTFE
ANE17LN ,EDDF_LEMD
LTR55F  ,ENBR_ENZV
RYR2335 ,EHAM_LEMG
KLM77U  ,EHAM_LEMG
TKJ9RX  ,LTFJ_LTCG
AEA55GR ,LEMD_LEMD
RYR917E ,LEMG_EIDW
MGH701  ,LTAI_EDDL
MGH606  ,EDDK_LTAI
NSZ6WT  ,EKCH_ENGM
NSZ3205 ,ESSA_EKCH
EST9001 ,ESSA_EKCH
CFG1XT  ,LSZH_LEPA
SVA276  ,LTFM_OMDB
RJA168  ,LTFM_OMDB
QFY41T  ,LECU_LECU
KAL517  ,EHAM_EDDF
SCQ7U   ,ENGK_ENGK
TRA82C  ,EHAM_LEMG
VLG25TR ,LEBL_LEMD
ANE8774 ,LEMD_LPPT
OCN4080 ,EDDF_EDDM
IBE6583 ,LEMD_SKBO
CFG2LV  ,EDDF_LEPA
EWG7P   ,LEPA_EDDK
CAI18TH ,EDDK_LTAI
NSZ3226 ,EKCH_ENGM
SVW68JK ,LSGG_LFMN
DIEGO   ,LEPA_EDDK
FGLKG   ,LFPZ_LFPZ
TVF56CP ,LFPO_DAAG
CAI4C   ,LTAI_EDDK
EUL5B   ,EDDH_EDDM
ITY8008 ,LICJ_LIRF
OEDLC   ,LOGW_LOGW
SAZ63   ,LSGG_LSZH
CFG8XE  ,EDDM_LEPA
PGT40VQ ,LTAI_LTFJ
TKJ2YK  ,LTCG_LTFJ
GES481Y ,LEIB_LEMD
IRM114  ,LTFM_LTFM
CAI1GB  ,EDDM_LTAI
AFR25VF ,LFPG_LFBO
DHMSB   ,EDML_EDML
SWT771P ,LFPG_LEMD
CFG8YE  ,EDDF_LEPA
SXS1TP  ,EGCC_LTAI
IBE31PP ,EGLL_LEMD
RTG5546 ,ENBR_ENGM
NSZ4157 ,ESSA_EKCH
TVF797A ,LFPO_LPPR
SAMU24  ,LFBD_LFBD
OEDJT   ,LOXN_LOXN
DEOZC   ,EDMA_EDMA
THY3RP  ,LTFM_LTFM
PHHCX   ,EHAM_EHAM
NOZ132  ,ENBR_ENZV
SPSMUL  ,EPKP_EPKP
VLG875D ,LIRF_LEBL
TAP91HL ,LPPT_LPMA
ANE8532 ,LEPA_LEIB
SXN75A  ,EGCC_LEMG
NJE189B ,EDDM_EDDF
PHYIS   ,EHAM_EHAM
SXS6P   ,LTAI_EDDL
PGT43XG ,LTFJ_LTAI
VLG4VL  ,LFPO_LIRF
NJE038E ,EKCH_ENGM
RUK812  ,EIDW_EGPH
N702ER  ,LIML_LICZ
CFG7MX  ,EDDF_LEPA
ITY1734 ,LICZ_LIRF
CFG6CV  ,EDDS_LEPA
SXS7B   ,EPWA_LTAI
SWR3YK  ,EHAM_LSZH
NJE477D ,EKCH_ENGM
SAS9231 ,ENGM_EKCH
SAS382  ,ENGM_ENVA
KLM1547 ,EHAM_LEMG
VLG3509 ,LEIB_LEBL
MGH305  ,LTAI_EDDK
TKJ1TQ  ,LCEN_LTFJ
DMYZE   ,EDTG_EDTG
EJU58FL ,LFPG_LEMD
FYG63V  ,EHAM_EGCC
FPO654  ,DAAG_LFPG
RYR80   ,EIDW_EGCC
TAH3140 ,EDDF_EDDM
FDX32   ,LFPG_EDDF
CFG4PK  ,LEPA_EDDL
CAZ301  ,LSZH_LSGG
HBZEM   ,LSZR_LSZR
EJU96HY ,EDDB_LSZH
ANE3319 ,LPPR_LEMD
PGT2037 ,LTAI_LTFJ
SAVER50 ,ENZV_ENBR
NJE326C ,EDDM_EDDF
AFR386V ,EKCH_LFPG
PVD38L  ,EDDM_EDDH
EXS87R  ,LEPA_EGCC
FYS30AK ,LECU_LECU
DENZZ   ,EDFE_EDFE
PRF101  ,EGYD_EGYD
FPO684  ,DAAG_LFPG
TOM1GK  ,EGKK_LEPA
EJU78CB ,EKCH_LFPG
SAS452  ,EKCH_ENGM
EAX1LS  ,LELL_LELL
DEFLF   ,EDMA_EDMA
EWG5NP  ,EDDK_LEPA
DAH1009 ,LFPO_DAAG
EAP63   ,LFPN_LFPN
EVE802  ,LEMD_LEMD
CAI4A   ,LTAI_EDDL
KLM71N  ,EHAM_LFMN
RYR99DJ ,EDDB_LEPA
GRL761  ,EKYT_EKCH
ITY1750 ,LICZ_LIRF
VVV341  ,EHAM_EDDF
NOZ657  ,ENBR_ENGM
BA924   ,EGKK_EIDW
RUK1556 ,EIDW_EGCC
JFA41L  ,LSGG_LFMN
PGT1911 ,LCEN_LTFJ
AEZ514C ,LICZ_LIRF
DJT200  ,LFMN_LFPO
TOM5KT  ,EGKK_LEMG
FXT12S  ,EKRK_EKRK
DCCHH   ,EDDH_LEPA
SAS4163 ,ENBR_ENZV
EJU9776 ,LEMD_LPPR
CAI68PQ ,EDDL_LTAI
LOT6383 ,EPWA_LTAI
SAS1431 ,ESSA_EKCH
CAI37MP ,EPWA_LTAI
VLG6ZK  ,LPPT_LEBL
UAH88   ,EGYD_EGYD
WIF106  ,ENBR_ENVA
DBT511  ,LEIB_LEMD
BLADE23 ,LKPD_LKPD
ECNSO   ,LECU_LECU
SAS1483 ,ESSA_ENGM
TVF73EC ,LFPO_LIRF
AEZ516C ,LICZ_LIRF
HRN711  ,EDDM_LEPA
CFG9KH  ,EDDM_LEPA
TOM39W  ,EGKK_LEPA
RUK554  ,EIDW_EGCC
ORT05A  ,EIDW_EGPH
LAV6882 ,EDDH_LEPA
NOZ935  ,EKCH_ENGM
RYR840  ,EIDW_EGPH
SHT6E   ,EGLL_EGPF
NOZ936  ,ENGM_EKCH
SAS710  ,ESSA_EFHK
SAS297  ,ENGM_ENBR
VLG34KU ,LFPO_LEBL
TUI1AT  ,EDDS_LEPA
VLG24YM ,LEMH_LEBL
N189AC  ,LGTT_LGTT
MGH706  ,EDDK_LTAI
RUK553  ,EGCC_EIDW
PGC63R  ,LSZH_LSGG
UNI110  ,EDDK_LTAI
NFA044  ,ENBR_ENGM
THY4958 ,LTFM_LTFE
CAI7BU  ,LTAI_EDDL
NOZ534  ,ENGM_ENZV
GBMGB   ,EGTR_EGTR
ANE28TP ,LPPT_LEMD
EWG8TW  ,EDDK_LTAI
TVF504C ,LPPT_LFPO
SAS463  ,ENGM_EKCH
AEA27KX ,LEMD_LEMD
DLH109  ,EDDM_EDDF
SCQ6H   ,ENGK_ENGK
BNO43C  ,ESSA_ENGM
CFE93PN ,EHAM_EGLC
BIX229  ,EKYT_EKCH
SCQ9L   ,ENGK_ENGK
SAS88R  ,ENGM_ESSA
NOZ830  ,ENGM_ESSA
RJA163  ,OMDB_LTFM
EZY2172 ,EHAM_EGCC
DHK227P ,ENGM_EKCH
VLG24NX ,LIRF_LEBL
FLI434  ,ENGM_EKCH
VLG5DN  ,LEPA_LEBL
IBE034  ,LEMD_LEBL
ANE47QQ ,LEIB_LEPA
AME0855 ,LEMD_LEBL
THY6970 ,LTFJ_LTAI
NSZ5GP  ,ENGM_EKCH
RYR71JPP,EIDW_EGCC
NOZ645  ,ENBR_ENGM
SAS9239 ,EKCH_ENGM
WIF1YM  ,ENBR_ENZV
LBD1    ,ENBO_ENGM
RUK1DT  ,EIDW_EGCC
NOZ2DC  ,ENBR_ENZV
SAS4139 ,ENBR_ENZV
AFR51PH ,LFML_LFPG
CAI8NE  ,LTAI_EDDL
HCX42   ,ESSA_EFHK
SAS295  ,ENGM_ENBR
NOZ614  ,ENGM_ENBR
THY6AK  ,LTFM_LTFM
NOZ173  ,ENVA_ENBR
TOM97L  ,EGKK_LEPA
NOZ2DM  ,ENGM_ENBR
NSZ3087 ,EKYT_EKCH
ATL1A   ,EDDH_LEPA
DLH5JT  ,EDDF_EDDM
SPSAV   ,EPML_EPML
TAP1687 ,LPPT_LPMA
SAS9044 ,ESSA_EFHK
TCAHF   ,LTBW_LTBW
TCTFT   ,LTFJ_LTFE
RUK1899 ,EIDW_EGCC
N39NP   ,ESSA_EKCH
TKJ6832 ,LTFJ_LTAI
NOZ619  ,ENBR_ENGM
GFLAV   ,EGNU_EGNU
FPO531  ,LFPG_DAAG
WFL717P ,LIRF_LEMD
NJE758F ,EDDF_EDDM
ITY1754 ,LICZ_LIRF
THY2448 ,LTFM_LTAI
IAE5761 ,LTAI_LTFM
TVF751  ,LEBL_LFPO
AEZ512C ,LICZ_LIRF
DTH3000 ,DAAG_LFPG
RUK816  ,EIDW_EGPH
SAZ55   ,LSGG_LSZH
ITY2044 ,LIRF_LIML
SWR3YC  ,LSZH_LEPA
THY5ZA  ,LTFM_LTFM
BOH112  ,LEBL_LEPA
SHT6K   ,EGLL_EGPF
LOT2RG  ,EPWA_LTAI
RYR9PM  ,LICZ_LIRF
CFG8WK  ,EDDF_LEPA
TKJ11V  ,LTAI_LTFJ
VLG2TV  ,LEBL_LEPA
SWT945P ,LFPG_LEMD
VJH784  ,LSGG_LSZH
SAS56T  ,ENGM_EKCH
NJE724L ,LOWW_EDDB
NJE699N ,LSZH_LSGG
SAS1466 ,EKCH_ENGM
FHARI   ,LFPL_LFPL
RYR9TU  ,EDDB_LEPA
TOM3BV  ,EGKK_LEMG
4XCLL   ,LGAV_LCLK
TAP175  ,LPPT_LPMA
LCO2513 ,EHAM_EDDF
BCS8029 ,LEBL_LIMC
DIOVA   ,LEIB_LEBL
TVF909N ,LFPO_LEMD
ITY1726 ,LICZ_LIRF
SAS6062 ,ENGM_ESSA
TKJ6753 ,LTAI_LTFJ
FPO275  ,LFPG_DAAG
EJU9756 ,LEMD_LPPR
TCNYK   ,LTFJ_LTFE
THY7EF  ,LTFM_LTFM
SAS4054 ,ENZV_ENGM
PGT2027 ,LTAI_LTFJ
HBKTG   ,LSGL_LSGL
SAS4587 ,ENBO_ENVA
NOZ827  ,ESSA_ENGM
MGH105  ,LTAI_EDDK
SAS867  ,ESSA_ENGM
ELJ202  ,LSGG_LSZH
TVF7658 ,LFPO_LPPT
NOZ814  ,ENGM_ESSA
OCN4081 ,EDDM_EDDF
SAS238  ,ENBR_ENGM
NOZ539  ,ENZV_ENGM
SAS7013 ,EFHK_ESSA
GES101N ,LEBL_LEMD
THY357  ,LTFM_LTFM
VJH657  ,LEPA_LEBL
WIF682  ,ENBR_ENVA
CFE04D  ,EHAM_EGLC
MOCHO03 ,LPBJ_LPBJ
GBEMW   ,EGLM_EGLM
SAS407  ,ESSA_EKCH
DAH1208 ,DAAG_LFPG
SAS4135 ,ENBR_ENZV
IBS3813 ,LEIB_LEMD
PHUNN   ,EHAM_EHAM
EWG5X   ,EDDS_LEPA
PGT2035 ,LTAI_LTFJ
KAL537  ,LOWW_EDDF
TAP1695 ,LPPT_LPMA
TKJ6LQ  ,LTFJ_LTAI
GDBOD   ,EGHR_EGHR
SAS492  ,ENGM_ESSA
NOZ634  ,ENGM_ENBR
IBB14RP ,LEMD_LEIB
ABN1010 ,LTFM_LTFM
NJE307F ,EDDB_LOWW
NJE489E ,EDDB_LEPA
SAS9236 ,ENGM_EKCH
HBQXP   ,LSZV_LSZV
NSZ3099 ,EKYT_EKCH
SAS4185 ,ENVA_ENBR
TKJ3HK  ,LTCG_LTFJ
TOM50X  ,EGKK_LPFR
WIF4AB  ,ENZV_ENBR
HCX41   ,EFHK_ESSA
SAS4161 ,ENBR_ENZV
BHL201B ,EGPD_EGPD
HUE12P  ,LSGG_LSZH
FPO532  ,DAAG_LFPG
NJE659L ,LEPA_LEMD
ETI53V  ,ENZV_ENGM
SAS1479 ,ENGM_EKCH
GSPTX   ,LSZH_LSGG
CYP311  ,LGAV_LCLK
NJE144A ,LEPA_LEBL
JZR320  ,LTFJ_LTCG
HAT035P ,LPPR_LEMD
EWG58VF ,EDDH_EDDM
BHL201D ,EGPD_EGPD
CHX4    ,EDDV_EDDV
EVE147P ,LEBL_LEMD
LCO1516 ,EHAM_EDDF
DMS711  ,EETN_EFHK
CAI52BV ,LTAI_EDDK
BNO94J  ,ENZV_ENGM
AFR4150 ,LFPO_DAAG
ANE002  ,LEPA_LEMD
PGT16QR ,LTAI_LTFJ
NSZ3227 ,ENGM_EKCH
IBE2803 ,LEPA_LEMD
VLG3418 ,LEIB_LEMD
SXHFE   ,LGAV_LGTS
TVF252J ,LFPO_LEMD
XGO4A   ,LEIB_LEPA
BLADE51 ,LKPD_LKPD
GASTM   ,EGBJ_EGBJ
SAS43H  ,ENBO_ENGM
SAS290  ,ENBR_ENGM
WIF22H  ,ENBO_ENVA
TAP1937 ,LPPR_LPPT
FBY893S ,LEBG_LEBG
TAP89WP ,LPPT_LPMA
QSM2214 ,LTFM_OMDB
VLG24SR ,LEBL_LEMH
EVE146P ,LEBL_LEMD
SAS4141 ,ENVA_ENBR
CFG2PK  ,LSZH_LEPA
DAH1000 ,DAAG_LFPG
SAS74M  ,ENZV_ENGM
THY6GE  ,LTFM_LTFM
SPSHIP  ,EPKP_EPKP
WIF549  ,ENBR_ENZV
UNI131  ,LSGG_LSZH
FBY33ES ,LEBG_LEBG
VKG4556 ,EFHK_ESSA
MOCHO14 ,LPBJ_LPBJ
RYR26WA ,EGCC_LEMG
DLH4MM  ,EDDM_EDDF
MDT2    ,ENBR_ENGM
NOZ37J  ,ENVA_ENGM
ADN64E  ,EDDM_EDDL
RJA155  ,LSGG_LSZH
CAI083  ,LTFM_LTAI
VKG4576 ,ESSA_EFHK
DLH9932 ,EDDM_EDDF
SCQ35M  ,ENGK_ENGK
SAS4148 ,ENZV_ENBR
PGT4018 ,LTFJ_LTAI
TAY2MN  ,LPPT_LEMD
LCO1511 ,EHAM_EDDF
GECUB   ,EGLM_EGLM
RUK813  ,EGPH_EIDW
TOY239  ,LEIB_LEMD
BCS1683 ,LFML_LFPG
SAH26P  ,LEBL_LEIB
ETI51V  ,ENGM_ENZV
NSZ8923 ,ENGM_EKCH
SAS43D  ,ENGM_ENBR
IBS3974 ,LEMD_LEPA
SAS353  ,ENVA_ENGM
THY2SN  ,LTAI_LTFM
RUK7BE  ,EGCC_EIDW
EMC3    ,EGPH_EIDW
ANE35UF ,LEPA_LEIB
SAS6061 ,ESSA_ENGM
JAF4EK  ,LEPA_LEIB
NJE488F ,LEBL_LEPA
SAS33R  ,ENBR_ENGM
NOZ533  ,ENZV_ENGM
OMA166  ,LTFM_OMDB
RYR3K   ,LEMH_LEBL
SAS1484 ,ENGM_ESSA
NOZ807  ,ESSA_ENGM
SAS389  ,ENVA_ENGM
SAS249  ,ENGM_ENBR
LTR65F  ,ENZV_ENBR
FPO465  ,LFPG_DAAG
TKJ6750 ,LTFJ_LTAI
VF3050  ,LTFJ_LTAI
UPS292  ,ESSA_EFHK
EIN185  ,EGLL_EIDW
DMUON   ,EDWN_EDWN
FHLHC   ,LFPN_LFPN
IBS3975 ,LEPA_LEMD
TAY7SR  ,EDDM_LFPG
FGSAG   ,LFLU_LFLU
PGT4052 ,LTFJ_LTAI
AEE910  ,LGAV_LCLK
MGH5306 ,LTFM_LTAI
SAZ54   ,LSGG_LSZH
SAS461  ,ENGM_EKCH
SPICY85 ,ETHN_ETHN
DTH3531 ,LFPG_DAAG
OKELD   ,LEBL_LIMC
DAH1209 ,LFPG_DAAG
PRF85   ,EGYD_EGYD
SAS4044 ,ENZV_ENGM
BNI5V   ,LEIB_LEPA
FSM462  ,LECU_LECU
SAS1209 ,EKCH_EKYT
RYR841  ,EGPH_EIDW
EVE140P ,LEMD_LEBL
SAS1212 ,EKYT_EKCH
CFG1HE  ,EDDF_LEPA
TKJ1QR  ,LTFJ_LTCG
THY4FJ  ,LTFM_LTFM
JFA11T  ,LEBL_LEPA
SWT7884 ,LEPA_LEIB
PNC7D   ,LSGG_LSZH
TCLHO   ,LTFM_LTFE
AEE912  ,LGAV_LCLK
SAS567  ,EKCH_LFPG
PGT7092 ,LCEN_LTFJ
DIRSB   ,LEPA_LEBL
PGT1918 ,LCEN_LTFJ
SAS4010 ,ENZV_ENGM
TAH1104 ,EDDK_LTAI
HRN124  ,LEIB_LEMD
INI361  ,LEMD_LEIB
RUK1557 ,EGCC_EIDW
RUK557  ,EGCC_EIDW
FBY983S ,LEBG_LEBG
RUK1900 ,EGCC_EIDW
MGH106  ,EDDK_LTAI
NOZ59B  ,ENVA_ENGM
AOM230A ,LEBL_LEPA
LYBGV7  ,LELL_LELL
PGT2828 ,LTFJ_LTCG
PGT79RB ,LTFJ_LTAI
VLG7XQ  ,LEBL_LEIB
CFG9EM  ,EDDF_LEPA
DTH3533 ,LFPG_DAAG
THY8LK  ,LTAI_LTFM
OOLVM   ,EBZH_EBZH
FJO66L  ,ENGM_ENZV
THY2TG  ,LTFM_LTAI
THY2857 ,LTFM_LTFM
LNVEL   ,ENZV_ENBR
FIN8925 ,EFHK_EETN
SAS4177 ,ENBR_ENZV
NJE726B ,LEIB_LEMD
NJE989L ,ESSA_ENGM
LAV987P ,LEPA_LEMD
RUK817  ,EGPH_EIDW
WFL002M ,LEPA_LEMD
ENT4491 ,EPWA_LTAI
ITY8006 ,LIRF_LIML
NJE833H ,LEBL_LEPA
DAH1300 ,DAAG_LFPG
TOM44T  ,EGKK_LPFR
NOZ551  ,ENZV_ENGM
SAS4004 ,ENZV_ENGM
SAZ64   ,LSGG_LSZH
IBS392D ,LEPA_LEMD
WIF5EB  ,ENVA_ENBR
TKJ4JB  ,LTFJ_LTAI
OEBXP   ,LOXN_LOXN
5O651   ,LFPG_DAAG
AFR1855 ,DAAG_LFPG
SPKFE   ,EPML_EPML
RGA04   ,LSGL_LSGL
CAI6BH  ,EDDK_LTAI
ULR92C  ,EGPD_EGPD
SWT130  ,LPPT_LPMA
C12     ,LOWG_LOWG
IAW214  ,LTFM_OMDB
TVF163A ,LFPO_DAAG
EAI9MS  ,EGCC_EIDW
TKJ93F  ,LTFJ_LTCG
FBY828S ,LEBG_LEBG
TKJ5210 ,LTFJ_LTCG
TKJ3168 ,LTFJ_LTAI
HBZVX   ,LSZL_LSZL
FPO685  ,LFPG_DAAG
8GN     ,ENVA_ENGM
EIN171  ,EGLL_EIDW
TKJ6MU  ,LTFJ_LTAI
WIF54Z  ,ENBO_ENVA
LTR56F  ,ENZV_ENBR
THY2437 ,LTAI_LTFM
TKJ4JM  ,LTFJ_LTAI
SAS93P  ,ENVA_ENBR
DOBEE   ,EDMA_EDMA
ULR412B ,EGPD_EGPD
DHX712  ,OMDB_LTFM
SAS48G  ,ENBR_ENZV
DAH1303 ,LFPO_DAAG
GRL762  ,EKCH_EKYT
CSDHX   ,LEBL_LEIB
AEZ154R ,LIRF_LICJ
M0CHO16 ,LPBJ_LPBJ
NHZ735  ,EGPD_EGPD
DFC3CF  ,LEIB_LEPA
TVF90RR ,LFPO_DAAG
TKJ82M  ,LTAI_LTFJ
SCQ2F   ,ENGK_ENGK
ANE8516 ,LEPA_LEIB
AZO9022 ,LTAI_LTFM
SCQZ1C  ,ENGK_ENGK
NJE614H ,LEPA_LEIB
MEECOAF ,LEBL_LEPA
PTN448K ,LEIB_LEPA
BLADE11 ,LKPD_LKPD
WIF2X   ,ENVA_ENGM
CHX86   ,EDDV_EDDV
DOVE73  ,EFHK_ESSA
FGNPJ   ,LFPL_LFPL
CPV714  ,LIRF_LIML
TJS5    ,EDDF_EDDM
WIF163  ,ENGM_ENBR
THY7EZ  ,LTFM_LTFM
EIN181  ,EGLL_EIDW
CAT9341 ,EKCH_EKYT
PGT4022 ,LTFJ_LTAI
NOR81F  ,ENZV_ENBR
TAY5KU  ,EKCH_LFPG
TKJ7UC  ,LTAI_LTFJ
FIN8926 ,EETN_EFHK
GSASF   ,EGWN_EGWN
PGT1915 ,LCEN_LTFJ
HKS36D  ,EGPD_EGPD
ECC282  ,LGAV_LGTS
NJE108K ,LEMD_LEIB
CAZ402  ,LEPA_LEIB
SAS1547 ,EKCH_EHAM
VLG3727 ,LEMH_LEBL
JFA84K  ,LEPA_LEIB
VPCIO   ,EFHK_EETN
CFE60M  ,EHAM_EGLC
TCCEL   ,LTBW_LTBW
TCAHH   ,LTBW_LTBW
THY769  ,LTFM_LTFM
AFR21CM ,LFML_LFPG
EAP64   ,LFPN_LFPN
N878SC  ,LEIB_LEPA
SAS345  ,ENVA_ENGM
AEE102  ,LGAV_LGTS
SAS4045 ,ENGM_ENZV
SAS49E  ,ENGM_ENZV
VLG3717 ,LEMH_LEBL
SAS4051 ,ENGM_ENZV
ITY8014 ,LIML_LIRF
SAS4047 ,ENGM_ENZV
ULR96G  ,EGPD_EGPD
OKCUA73 ,LOLF_LOLF
PGT4013 ,LTAI_LTFJ
BHL43E  ,EGPD_EGPD
NHZ651  ,EGPD_EGPD
SCQZ7D  ,ENGK_ENGK
LAV8031 ,LIRF_LICJ
GBSCZ   ,EGLK_EGLK
DMOEP   ,EDNA_EDNA
ADN75C  ,EDDB_EDDF
CGSPV   ,LGAV_LGTS
ULR93V  ,EGPD_EGPD
SAS4053 ,ENGM_ENZV
AXY660C ,LEPA_LEIB
BHL201C ,EGPD_EGPD
NSZ8922 ,ENGM_ENZV
ANE8515 ,LEIB_LEPA
FIN4B   ,EFHK_EETN
PRF86   ,EGYD_EGYD
SPKMG   ,EPML_EPML
VLG2CP  ,LEMH_LEBL
SAS4017 ,ENGM_ENZV
PRF69   ,EGYD_EGYD
SCQZ4N  ,ENGK_ENGK
ABP942  ,LGAV_LGTS
ULR91N  ,EGPD_EGPD
CFE96A  ,EHAM_EGLC
SCQ4N   ,ENGK_ENGK
PGT4017 ,LTAI_LTFJ
CAI084  ,LTAI_LTFM
MMO1160 ,LIRF_LICJ
GWACE   ,EGTB_EGTB
RYR5847 ,LIRF_LICJ
TCKMK   ,LTFJ_LTFE
ULR85H  ,EGPD_EGPD
DMYTD   ,EDNA_EDNA
DIGAL   ,LEIB_LEPA
ULR412C ,EGPD_EGPD
BLADE21 ,LKPD_LKPD
EMO18   ,LEPA_LEIB
KAC674  ,OMDB_LTFM
BLADE81 ,LKPD_LKPD
OOMML   ,EBZH_EBZH
TAP1938 ,LPPT_LPPR
TCAHB   ,LTBW_LTBW
NJE115C ,LEPA_LEIB
DIKBO   ,LEPA_LEIB
WIF47L  ,ENVA_ENBR
GNXOE   ,EGHR_EGHR
GUAVA   ,EGTC_EGTC
FHGJF   ,LEPA_LEIB
PEV512  ,LEPA_LEIB
NJE159C ,LEPA_LEIB
CHX14   ,LOWS_LOWS
WIF7M   ,ENBR_ENZV
TCAHD   ,LTBW_LTBW
SRG187  ,EGDX_EGDX
BCY041P ,ENBR_ENZV
WIF594  ,ENBR_ENZV
SAS4133 ,ENBR_ENZV
SCQ1H   ,ENGK_ENGK
AWFJ    ,EGTR_EGTR
HELIDOC ,ENGK_ENGK
ANE40MQ ,LEPA_LEIB
ETP09   ,EGDM_EGDM
D4289   ,EHTW_EHTW
