callsign,route,frequency,total_samples,confidence
VIR141,EGLL_KLAX,15633,15633,1.0
UAL935,EGLL_KLAX,15513,15513,1.0
UAL230,EGLL_KLAX,15355,15355,1.0
VIR23X,EGLL_KLAX,15019,15019,1.0
AAL90,KORD_EGLL,13344,13344,1.0
UAL923,KLAX_EGLL,13018,13018,1.0
VIR142,KLAX_EGLL,12348,12348,1.0
NBT30T,KJFK_LFPG,12102,12102,1.0
NBT30G,LFPG_KJFK,12015,12015,1.0
BAW105,EGLL_OMDB,12000,12000,1.0
BAW107,EGLL_OMDB,11805,11805,1.0
UAL231,KLAX_EGLL,11709,11709,1.0
AAL98,KORD_EGLL,11411,11411,1.0
AAL86,KORD_EGLL,11349,11349,1.0
VIR24M,KLAX_EGLL,10692,10692,1.0
BAW298,KORD_EGLL,10093,10093,1.0
AAL46,KORD_EGLL,9175,9175,1.0
BAW104,OMDB_EGLL,7200,7200,1.0
AAL100,KJFK_EGLL,6531,6531,1.0
AEA49MC,EHAM_LEMD,6308,6308,1.0
BAW14K,KJFK_EGLL,6191,6191,1.0
JBU7,KJFK_EGLL,5990,5990,1.0
VLG1AA,LEBL_EGKK,5809,5809,1.0
TAP1356,LPPT_EGLL,5772,5772,1.0
EIN1XT,EIDW_EGLL,5533,5533,1.0
VLG7822,LEBL_EGKK,5399,5399,1.0
BAW18A,KJFK_EGLL,5385,5385,1.0
EIN154,EIDW_EGLL,5280,5280,1.0
VLG414J,LEBL_EGKK,5273,5273,1.0
VIR138M,KJFK_EGLL,5271,5271,1.0
BAW499C,LPPT_EGLL,5243,5243,1.0
DLH6VR,EDDM_EGLL,5197,5197,1.0
DLH902,EDDF_EGLL,5195,5195,1.0
DLH904,EDDF_EGLL,5065,5065,1.0
DLH900,EDDF_EGLL,5000,5000,1.0
DLH2ME,EDDF_EGLL,4996,4996,1.0
BAW831S,EIDW_EGLL,4966,4966,1.0
VIR154,KJFK_EGLL,4943,4943,1.0
ETH713,LEMD_LIRF,4938,4938,1.0
VIR46K,KJFK_EGLL,4908,4908,1.0
EIN156,EIDW_EGLL,4904,4904,1.0
DLH5RP,EDDF_EGLL,4875,4875,1.0
VLG8EK,LEBL_EGKK,4869,4869,1.0
DAL3,KJFK_EGLL,4821,4821,1.0
KQA101,EGLL_KJFK,4800,4800,1.0
RBA98,EGLL_OMDB,4800,4800,1.0
ETD11B,EGLL_KJFK,4800,4800,1.0
CSN303,OMDB_EGLL,4798,4798,1.0
BAW8DS,KLAX_EGLL,4790,4790,1.0
AEA1091,LEMD_EHAM,4790,4790,1.0
VLG49HR,LEBL_EGKK,4776,4776,1.0
BAW28F,KLAX_EGLL,4708,4708,1.0
VIR4C,KJFK_EGLL,4708,4708,1.0
DAL1,KJFK_EGLL,4656,4656,1.0
AAL104,KJFK_EGLL,4633,4633,1.0
EZY86NZ,LEBL_EGKK,4601,4601,1.0
VLG34RD,LEBL_EGKK,4592,4592,1.0
BAW947L,EDDM_EGLL,4563,4563,1.0
AAL106,KJFK_EGLL,4553,4553,1.0
EJU94RQ,LEBL_EGKK,4534,4534,1.0
EIN158,EIDW_EGLL,4527,4527,1.0
VIR48J,KJFK_EGLL,4519,4519,1.0
SHT9B,EGPH_EGLL,4517,4517,1.0
ETH712,LIRF_LEMD,4485,4485,1.0
SHT9U,EGPH_EGLL,4471,4471,1.0
DLH5PL,EDDM_EGLL,4464,4464,1.0
SWR49M,LSGG_EGLL,4463,4463,1.0
DLH3NH,EDDM_EGLL,4463,4463,1.0
BAW813C,EKCH_EGLL,4439,4439,1.0
BAW176A,KJFK_EGLL,4429,4429,1.0
BAW51P,LPPT_EGLL,4407,4407,1.0
KLM35B,EHAM_EGLL,4398,4398,1.0
AAL136,KLAX_EGLL,4387,4387,1.0
JBU1107,KJFK_EGLL,4380,4380,1.0
BAW42DB,EIDW_EGLL,4351,4351,1.0
TAP52LH,LPPT_EGLL,4327,4327,1.0
BAW172,KJFK_EGLL,4312,4312,1.0
VIR8Y,KLAX_EGLL,4286,4286,1.0
AFR28EN,LFPG_EGLL,4210,4210,1.0
DLH3PM,EDDF_EGLL,4186,4186,1.0
SWR8KG,LSZH_EGLL,4184,4184,1.0
SAS84F,EKCH_EGLL,4169,4169,1.0
BAW11J,KJFK_EGLL,4164,4164,1.0
EIN16Y,EIDW_EGLL,4164,4164,1.0
UAL938,KORD_EGLL,4160,4160,1.0
BAW835W,EIDW_EGLL,4150,4150,1.0
BAW43XP,EHAM_EGLL,4098,4098,1.0
LAN711,LEMD_SKBO,4079,4079,1.0
DLH7VV,EDDM_EGLL,4044,4044,1.0
SWR188L,LSZH_EGLL,4029,4029,1.0
BAW949L,EDDM_EGLL,4028,4028,1.0
BAW727G,LSGG_EGLL,4020,4020,1.0
BAW903U,EDDF_EGLL,4017,4017,1.0
SHT9Z,EGPH_EGLL,3992,3992,1.0
BAW41R,EHAM_EGLL,3985,3985,1.0
SWR7EA,LSZH_EGLL,3975,3975,1.0
VLG3ZZ,LEMG_EGKK,3967,3967,1.0
VIR10H,KJFK_EGLL,3939,3939,1.0
BAW815C,EKCH_EGLL,3920,3920,1.0
BAW30N,LFPG_EGLL,3898,3898,1.0
AAL134,KLAX_EGLL,3880,3880,1.0
BAW709,LSZH_EGLL,3865,3865,1.0
EIN168E,EIDW_EGLL,3852,3852,1.0
VLG86EJ,LEBL_EGKK,3851,3851,1.0
VLG34LB,LEBL_EGKK,3815,3815,1.0
BAW116,KJFK_EGLL,3815,3815,1.0
EJU36DW,LPFR_EGKK,3799,3799,1.0
WUK5461,LEMG_EGKK,3788,3788,1.0
EJU43PE,LPFR_EGKK,3752,3752,1.0
EIN182,EIDW_EGLL,3744,3744,1.0
JBU1908,LFPG_KJFK,3739,3739,1.0
BAW38DB,EIDW_EGLL,3714,3714,1.0
WUK3W,LPFR_EGKK,3683,3683,1.0
BAW429B,EHAM_EGLL,3673,3673,1.0
EIN1HW,EIDW_EGLL,3671,3671,1.0
EFW75H,LPFR_EGKK,3663,3663,1.0
BAW305,LFPG_EGLL,3649,3649,1.0
AFR22CN,LFPG_EGLL,3647,3647,1.0
SHT9V,EGPH_EGLL,3646,3646,1.0
DLH5TP,EDDM_EGLL,3645,3645,1.0
DLH3VC,EDDF_EGLL,3635,3635,1.0
EIN1CM,EIDW_EGLL,3619,3619,1.0
BAW3ZL,LSZH_EGLL,3583,3583,1.0
BAW71FJ,LSZH_EGLL,3547,3547,1.0
EIN164,EIDW_EGLL,3539,3539,1.0
BAW811,EKCH_EGLL,3538,3538,1.0
DLH3WJ,EDDM_EGLL,3522,3522,1.0
BAW6AC,KORD_EGLL,3514,3514,1.0
DAL264,KJFK_LFPG,3498,3498,1.0
DLH2KA,EDDF_EGLL,3498,3498,1.0
EFW64C,LEMG_EGKK,3496,3496,1.0
TAP675,EHAM_LPPT,3476,3476,1.0
BAW725,LSGG_EGLL,3470,3470,1.0
EZY34QR,LPFR_EGKK,3468,3468,1.0
JBU20,EGLL_KJFK,3462,3462,1.0
BAW7WN,LSGG_EGLL,3445,3445,1.0
BAW51L,LPPT_EGLL,3444,3444,1.0
SWR4EC,LSGG_EGLL,3417,3417,1.0
AAL142,KJFK_EGLL,3412,3412,1.0
SWR9YP,LSZH_EGLL,3371,3371,1.0
BAW315,LFPG_EGLL,3367,3367,1.0
BAW4Q,KLAX_EGLL,3358,3358,1.0
VLG72UL,LEMG_EGKK,3352,3352,1.0
SAS505,EKCH_EGLL,3335,3335,1.0
AAL138,KLAX_EGLL,3334,3334,1.0
AFR1680,LFPG_EGLL,3333,3333,1.0
BAW20R,KORD_EGLL,3316,3316,1.0
BAW323V,LFPG_EGLL,3307,3307,1.0
VLG6650,LEBL_EGLL,3301,3301,1.0
ETD5SJ,KJFK_EGLL,3295,3295,1.0
DLH914,EDDF_EGLL,3291,3291,1.0
EJU56EQ,LEMG_EGKK,3274,3274,1.0
EZY59UC,LPFR_EGKK,3249,3249,1.0
JBU1408,LFPG_KJFK,3249,3249,1.0
SWR2BP,LSGG_EGLL,3226,3226,1.0
DLH4LW,EDDM_EGLL,3223,3223,1.0
TAP67M,EGLL_LPPT,3217,3217,1.0
VLG98RR,EHAM_LPPT,3215,3215,1.0
BAW953L,EDDM_EGLL,3200,3200,1.0
SWR1KL,LSZH_EGLL,3195,3195,1.0
AVA047,LEMD_SKBO,3182,3182,1.0
AFR76EL,LFPG_EGLL,3181,3181,1.0
VLG1ZP,LEBL_EHAM,3173,3173,1.0
TAP67U,EHAM_LPPT,3162,3162,1.0
JBU1407,KJFK_LFPG,3149,3149,1.0
EZY34PL,LPFR_EGKK,3137,3137,1.0
KLM27M,EHAM_EGLL,3136,3136,1.0
EFW1FG,LPFR_EGKK,3134,3134,1.0
BAW901U,EDDF_EGLL,3116,3116,1.0
EZY72AP,LEBL_EGKK,3110,3110,1.0
AVA011,LEMD_SKBO,3106,3106,1.0
JBU1907,KJFK_LFPG,3090,3090,1.0
BAW731W,LSGG_EGLL,3088,3088,1.0
JBU2220,EGLL_KJFK,3086,3086,1.0
BAW483B,LEBL_EGLL,3062,3062,1.0
BAW2AM,EHAM_EGLL,3059,3059,1.0
ITY325,LFPG_LIRF,3047,3047,1.0
BAW47C,LEBL_EGLL,3043,3043,1.0
EIN17J,EIDW_EGLL,3020,3020,1.0
KLM31A,EHAM_EGLL,3001,3001,1.0
BAW33K,EGLL_KJFK,2972,2972,1.0
UAL920,KORD_EGLL,2941,2941,1.0
KLM63T,EHAM_EGLL,2940,2940,1.0
BAW951L,EDDM_EGLL,2937,2937,1.0
BAW733C,LSGG_EGLL,2937,2937,1.0
LAN710,SKBO_LEMD,2935,2935,1.0
SHT9J,EGPH_EGLL,2932,2932,1.0
TAP58Y,LPPT_EGLL,2923,2923,1.0
EIN1WM,EIDW_EGLL,2915,2915,1.0
BAW59Z,LPPT_EGLL,2915,2915,1.0
TAP669,EHAM_LPPT,2914,2914,1.0
VLG6020,LEBL_EGKK,2908,2908,1.0
SHT9X,EGPH_EGLL,2898,2898,1.0
VLG83EM,EHAM_LEBL,2896,2896,1.0
TAP63V,EGLL_LPPT,2894,2894,1.0
VLG6JZ,LEBL_EHAM,2880,2880,1.0
BAW309,LFPG_EGLL,2858,2858,1.0
AVA026,SKBO_LEMD,2852,2852,1.0
DLH3VE,EDDF_EGLL,2842,2842,1.0
TAP51PM,EGLL_LPPT,2823,2823,1.0
VLG66WR,EHAM_LEBL,2820,2820,1.0
AVA183,LEMD_SKBO,2817,2817,1.0
SHT9Y,EGPH_EGLL,2817,2817,1.0
EZY65LG,LEMG_EGKK,2809,2809,1.0
BAW178,KJFK_EGLL,2804,2804,1.0
VLG60CD,LEBL_EHAM,2802,2802,1.0
BAW473D,LEBL_EGLL,2798,2798,1.0
DLH7FY,EDDM_EGLL,2797,2797,1.0
EWG6SF,EDDL_LEPA,2788,2788,1.0
DLH5JF,EDDF_EGLL,2783,2783,1.0
TAP1359,EGLL_LPPT,2771,2771,1.0
TAP443,LFPO_LPPT,2768,2768,1.0
EZY79TK,LEMG_EGKK,2744,2744,1.0
TAP1364,LPPT_EGLL,2743,2743,1.0
SWR36A,LSZH_EGLL,2743,2743,1.0
AVA046,SKBO_LEMD,2737,2737,1.0
AFR31TL,LFPG_EGLL,2727,2727,1.0
SWR24C,LSZH_EGLL,2723,2723,1.0
VLG6PN,LEBL_EHAM,2717,2717,1.0
SAS1507,EKCH_EGLL,2716,2716,1.0
AVA010,SKBO_LEMD,2714,2714,1.0
EJU8078,LEMG_EGKK,2713,2713,1.0
SAS72G,EKCH_EGLL,2704,2704,1.0
DAL262,KJFK_LFPG,2691,2691,1.0
VLG722T,EHAM_LEBL,2690,2690,1.0
TAP1369,EGLL_LPPT,2681,2681,1.0
SWR5AP,EGLL_LSZH,2665,2665,1.0
AEA7706,LEBL_LEMD,2658,2658,1.0
VLG84KA,EHAM_LEBL,2638,2638,1.0
DLH6RJ,EDDF_EHAM,2623,2623,1.0
KLM61T,EHAM_EGLL,2614,2614,1.0
TAP6AM,EHAM_LPPT,2597,2597,1.0
TAP57W,EGLL_LPPT,2596,2596,1.0
BAW58TL,EGLL_LPPT,2592,2592,1.0
VLG4GQ,EGKK_LEBL,2583,2583,1.0
WMT676,LIRF_LEMD,2583,2583,1.0
DLH2EY,EGLL_EDDM,2581,2581,1.0
EJU8127,LEPA_EGKK,2579,2579,1.0
TAP66JC,LPPT_EGLL,2570,2570,1.0
VLG75QP,LEBL_EHAM,2570,2570,1.0
BAW719,LSZH_EGLL,2567,2567,1.0
BAW17R,EGLL_KJFK,2567,2567,1.0
VLG2HE,EGKK_LEBL,2565,2565,1.0
WMT829,LIRF_LEMD,2563,2563,1.0
TAP1350,LPPT_EGLL,2557,2557,1.0
ITY061,LEMD_LIRF,2550,2550,1.0
TVF13NB,LPPR_LFPO,2539,2539,1.0
TAP433,LFPO_LPPT,2539,2539,1.0
AEA1094,EHAM_LEMD,2533,2533,1.0
EIN1EH,EIDW_EGLL,2533,2533,1.0
VLG1983,LFPO_LPPT,2532,2532,1.0
DLH2VR,EGLL_EDDM,2528,2528,1.0
ITY058,LIRF_LEMD,2523,2523,1.0
BAW7J,EGLL_KLAX,2518,2518,1.0
KLM81E,EHAM_EGLL,2513,2513,1.0
TAP431,LFPO_LPPT,2508,2508,1.0
EWG2LM,LEPA_EDDL,2502,2502,1.0
AFR23EE,LEBL_LFPG,2498,2498,1.0
VIR26Q,KJFK_EGLL,2496,2496,1.0
EWG37KE,EDDL_LEPA,2495,2495,1.0
AEA194,SKBO_LEMD,2494,2494,1.0
EZY34VA,EGKK_LEBL,2485,2485,1.0
AVA027,LEMD_SKBO,2484,2484,1.0
BAW717T,LSZH_EGLL,2482,2482,1.0
VLG714Z,LEBL_EHAM,2479,2479,1.0
TAP74NA,LPPT_EHAM,2477,2477,1.0
BAW823D,EIDW_EGLL,2477,2477,1.0
SWR28L,LSGG_EGLL,2474,2474,1.0
ITY063,LEMD_LIRF,2471,2471,1.0
TAP429,LFPO_LPPT,2457,2457,1.0
TRA8H,LEBL_EHAM,2457,2457,1.0
TAP435,LFPO_LPPT,2448,2448,1.0
VLG1BZ,LFPO_LPPT,2448,2448,1.0
SWR8GF,LSGG_EGLL,2442,2442,1.0
TAP441,LFPO_LPPT,2440,2440,1.0
TAP439X,LFPO_LPPT,2438,2438,1.0
EFW93J,LEMG_EGKK,2416,2416,1.0
ITY059,LEMD_LIRF,2415,2415,1.0
BAW5LI,EGLL_LPPT,2409,2409,1.0
BAW319A,LFPG_EGLL,2408,2408,1.0
KLM82D,LEBL_EHAM,2407,2407,1.0
TOM7BG,EGCC_LTAI,2400,2400,1.0
TOM458,EGKK_LTAI,2400,2400,1.0
GFA007,OMDB_EGLL,2400,2400,1.0
TOM459,LTAI_EGKK,2400,2400,1.0
BAW106,OMDB_EGLL,2400,2400,1.0
BAW16,WSSS_EGLL,2400,2400,1.0
RBA97,OMDB_EGLL,2400,2400,1.0
AHY008,EGLL_OMDB,2400,2400,1.0
QFA209,WSSS_EGLL,2400,2400,1.0
AVA182,SKBO_LEMD,2399,2399,1.0
AFR16CG,LFPG_EGLL,2393,2393,1.0
TAP438T,LPPT_LFPO,2393,2393,1.0
VLG9WK,EGKK_LEBL,2387,2387,1.0
WMT7870,LEMD_LIRF,2385,2385,1.0
DAL4,EGLL_KJFK,2383,2383,1.0
TAP440,LPPT_LFPO,2380,2380,1.0
VLG43SN,EHAM_LEBL,2379,2379,1.0
EWG1HR,EDDL_LEPA,2377,2377,1.0
TAP670,LPPT_EHAM,2377,2377,1.0
AAL139,EGLL_KLAX,2375,2375,1.0
DAL263,LFPG_KJFK,2359,2359,1.0
EZY54YB,LPFR_EGKK,2357,2357,1.0
SWR4SY,EGLL_LSGG,2355,2355,1.0
AAL45,LFPG_KJFK,2353,2353,1.0
BAW958M,EGLL_EDDM,2352,2352,1.0
AAL46P,KORD_EGLL,2345,2345,1.0
DLH3ET,EDDF_EGLL,2340,2340,1.0
VLG509M,LEBL_EGLL,2338,2338,1.0
SWR736,LSZH_EHAM,2338,2338,1.0
VLG64PW,LPPT_LFPO,2338,2338,1.0
ITY060,LIRF_LEMD,2333,2333,1.0
TAP428,LPPT_LFPO,2329,2329,1.0
BAW5DW,EGLL_LPPT,2325,2325,1.0
AFR010,LFPG_KJFK,2325,2325,1.0
DLH4TR,EGLL_EDDM,2317,2317,1.0
ITY319,LFPG_LIRF,2308,2308,1.0
AAL105,EGLL_KJFK,2306,2306,1.0
BAW485G,LEBL_EGLL,2304,2304,1.0
TAP72PA,LPPT_EHAM,2303,2303,1.0
WMT887,LEMD_LIRF,2302,2302,1.0
WUK13YS,EGKK_LPFR,2301,2301,1.0
KLM73T,LEBL_EHAM,2297,2297,1.0
DLH4LL,EGLL_EDDM,2294,2294,1.0
DAL2,EGLL_KJFK,2293,2293,1.0
BAW817,EKCH_EGLL,2290,2290,1.0
BAW911U,EDDF_EGLL,2286,2286,1.0
TAP56UG,LPPR_LFPO,2283,2283,1.0
BAW8ER,EIDW_EGLL,2283,2283,1.0
VIR47M,EGLL_KJFK,2280,2280,1.0
AAL135,EGLL_KLAX,2277,2277,1.0
EWG1UV,LEPA_EDDL,2274,2274,1.0
IBE34FC,LEMD_LFPO,2274,2274,1.0
IBE34EL,LEMD_LFPO,2272,2272,1.0
KLM16K,LEBL_EHAM,2269,2269,1.0
VLG7BN,EGKK_LEBL,2269,2269,1.0
AFR42KM,LEBL_LFPG,2269,2269,1.0
TVF95VX,LFPO_LPPR,2267,2267,1.0
DLH7TP,EGLL_EDDM,2261,2261,1.0
SHT7T,EGPF_EGLL,2260,2260,1.0
TUI79K,EDDL_LEPA,2260,2260,1.0
IBE32SD,LEMD_LIRF,2259,2259,1.0
SAS1501,EKCH_EGLL,2256,2256,1.0
AFR009,KJFK_LFPG,2252,2252,1.0
AFR55QP,LEBL_LFPG,2252,2252,1.0
VLG9JG,LPPR_LFPO,2248,2248,1.0
TVF91SF,LFPO_LPPT,2247,2247,1.0
VLG57HQ,EGKK_LEMG,2246,2246,1.0
VLG17XY,LEBL_LFPO,2245,2245,1.0
ITY2045,LIML_LIRF,2237,2237,1.0
ITY317,LFPG_LIRF,2237,2237,1.0
VLG2FB,LPPT_EHAM,2235,2235,1.0
AFR24LJ,LEBL_LFPG,2228,2228,1.0
AFR2X,LFPG_KJFK,2227,2227,1.0
EIN60R,EHAM_EIDW,2226,2226,1.0
KLM43Q,EHAM_LEBL,2223,2223,1.0
AFR7P,KJFK_LFPG,2221,2221,1.0
BAW720T,EGLL_LSZH,2217,2217,1.0
BAW732,EGLL_LSGG,2215,2215,1.0
IBE34GV,LFPO_LEMD,2215,2215,1.0
VIR153,EGLL_KJFK,2213,2213,1.0
SEH9DG,LGAV_LFPG,2212,2212,1.0
VLG1982,LPPT_LFPO,2211,2211,1.0
AEA7708,LEBL_LEMD,2208,2208,1.0
EIN17R,EGLL_EIDW,2206,2206,1.0
VIR9J,EGLL_KJFK,2204,2204,1.0
SWR13Y,EGLL_LSGG,2204,2204,1.0
ITY333,LFPG_LIRF,2204,2204,1.0
EIN611,EHAM_EIDW,2198,2198,1.0
AFR006,LFPG_KJFK,2196,2196,1.0
AFR004,LFPG_KJFK,2194,2194,1.0
VLG5TA,LFPO_LPPR,2192,2192,1.0
BAW41HA,EHAM_EGLL,2188,2188,1.0
VLG6337,LIMC_LEBL,2187,2187,1.0
DLH9U,EGLL_EDDF,2187,2187,1.0
DAL265,LFPG_KJFK,2186,2186,1.0
EZY23ME,EGKK_LEBL,2182,2182,1.0
AFR5T,KJFK_LFPG,2179,2179,1.0
TAP434T,LPPT_LFPO,2178,2178,1.0
EZY81ZT,EGKK_LPFR,2174,2174,1.0
EWG3UY,LEPA_EDDL,2172,2172,1.0
BAW283,EGLL_KLAX,2170,2170,1.0
BAW729,LSGG_EGLL,2169,2169,1.0
SWR12K,EGLL_LSGG,2168,2168,1.0
IBE32DV,LEMD_LIRF,2164,2164,1.0
AFR3G,KJFK_LFPG,2162,2162,1.0
IBE32MT,LEMD_LIRF,2161,2161,1.0
VLG31SP,LEBL_LFPO,2161,2161,1.0
ITY2061,LIML_LIRF,2160,2160,1.0
AFR92BL,LFPG_LIRF,2159,2159,1.0
BAW5PT,EGLL_LPPT,2158,2158,1.0
AFR37QG,LFPG_LIRF,2156,2156,1.0
EJU89HY,EGKK_LEBL,2154,2154,1.0
DLH6U,EGLL_EDDF,2153,2153,1.0
BAW726P,EGLL_LSGG,2151,2151,1.0
IBE32GR,LEMD_LIRF,2151,2151,1.0
BAW952M,EGLL_EDDM,2149,2149,1.0
SWR2HB,LSZH_EHAM,2148,2148,1.0
BAW819K,EKCH_EGLL,2145,2145,1.0
SWR693P,EGLL_LSZH,2145,2145,1.0
UAE6VH,OMDB_EGLL,2142,2142,1.0
IBE32WF,LIRF_LEMD,2142,2142,1.0
BAW37J,EGLL_KJFK,2138,2138,1.0
AFR44HP,LFPG_LEBL,2138,2138,1.0
ITY1746,LIML_LICZ,2135,2135,1.0
BAW439M,EHAM_EGLL,2133,2133,1.0
BAW04A,EGLL_KJFK,2132,2132,1.0
KLM50H,LSZH_EHAM,2127,2127,1.0
BAW481B,LEBL_EGLL,2123,2123,1.0
SWR339,EGLL_LSZH,2123,2123,1.0
VLG8DL,LEBL_LFPO,2120,2120,1.0
TAP436,LPPT_LFPO,2118,2118,1.0
AFR46WB,LFPG_LEBL,2118,2118,1.0
VIR45W,EGLL_KJFK,2117,2117,1.0
VLG3WD,LEBL_LFPO,2117,2117,1.0
BAW916N,EGLL_EDDF,2117,2117,1.0
EIN1HL,EIDW_EGLL,2116,2116,1.0
SHT8K,EGLL_EGPH,2112,2112,1.0
MBU6003,EDDM_EDDH,2112,2112,1.0
WMT497,LEBL_LIRF,2110,2110,1.0
DLH8U,EGLL_EDDF,2109,2109,1.0
VLG13HY,LEBL_LFPO,2108,2108,1.0
ITY2133,LIML_LIRF,2108,2108,1.0
DLH6NT,EGLL_EDDM,2108,2108,1.0
ITY078,LIRF_LEBL,2108,2108,1.0
AAL44,KJFK_LFPG,2106,2106,1.0
DAL266,KJFK_LFPG,2105,2105,1.0
DLH6LT,EGLL_EDDM,2103,2103,1.0
MBU6509,LEPA_EDDM,2100,2100,1.0
SHT7J,EGPF_EGLL,2100,2100,1.0
WUK45Z,EGKK_LEMG,2098,2098,1.0
KLM48J,LEBL_EHAM,2096,2096,1.0
VLG3NF,LFPG_LEBL,2092,2092,1.0
AEA26QC,LEMD_LFPO,2092,2092,1.0
BAW475E,LEBL_EGLL,2091,2091,1.0
TAP432,LPPT_LFPO,2089,2089,1.0
KLM93Z,EHAM_LEBL,2087,2087,1.0
VLG1SQ,EGKK_LEBL,2085,2085,1.0
DLH7TH,EDDM_EGLL,2082,2082,1.0
IBE34PK,LFPO_LEMD,2080,2080,1.0
DLH2H,EGLL_EDDF,2080,2080,1.0
TOM8MH,LEAL_EGKK,2078,2078,1.0
KLM47E,EHAM_EIDW,2076,2076,1.0
VLG7HP,LEBL_LPPT,2075,2075,1.0
SWR815F,EGLL_LSZH,2075,2075,1.0
ITY1745,LIRF_LICZ,2075,2075,1.0
VLG10RA,LIMC_LEBL,2071,2071,1.0
SHT9H,EGPH_EGLL,2066,2066,1.0
BAW108,OMDB_EGLL,2060,2060,1.0
DLH5H,EGLL_EDDF,2057,2057,1.0
ITY064,LIRF_LEMD,2055,2055,1.0
AEA77GB,LEMD_LEBL,2054,2054,1.0
IBE34ZE,LEMD_LFPO,2053,2053,1.0
TAP430,LPPT_LFPO,2050,2050,1.0
TAP437X,LFPO_LPPT,2050,2050,1.0
EZY31MW,EGKK_LEMG,2046,2046,1.0
EWG7K,LEPA_EDDK,2043,2043,1.0
TVF31RZ,LPPR_LFPO,2040,2040,1.0
WMT7PB,LIMC_LEBL,2038,2038,1.0
TAP1033,LEBL_LPPT,2037,2037,1.0
KLM1512,LEBL_EHAM,2036,2036,1.0
VLG471V,LEBL_LFPO,2034,2034,1.0
TAP668,LPPT_EHAM,2034,2034,1.0
EZY73AQ,LEBL_EGKK,2033,2033,1.0
DLH7H,EGLL_EDDF,2032,2032,1.0
TOM9GK,LEPA_EGKK,2031,2031,1.0
SWR883P,LSZH_EHAM,2030,2030,1.0
AEA193,LEMD_SKBO,2026,2026,1.0
IBS3725,EHAM_LEMD,2024,2024,1.0
DLH8E,EDDH_EDDM,2023,2023,1.0
AEA95FT,LEMD_EHAM,2022,2022,1.0
AAL141,EGLL_KJFK,2018,2018,1.0
ETH715,ENGM_ESSA,2015,2015,1.0
AFR88WN,LFPG_LIRF,2011,2011,1.0
SWR438A,EGLL_LSZH,2009,2009,1.0
IBE34CY,LEMD_LFPO,2008,2008,1.0
SHT8Y,EGLL_EGPH,2008,2008,1.0
KLM66A,EGLL_EHAM,2005,2005,1.0
KLM1919,EHAM_LSZH,2003,2003,1.0
DLH5U,EGLL_EDDF,2003,2003,1.0
AAL101,EGLL_KJFK,2000,2000,1.0
BAW955L,EDDM_EGLL,2000,2000,1.0
BAW73V,LSGG_EGLL,2000,2000,1.0
EJU83DK,LEPA_EGKK,1998,1998,1.0
DLH1MK,EGLL_EDDM,1995,1995,1.0
ITY079,LEBL_LIRF,1995,1995,1.0
AUA208,EDDF_LOWW,1994,1994,1.0
VLG4WP,EHAM_LEBL,1993,1993,1.0
SHT9C,EGPH_EGLL,1990,1990,1.0
BAW8X,EIDW_EGLL,1988,1988,1.0
UAE41,OMDB_EGLL,1988,1988,1.0
ITY076,LIRF_LEBL,1982,1982,1.0
RYR1KR,LEMD_LIRF,1981,1981,1.0
EWG3FB,LEPA_EDDK,1980,1980,1.0
DAL267,LFPG_KJFK,1980,1980,1.0
KLM38Y,LSZH_EHAM,1977,1977,1.0
ITY075,LEBL_LIRF,1976,1976,1.0
AFR45JF,LFPG_LEBL,1973,1973,1.0
TOM8EY,EGCC_LEPA,1967,1967,1.0
VLG425T,LEBL_LFPG,1962,1962,1.0
IBE34SF,LEMD_LFPO,1961,1961,1.0
AFR008,LFPG_KJFK,1959,1959,1.0
AFR61PD,LEBL_LFPG,1957,1957,1.0
EIN605P,EHAM_EIDW,1957,1957,1.0
ITY2059,LIML_LIRF,1955,1955,1.0
EIN60H,EIDW_EHAM,1953,1953,1.0
AFR85RH,LEBL_LFPG,1946,1946,1.0
DLH2HW,EDDF_EHAM,1944,1944,1.0
RYR3EK,EHAM_EIDW,1941,1941,1.0
RYR8MU,EIDW_EGCC,1941,1941,1.0
AUA207,LOWW_EDDF,1939,1939,1.0
DLH6M,EDDH_EDDM,1939,1939,1.0
BAW15K,EGLL_KJFK,1936,1936,1.0
IBE34SR,LFPO_LEMD,1936,1936,1.0
ITY2109,LIML_LIRF,1935,1935,1.0
DLH1U,EGLL_EDDF,1930,1930,1.0
BAW738,EGLL_LSGG,1929,1929,1.0
AEE61CG,LGAV_LFPG,1928,1928,1.0
KLM27G,EHAM_LPPT,1927,1927,1.0
EWG9LP,LEPA_EDDL,1926,1926,1.0
IBE32WC,LIRF_LEMD,1926,1926,1.0
KLM88B,LSZH_EHAM,1925,1925,1.0
VIR137Y,EGLL_KJFK,1925,1925,1.0
VIR7B,EGLL_KLAX,1924,1924,1.0
KLM1920,LSZH_EHAM,1920,1920,1.0
SWR8YE,LSZH_EHAM,1919,1919,1.0
DLH7E,EDDH_EDDM,1918,1918,1.0
DLH8H,EGLL_EDDF,1917,1917,1.0
VLG78FA,LFPO_LEBL,1915,1915,1.0
TOM8FN,EGKK_LEPA,1914,1914,1.0
TVF82RP,LPPT_LFPO,1912,1912,1.0
DLH9H,EGLL_EDDF,1911,1911,1.0
AAL137,EGLL_KLAX,1910,1910,1.0
AFR24FR,LIRF_LFPG,1907,1907,1.0
DLH6AF,EGLL_EDDM,1906,1906,1.0
IBE32DH,EBMB_LEMD,1905,1905,1.0
IBE34HR,LEMD_LFPO,1905,1905,1.0
TAP1032,LPPT_LEBL,1901,1901,1.0
VLG6021,EGKK_LEBL,1900,1900,1.0
TAP457,LFPO_LPPR,1897,1897,1.0
BAW21B,EGLL_KLAX,1895,1895,1.0
DLH3U,EGLL_EDDF,1895,1895,1.0
ITY077,LEBL_LIRF,1894,1894,1.0
IBE32BH,LIRF_LEMD,1893,1893,1.0
SAS48D,EHAM_EKCH,1893,1893,1.0
IBE3402,LEMD_LFPO,1893,1893,1.0
VLG70FE,LIMC_LEBL,1892,1892,1.0
EJU94DA,EGKK_LPFR,1892,1892,1.0
BAW909U,EDDF_EGLL,1892,1892,1.0
TAP1041,LEBL_LPPT,1891,1891,1.0
VIR3N,EGLL_KJFK,1891,1891,1.0
NSZ541B,EHAM_EKCH,1887,1887,1.0
IBS37BA,LEMD_EHAM,1882,1882,1.0
VLG2WB,LEBL_LFPO,1882,1882,1.0
TVF86FR,LPPR_LFPO,1880,1880,1.0
SHT7S,EGPF_EGLL,1880,1880,1.0
KLM61N,EHAM_LPPT,1878,1878,1.0
IBE32SV,LIRF_LEMD,1876,1876,1.0
ITY316,LIRF_LFPG,1876,1876,1.0
IBE32FR,LEMD_LIRF,1872,1872,1.0
VLG8005,LFPO_LEBL,1871,1871,1.0
KLM39F,EHAM_EKCH,1871,1871,1.0
AUA19C,LOWW_EDDF,1870,1870,1.0
AFR1T,KJFK_LFPG,1870,1870,1.0
VLG30EH,EGKK_LEBL,1868,1868,1.0
KLM26J,LSZH_EHAM,1868,1868,1.0
VLG113J,LFPO_LEBL,1866,1866,1.0
BAW430A,EGLL_EHAM,1866,1866,1.0
KLM1579,EHAM_LPPT,1866,1866,1.0
RYR8FB,EIDW_EHAM,1865,1865,1.0
BAW7NY,EGLL_KJFK,1862,1862,1.0
TOM2XD,LEPA_EGCC,1861,1861,1.0
VLG3YE,LEBL_LFPG,1860,1860,1.0
DLH9EK,EDDF_EDDH,1859,1859,1.0
SAS1549,EKCH_EHAM,1857,1857,1.0
VLG8QD,LIMC_LEBL,1857,1857,1.0
TVF55DZ,LFPO_LPPR,1855,1855,1.0
VLG7NK,LEBL_LPPT,1852,1852,1.0
SHT8A,EGLL_EGPH,1852,1852,1.0
AFR59LZ,LIRF_LFPG,1852,1852,1.0
VLG3XB,LFPO_LEBL,1850,1850,1.0
RYR3102,EIDW_EHAM,1850,1850,1.0
AEA78XY,LEMD_LIRF,1848,1848,1.0
AFR23JF,LFPG_LIRF,1847,1847,1.0
TOM2BG,EGCC_LEPA,1846,1846,1.0
RYR38QT,EIDW_EHAM,1844,1844,1.0
BAW680,EGLL_LTFM,1838,1838,1.0
KLM1036,EGCC_EHAM,1837,1837,1.0
KLM64L,EIDW_EHAM,1832,1832,1.0
BAW327X,LFPG_EGLL,1831,1831,1.0
KLM77C,EHAM_EGLL,1831,1831,1.0
EIN61V,EIDW_EHAM,1831,1831,1.0
EJU43DA,LEMD_LPPR,1831,1831,1.0
SAS62L,EHAM_EKCH,1828,1828,1.0
VLG95MQ,LEBL_LPPT,1827,1827,1.0
EIN60T,EIDW_EHAM,1827,1827,1.0
TAP1035,LEBL_LPPT,1826,1826,1.0
RYR61FR,LEMD_LIRF,1825,1825,1.0
RYR8YB,LEBL_LIRF,1824,1824,1.0
SAS554,EHAM_EKCH,1824,1824,1.0
UAE62T,OMDB_EGLL,1823,1823,1.0
ITY1741,LIRF_LICZ,1822,1822,1.0
TAP1031,LEBL_LPPT,1820,1820,1.0
TAP39ZL,LEBL_LPPT,1820,1820,1.0
SHT7B,EGPF_EGLL,1818,1818,1.0
VLG8WD,LEBL_EHAM,1818,1818,1.0
RYR982B,EHAM_EIDW,1818,1818,1.0
SWR81C,EGLL_LSZH,1813,1813,1.0
EJU16FG,LEPA_EGKK,1811,1811,1.0
TVF64RY,LPPR_LFPO,1810,1810,1.0
VLG9GP,LEBL_LPPT,1810,1810,1.0
KLM41H,EHAM_LEBL,1810,1810,1.0
KLM29K,EHAM_LEBL,1809,1809,1.0
VLG4VG,LIMC_LEBL,1809,1809,1.0
DLH8CX,EDDM_EDDH,1809,1809,1.0
AEE4CA,LGAV_LFPG,1808,1808,1.0
TAP37HG,LEBL_LPPT,1807,1807,1.0
AEA78SK,LEMD_LFPO,1806,1806,1.0
AFR94WU,LIRF_LFPG,1805,1805,1.0
AEE616,LGAV_LFPG,1804,1804,1.0
EZY35WT,LEPA_EGKK,1804,1804,1.0
DLH3M,EDDH_EDDM,1804,1804,1.0
EWG46FH,LEPA_EDDL,1803,1803,1.0
VIR25B,EGLL_KJFK,1801,1801,1.0
EJU91GX,EGKK_LEMG,1800,1800,1.0
DLH1E,EDDH_EDDM,1796,1796,1.0
KLM88C,EIDW_EHAM,1795,1795,1.0
EWG50BK,LEPA_EDDM,1794,1794,1.0
MBU6513,LEPA_EDDM,1793,1793,1.0
KLM1271,EHAM_EKCH,1791,1791,1.0
KLM82Z,LEMD_EHAM,1790,1790,1.0
AFR81ZA,LFPG_LIRF,1790,1790,1.0
SXS6DA,LTAI_EDDL,1790,1790,1.0
SAS506,EGLL_EKCH,1789,1789,1.0
AUA218,EDDF_LOWW,1788,1788,1.0
DLH4A,EHAM_EDDF,1787,1787,1.0
PGT31FP,EDDL_LTAI,1786,1786,1.0
KLM1142,EIDW_EHAM,1782,1782,1.0
VLG97MK,EGKK_LEMG,1777,1777,1.0
VLG1HF,LEBL_LFPG,1776,1776,1.0
EIN60Y,EHAM_EIDW,1776,1776,1.0
AFR74WY,EGLL_LFPG,1775,1775,1.0
EZY57FX,EHAM_EGCC,1775,1775,1.0
KLM55C,EHAM_EKCH,1774,1774,1.0
IBE30ZB,LEMD_LEBL,1773,1773,1.0
AFR55SP,LFPG_LEBL,1773,1773,1.0
DLH7VA,EDDM_EDDH,1772,1772,1.0
RYR14FV,LEBL_LIRF,1771,1771,1.0
KLM1135,EHAM_EIDW,1769,1769,1.0
DLH3VV,EDDF_EHAM,1768,1768,1.0
IBE30AY,LEBL_LEMD,1767,1767,1.0
KLM1855,EHAM_EDDM,1766,1766,1.0
SAS54P,EHAM_EKCH,1765,1765,1.0
TAP452,LPPR_LFPO,1765,1765,1.0
EWG4LL,EDDL_LEPA,1764,1764,1.0
RYR52HN,EHAM_EIDW,1763,1763,1.0
DLH5A,EHAM_EDDF,1755,1755,1.0
AFR13HY,LGAV_LFPG,1754,1754,1.0
TAP454,LPPR_LFPO,1753,1753,1.0
SHT9D,EGPH_EGLL,1750,1750,1.0
EIN1LK,EGLL_EIDW,1749,1749,1.0
SHT9A,EGPH_EGLL,1749,1749,1.0
SHT7Z,EGPF_EGLL,1749,1749,1.0
BAW308,EGLL_LFPG,1749,1749,1.0
BAW812,EGLL_EKCH,1749,1749,1.0
EZY78HP,LEPA_EGKK,1747,1747,1.0
VLG6GD,LPPT_LEBL,1746,1746,1.0
EWG65T,LEPA_EDDM,1746,1746,1.0
DLH7A,EHAM_EDDF,1745,1745,1.0
VLG7UR,LEBL_LFPG,1742,1742,1.0
ETH714,ESSA_ENGM,1741,1741,1.0
DLH1M,EDDH_EDDM,1741,1741,1.0
TAP1030,LPPT_LEBL,1741,1741,1.0
VLG44NK,LEBL_LIMC,1740,1740,1.0
KLM77K,EHAM_EDDF,1740,1740,1.0
ITY324,LIRF_LFPG,1739,1739,1.0
RYR76QH,EIDW_EHAM,1737,1737,1.0
EIN15M,EGLL_EIDW,1736,1736,1.0
RYR62JQ,LIRF_LEMD,1735,1735,1.0
THY6ZK,LTFM_LTFE,1734,1734,1.0
DLH008,EDDF_EDDH,1731,1731,1.0
TAP1923,LPPR_LPPT,1731,1731,1.0
AAL91,EGLL_KORD,1730,1730,1.0
THY3EW,LTFM_LTFE,1730,1730,1.0
SAS42E,EKCH_ESSA,1730,1730,1.0
DLH1WU,EDDF_EDDH,1729,1729,1.0
BAW948M,EGLL_EDDM,1728,1728,1.0
SAS58E,EKCH_ESSA,1728,1728,1.0
BAW44E,EGLL_EHAM,1727,1727,1.0
VLG3840,LEPA_EDDM,1727,1727,1.0
IBE30EL,LEBL_LEMD,1726,1726,1.0
AEA66YW,LEMD_LIRF,1722,1722,1.0
DLH4WC,EDDF_EHAM,1722,1722,1.0
TUI6VJ,LEPA_EDDL,1721,1721,1.0
EJU16KC,EGKK_LEMG,1720,1720,1.0
AEA7701,LEMD_LEBL,1719,1719,1.0
KLM31K,EHAM_EKCH,1719,1719,1.0
AUA203,LOWW_EDDF,1719,1719,1.0
IBE30BZ,LEMD_LEBL,1719,1719,1.0
AFR61YY,LIRF_LFPG,1716,1716,1.0
BAW676,EGLL_LTFM,1716,1716,1.0
IBE34VV,LFPO_LEMD,1713,1713,1.0
IBE34DP,LFPO_LEMD,1713,1713,1.0
IBE3090,LEMD_LPPR,1713,1713,1.0
AEA17BR,LPPT_LEMD,1711,1711,1.0
SWR1ST,EGLL_LSGG,1710,1710,1.0
AAL107,EGLL_KJFK,1710,1710,1.0
FIN1NX,EFHK_ESSA,1705,1705,1.0
TRA20A,EHAM_LEBL,1704,1704,1.0
TAP1036,LPPT_LEBL,1704,1704,1.0
AEA91NQ,LEMD_LFPO,1704,1704,1.0
VLG154B,LPPT_LEBL,1701,1701,1.0
VLG3NZ,LEIB_LEBL,1696,1696,1.0
SAS41D,EGLL_EKCH,1696,1696,1.0
DLH7JW,EDDM_EDDH,1693,1693,1.0
DLH2LA,EDDM_EHAM,1692,1692,1.0
AFR011,KJFK_LFPG,1691,1691,1.0
EFW79S,EGKK_LPFR,1691,1691,1.0
IBE3118,LEMD_LPPT,1690,1690,1.0
VLG54EK,LEBL_EGKK,1690,1690,1.0
SAS1428,EKCH_ESSA,1687,1687,1.0
EJU12FP,EHAM_EKCH,1687,1687,1.0
TVF7668,LFPO_LPPT,1686,1686,1.0
VLG82CP,LFPG_LEBL,1685,1685,1.0
DLH3A,EHAM_EDDF,1685,1685,1.0
TAP442,LPPT_LFPO,1683,1683,1.0
WMT3HH,LIRF_LEMD,1683,1683,1.0
SAS46M,EKCH_ESSA,1681,1681,1.0
DLH3FM,EDDF_EDDH,1677,1677,1.0
TVF59VK,LFPO_LEMD,1675,1675,1.0
TUI2BG,EDDL_LEPA,1674,1674,1.0
VLG5QW,LEBL_EGKK,1674,1674,1.0
SWR2DV,EHAM_LSZH,1673,1673,1.0
TVF82AE,LEMD_LFPO,1670,1670,1.0
VLG4MH,EGKK_LEBL,1669,1669,1.0
BAW16UP,EGLL_LFPG,1667,1667,1.0
DLH3CP,EHAM_EDDM,1667,1667,1.0
KLM1140,EIDW_EHAM,1666,1666,1.0
DLH1A,EHAM_EDDF,1665,1665,1.0
KLM84V,EGLL_EHAM,1665,1665,1.0
KLM88T,EGLL_EHAM,1663,1663,1.0
AFR1448,LFPG_LEBL,1663,1663,1.0
SWR4SM,EGLL_LSZH,1661,1661,1.0
IBS3722,LEMD_EHAM,1659,1659,1.0
VLG52KZ,LEBL_LIRF,1658,1658,1.0
IBE30EV,LEBL_LEMD,1656,1656,1.0
BAW4CK,EGLL_EHAM,1655,1655,1.0
EWG5YN,LEPA_EDDL,1655,1655,1.0
BAW961L,EDDM_EGLL,1654,1654,1.0
VLG38DF,EGKK_LEBL,1654,1654,1.0
BAW3ET,EGLL_EHAM,1654,1654,1.0
RYR50VT,EHAM_EIDW,1654,1654,1.0
ABR257,LEBL_LIRF,1652,1652,1.0
AFR012,LFPG_KJFK,1652,1652,1.0
BAW9MS,EGLL_EHAM,1652,1652,1.0
AEE612,LGAV_LFPG,1651,1651,1.0
EFW9TW,EGKK_LPFR,1648,1648,1.0
VLG3ST,LPPT_LEBL,1647,1647,1.0
AFR59NF,LGAV_LFPG,1644,1644,1.0
TAP453,LFPO_LPPR,1643,1643,1.0
TOM3EW,LEPA_EGCC,1643,1643,1.0
TVF663Q,LFPO_LPPT,1640,1640,1.0
IBE30AZ,LEMD_LEBL,1640,1640,1.0
EAI66L,EIDW_EGCC,1639,1639,1.0
SHT7C,EGPF_EGLL,1637,1637,1.0
EZY21PU,EGCC_EHAM,1636,1636,1.0
BAW8TD,EGLL_EKCH,1636,1636,1.0
IBS3807,LEIB_LEMD,1635,1635,1.0
VLG39TQ,LEBL_LIMC,1635,1635,1.0
DLH2PC,EDDF_EHAM,1635,1635,1.0
AFR44HU,EGLL_LFPG,1634,1634,1.0
KLM71Z,EHAM_LEBL,1632,1632,1.0
KLM54D,LSZH_EHAM,1632,1632,1.0
BAW407B,LEBL_EGLL,1631,1631,1.0
KLM1504,LEMD_EHAM,1629,1629,1.0
ITY1721,LIML_LICZ,1628,1628,1.0
SWR70T,EHAM_LSZH,1627,1627,1.0
SXS5EX,EDDL_LTAI,1626,1626,1.0
SAS91K,EKCH_ENGM,1624,1624,1.0
KLM79C,EHAM_EKCH,1624,1624,1.0
BAW326,EGLL_LFPG,1623,1623,1.0
TVF7622,LFPO_LPPR,1622,1622,1.0
DLH6EU,EDDM_EDDH,1622,1622,1.0
KLM47V,EDDF_EHAM,1621,1621,1.0
WMT272,LEBL_LIMC,1620,1620,1.0
AEA72PM,LFPO_LEMD,1619,1619,1.0
KLM64J,EHAM_LPPT,1618,1618,1.0
THY8MK,LTFM_LTFE,1615,1615,1.0
SWR92E,EGLL_LSGG,1614,1614,1.0
VLG4AA,LEIB_LEBL,1613,1613,1.0
EWG7PM,LEPA_EDDM,1613,1613,1.0
IBE34CK,LFPO_LEMD,1612,1612,1.0
VLG8GW,LEIB_LEBL,1612,1612,1.0
KLM1857,EHAM_EDDM,1612,1612,1.0
BAW950M,EGLL_EDDM,1611,1611,1.0
EWG6FE,EDDL_LEPA,1610,1610,1.0
DLH9VA,EDDF_EDDH,1607,1607,1.0
KLM66C,EGLC_EHAM,1607,1607,1.0
VLG9JQ,LFPG_LEBL,1606,1606,1.0
DLH9M,EDDH_EDDM,1605,1605,1.0
EZY18EV,LEMG_EGKK,1605,1605,1.0
AUA209N,LOWW_EDDF,1603,1603,1.0
KLM41J,EGLL_EHAM,1602,1602,1.0
BAW712T,EGLL_LSZH,1602,1602,1.0
RYR4CX,LEBL_LIRF,1600,1600,1.0
ITY2075,LIML_LIRF,1599,1599,1.0
VLG2BY,LEIB_LEBL,1598,1598,1.0
EWG7BP,LEPA_EDDL,1597,1597,1.0
SAS1408,EKCH_ESSA,1596,1596,1.0
DLH2HT,EHAM_EDDM,1595,1595,1.0
KLM32P,EGCC_EHAM,1595,1595,1.0
AEA51CN,LEMD_LPPR,1593,1593,1.0
UAL929,KORD_EGLL,1593,1593,1.0
IBE30AH,LEMD_LEBL,1592,1592,1.0
TVF29XQ,LPPT_LFPO,1592,1592,1.0
ANE52BV,LPPR_LEMD,1589,1589,1.0
SXS8XH,LTAI_EDDK,1589,1589,1.0
DLH4E,EDDH_EDDM,1589,1589,1.0
EIN2MW,EIDW_EGCC,1588,1588,1.0
DLH4LY,EDDM_EHAM,1588,1588,1.0
SAS1430,EKCH_ESSA,1588,1588,1.0
SHT8G,EGLL_EGPH,1588,1588,1.0
KLM50A,EGCC_EHAM,1587,1587,1.0
ITY332,LIRF_LFPG,1586,1586,1.0
TVF81MJ,LEBL_LFPO,1585,1585,1.0
EWG6YZ,LEPA_EDDK,1584,1584,1.0
KLM96H,EDDF_EHAM,1584,1584,1.0
BAW954M,EGLL_EDDM,1582,1582,1.0
BAW688,EGLL_LTFM,1582,1582,1.0
KLM1034,EGCC_EHAM,1580,1580,1.0
WMT9FZ,LEMD_LIRF,1579,1579,1.0
TVF82BL,LFPO_LPPR,1578,1578,1.0
RYR70KG,LEMD_LIRF,1578,1578,1.0
KLM1137,EHAM_EIDW,1577,1577,1.0
BAW183,EGLL_KJFK,1577,1577,1.0
DLH9FY,EDDM_EDDH,1576,1576,1.0
VLG86YL,LFPO_LEBL,1575,1575,1.0
EZY56HB,LEAL_EGKK,1575,1575,1.0
SHT9G,EGPH_EGLL,1574,1574,1.0
KLM50W,EGLC_EHAM,1573,1573,1.0
BAW78H,EGLL_LSGG,1573,1573,1.0
DLH1J,LFPG_EDDF,1573,1573,1.0
DLH2NE,EDDM_EDDH,1571,1571,1.0
ITY2029,LIML_LIRF,1571,1571,1.0
DLH8RL,EDDL_EDDM,1570,1570,1.0
AEA50QN,LEMD_LPPR,1570,1570,1.0
AFR93NX,LGAV_LFPG,1568,1568,1.0
EWG6U,EDDL_LEPA,1568,1568,1.0
SAS500,EGLL_EKCH,1568,1568,1.0
ITY1739,LIRF_LICZ,1567,1567,1.0
DLH6LF,EDDF_EDDH,1567,1567,1.0
RYR18FK,LIMC_LEBL,1566,1566,1.0
VLG8BH,EHAM_LEBL,1566,1566,1.0
KLM48F,EGCC_EHAM,1565,1565,1.0
KLM61U,EHAM_LSZH,1565,1565,1.0
AFR37YA,LFPG_EHAM,1564,1564,1.0
AFR52TA,LIRF_LFPG,1564,1564,1.0
KLM1145,EHAM_EIDW,1562,1562,1.0
EJU68DF,LPPR_LFPO,1562,1562,1.0
FIN6EH,ESSA_EFHK,1561,1561,1.0
RYR97VP,LEPA_EDDK,1559,1559,1.0
VLG9XW,LEIB_LEBL,1558,1558,1.0
TVF4800,LFPO_LEBL,1557,1557,1.0
KLM1035,EHAM_EGCC,1557,1557,1.0
DLH9E,EDDH_EDDM,1557,1557,1.0
AFR93GG,EGLL_LFPG,1557,1557,1.0
TAP1925,LPPR_LPPT,1556,1556,1.0
ITY1753,LIRF_LICZ,1556,1556,1.0
EJU48GV,LFPO_LPPR,1555,1555,1.0
AFR25AP,EGLL_LFPG,1554,1554,1.0
VLG9UB,LEMD_LEBL,1554,1554,1.0
DLH2J,LFPG_EDDF,1553,1553,1.0
DLH6CH,EDDF_EDDH,1553,1553,1.0
NOZ52K,ENGM_ENVA,1552,1552,1.0
RYR8RE,LIRF_LEBL,1552,1552,1.0
TVF7669,LPPT_LFPO,1552,1552,1.0
AFR76UX,LFPG_EHAM,1550,1550,1.0
TAP11WQ,LEMD_LPPT,1550,1550,1.0
KLM1508,LEMD_EHAM,1549,1549,1.0
TAP1023,LEMD_LPPT,1549,1549,1.0
RYR2ZJ,LIRF_LICZ,1549,1549,1.0
TAP455,LFPO_LPPR,1548,1548,1.0
BAW299,EGLL_KORD,1547,1547,1.0
SAS78C,EGLL_EKCH,1546,1546,1.0
AHY077,OMDB_LTFM,1546,1546,1.0
DLH32F,LEMD_EDDF,1546,1546,1.0
RYR562,EIDW_EGCC,1545,1545,1.0
UAE4CK,OMDB_EGLL,1545,1545,1.0
THY3XE,LTFM_LTFE,1543,1543,1.0
TAP27PL,LPPR_LPPT,1542,1542,1.0
AUA210,EDDF_LOWW,1542,1542,1.0
KLM30B,EGLC_EHAM,1541,1541,1.0
ITY318,LIRF_LFPG,1541,1541,1.0
PGT79ZP,LTAI_EDDL,1540,1540,1.0
AEA1040,LIRF_LEMD,1540,1540,1.0
THY6JD,LTFM_LTFE,1539,1539,1.0
BAW3VH,EGLL_LFPG,1539,1539,1.0
EIN60G,EIDW_EHAM,1538,1538,1.0
TAP1034,LPPT_LEBL,1538,1538,1.0
KLM1817,EHAM_EDDF,1537,1537,1.0
AUA21FA,LOWW_EDDF,1537,1537,1.0
IBS3720,LEMD_EHAM,1537,1537,1.0
AUA21M,LOWW_EDDF,1536,1536,1.0
KLM1038,EGCC_EHAM,1534,1534,1.0
SAS43C,ENGM_EKCH,1534,1534,1.0
AEA1142,LPPR_LEMD,1533,1533,1.0
IBE30DD,LPPR_LEMD,1532,1532,1.0
SHT8N,EGLL_EGPH,1532,1532,1.0
AEA53UP,LEMD_LPPT,1532,1532,1.0
NSZ3210,EKCH_ESSA,1531,1531,1.0
ITY074,LIRF_LEBL,1530,1530,1.0
TAP1013,LEMD_LPPT,1530,1530,1.0
TVF87BK,LFPO_LPPR,1528,1528,1.0
DLH11J,EDDF_LOWW,1528,1528,1.0
SHT9E,EGPH_EGLL,1527,1527,1.0
KLM90N,EGLC_EHAM,1527,1527,1.0
TOM4LW,EGKK_LEAL,1527,1527,1.0
EWG3JK,EDDL_LEPA,1526,1526,1.0
SAS49K,EGLL_EKCH,1526,1526,1.0
RYR13NM,LEPA_EDDK,1526,1526,1.0
AUA200,EDDF_LOWW,1524,1524,1.0
FIN5LA,EFHK_ESSA,1524,1524,1.0
THY7UL,LTFM_LTFE,1523,1523,1.0
DLH4H,EGLL_EDDF,1523,1523,1.0
DLH6UJ,EDDF_EDDH,1520,1520,1.0
SAS709,EFHK_ESSA,1518,1518,1.0
SAS88E,ENGM_ENBR,1518,1518,1.0
RYR9NH,LIRF_LEBL,1518,1518,1.0
AAL87,EGLL_KORD,1515,1515,1.0
KLM20C,EHAM_EDDM,1515,1515,1.0
KLM29M,EHAM_LEMD,1514,1514,1.0
RYR86MJ,LEPA_EDDK,1514,1514,1.0
TVF55WP,LPPR_LFPO,1513,1513,1.0
VLG7TD,LEBL_LIMC,1513,1513,1.0
ANE86AT,LEMD_LPPR,1511,1511,1.0
RYR2EM,LEIB_LEBL,1511,1511,1.0
AUA220,EDDF_LOWW,1511,1511,1.0
KLM40C,EDDM_EHAM,1511,1511,1.0
SAS1415,ESSA_EKCH,1508,1508,1.0
BAW7GV,EGLL_LSGG,1508,1508,1.0
WMT436,LIRF_LEBL,1508,1508,1.0
DLH005,EDDH_EDDF,1507,1507,1.0
BAW834,EGLL_EIDW,1505,1505,1.0
AFR83VG,LFPG_EHAM,1505,1505,1.0
EJU92DC,LEPA_EGKK,1504,1504,1.0
BAW14R,EGLL_LSZH,1504,1504,1.0
AUA212,EDDF_LOWW,1503,1503,1.0
AUA2LU,EDDF_LOWW,1503,1503,1.0
RYR54XE,EGCC_EIDW,1500,1500,1.0
RYR62YA,LIRF_LEMD,1499,1499,1.0
AFR12ND,EGLL_LFPG,1498,1498,1.0
KLM95B,EHAM_EKCH,1497,1497,1.0
AFR16UK,LFMN_LFPO,1497,1497,1.0
NOZ54Z,ENGM_ENVA,1497,1497,1.0
DLH8HP,EDDF_EDDH,1496,1496,1.0
BAW406L,EGLL_LEBL,1495,1495,1.0
RYR93NF,LEBL_LIMC,1495,1495,1.0
KLM982,EGLC_EHAM,1493,1493,1.0
FHY1194,EDDL_LTAI,1489,1489,1.0
BAW442K,EGLL_EHAM,1489,1489,1.0
EWG33RF,LEPA_EDDM,1489,1489,1.0
AFR29RR,LIRF_LFPG,1487,1487,1.0
SAS1474,EKCH_ENGM,1487,1487,1.0
EWG9AX,EDDK_LEPA,1487,1487,1.0
AFR49EV,LGAV_LFPG,1487,1487,1.0
EZY84WL,EGKK_LEPA,1487,1487,1.0
AAL47,EGLL_KORD,1485,1485,1.0
RYR92HH,LIRF_LEMD,1484,1484,1.0
RYR1BL,LEBL_LIRF,1484,1484,1.0
NSZ3206,EKCH_ESSA,1483,1483,1.0
DLH2F,LFPG_EDDF,1482,1482,1.0
AEA1146,LPPR_LEMD,1481,1481,1.0
EWG3YH,LEPA_EDDL,1481,1481,1.0
VLG6HJ,LIRF_LEBL,1478,1478,1.0
DLH6J,LFPG_EDDF,1477,1477,1.0
SAS1410,EKCH_ESSA,1477,1477,1.0
TAP1017,LEMD_LPPT,1476,1476,1.0
SWR3PB,EHAM_LSZH,1476,1476,1.0
AAL99,EGLL_KORD,1474,1474,1.0
EJU68CZ,LEMD_LPPT,1474,1474,1.0
VLG2MR,LEBL_LIMC,1474,1474,1.0
IBE30MC,LEBL_LEMD,1473,1473,1.0
EIN2EM,EIDW_EGCC,1470,1470,1.0
DLH47F,LEMD_EDDF,1469,1469,1.0
EAI33CB,EIDW_EGCC,1468,1468,1.0
TAP21MM,LEMD_LPPT,1468,1468,1.0
EAI50E,EIDW_EGPH,1466,1466,1.0
BAW487E,LEBL_EGLL,1464,1464,1.0
KLM43Y,EHAM_EIDW,1464,1464,1.0
TAP1010,LPPT_LEMD,1463,1463,1.0
VLG63XX,LEBL_LIRF,1463,1463,1.0
IBS37LN,EHAM_LEMD,1461,1461,1.0
DLH8UA,EDDF_EHAM,1461,1461,1.0
SWR7LH,LSZH_EDDB,1461,1461,1.0
SAS1204,EKYT_EKCH,1460,1460,1.0
EJU59DP,EGKK_LEPA,1460,1460,1.0
NOZ949,EKCH_ENGM,1459,1459,1.0
DLH5CF,EDDH_EDDF,1457,1457,1.0
BAW438W,EGLL_EHAM,1455,1455,1.0
AUA2CT,EDDF_LOWW,1454,1454,1.0
AFR39DC,LFMN_LFPG,1454,1454,1.0
AFR98AM,LFPG_LFMN,1454,1454,1.0
DLH1F,LFPG_EDDF,1452,1452,1.0
KLM25J,EHAM_EKCH,1452,1452,1.0
AUA215,LOWW_EDDF,1452,1452,1.0
TVF4755,LEBL_LFPO,1450,1450,1.0
IBS39HY,LEMD_LEPA,1449,1449,1.0
SHT8M,EGLL_EGPH,1449,1449,1.0
KLM89A,EHAM_EGCC,1449,1449,1.0
DLH1RK,EDDF_EDDH,1447,1447,1.0
SHT9Q,EGPH_EGLL,1447,1447,1.0
WMT4Q,LEBL_LIRF,1446,1446,1.0
AFR56ZP,LFPG_LFMN,1445,1445,1.0
KLM52A,EIDW_EHAM,1445,1445,1.0
DLH8F,LFPG_EDDF,1445,1445,1.0
VLG7QF,LEIB_LEBL,1445,1445,1.0
AFR63PQ,LFMN_LFPG,1444,1444,1.0
IBS3919,LEPA_LEMD,1444,1444,1.0
TAP19UT,LEMD_LPPT,1444,1444,1.0
KLM978,EGLC_EHAM,1443,1443,1.0
AEA25LB,LEMD_LPPT,1442,1442,1.0
AUA205D,LOWW_EDDF,1442,1442,1.0
DLH8M,EDDH_EDDM,1441,1441,1.0
THY6KN,LTFM_LTFE,1441,1441,1.0
BAW828Y,EGLL_EIDW,1439,1439,1.0
LHX2013,EDDL_EDDM,1439,1439,1.0
AEA15ZE,LEMD_LPPR,1439,1439,1.0
AFR32NT,LFPG_LFMN,1438,1438,1.0
AEA83RQ,LFPO_LEMD,1437,1437,1.0
TAP1933,LPPR_LPPT,1437,1437,1.0
BAW718,EGLL_LSZH,1436,1436,1.0
BAW314S,EGLL_LFPG,1436,1436,1.0
EZY34MV,LEMG_EGKK,1436,1436,1.0
AUA219J,LOWW_EDDF,1435,1435,1.0
EWG8DM,EDDH_LEPA,1435,1435,1.0
EWG8MF,EDDH_LEPA,1435,1435,1.0
DLH8PR,EDDF_EDDH,1434,1434,1.0
SHT8H,EGLL_EGPH,1434,1434,1.0
EWG1AY,EDDL_LEPA,1433,1433,1.0
SAS404,EKCH_ESSA,1433,1433,1.0
KLM68L,EGLL_EHAM,1432,1432,1.0
KLM1010,EGLL_EHAM,1431,1431,1.0
RYR663,EGBB_EIDW,1431,1431,1.0
EWG2VR,EDDH_LEPA,1431,1431,1.0
EJU8128,EGKK_LEPA,1429,1429,1.0
TVF67DV,LFPO_LPPT,1428,1428,1.0
UAE2,EGLL_OMDB,1427,1427,1.0
CFG203,LTAI_EDDL,1426,1426,1.0
EIN159,EGLL_EIDW,1425,1425,1.0
NOZ64N,ENGM_ENVA,1425,1425,1.0
EZY79RQ,LEAL_EGKK,1425,1425,1.0
EAI58ZB,EIDW_EGPH,1424,1424,1.0
RYR1FL,LEPA_EGCC,1424,1424,1.0
DLH8LE,EDDF_EDDB,1424,1424,1.0
KLM91X,EHAM_LSZH,1424,1424,1.0
KLM1825,EHAM_EDDF,1424,1424,1.0
SAS458,EKCH_ENGM,1424,1424,1.0
KLM91N,EHAM_EGCC,1422,1422,1.0
AEA1144,LPPR_LEMD,1422,1422,1.0
FIN5LQ,EFHK_ESSA,1422,1422,1.0
SAS410,EKCH_ESSA,1420,1420,1.0
EZY16AH,EGCC_EHAM,1420,1420,1.0
SHT8U,EGLL_EGPH,1419,1419,1.0
TVF48QK,LPPT_LFPO,1419,1419,1.0
VLG78L,LEMD_LEBL,1419,1419,1.0
EJU45AT,LEBL_LFPG,1419,1419,1.0
VLG5QZ,LEMG_EHAM,1418,1418,1.0
EJU36HY,LEMD_LPPT,1418,1418,1.0
VLG6HQ,EGKK_LIRF,1417,1417,1.0
EIN169,EGLL_EIDW,1417,1417,1.0
BAW48HY,EGLL_EHAM,1417,1417,1.0
SAS73B,ENVA_ENGM,1416,1416,1.0
BAW908N,EGLL_EDDF,1415,1415,1.0
KLM1814,EDDF_EHAM,1413,1413,1.0
VLG3VN,LEMG_EHAM,1413,1413,1.0
NOZ822,ENGM_ESSA,1413,1413,1.0
DLH4KK,EDDH_EDDF,1413,1413,1.0
TAP15NC,LEMD_LPPT,1412,1412,1.0
RYR814M,LPPR_LEMD,1412,1412,1.0
SAS52L,EKCH_ENGM,1411,1411,1.0
VLG6334,LEBL_LIMC,1410,1410,1.0
AEA34UK,LEMD_LPPR,1408,1408,1.0
EIN16C,EGLL_EIDW,1408,1408,1.0
AUA204,EDDF_LOWW,1407,1407,1.0
EJU87GK,LFMN_LFPO,1407,1407,1.0
TAP1921,LPPR_LPPT,1406,1406,1.0
EAI69M,EIDW_EGCC,1406,1406,1.0
DLH2AC,EDDM_EDDH,1406,1406,1.0
KLM1821,EHAM_EDDF,1405,1405,1.0
DLH7VL,EDDM_EDDH,1405,1405,1.0
NSZ3231,ENGM_EKCH,1404,1404,1.0
VLG44DD,LEBL_LFPG,1403,1403,1.0
RYR16PT,LIRF_LEBL,1403,1403,1.0
BAW474K,EGLL_LEBL,1403,1403,1.0
SAS71A,ENBO_ENGM,1403,1403,1.0
EZY51XA,EGKK_LPFR,1402,1402,1.0
AEA83RR,LIRF_LEMD,1401,1401,1.0
BAW472M,EGLL_LEBL,1400,1400,1.0
AFR15GB,EGLL_LFPG,1399,1399,1.0
DLA7MU,EHAM_EDDM,1399,1399,1.0
AFR18GY,LFPG_LFMN,1399,1399,1.0
DLH178,EDDF_EDDB,1399,1399,1.0
TAP1931,LPPR_LPPT,1399,1399,1.0
NSZ3220,EKCH_ENGM,1399,1399,1.0
RYR77PW,LIRF_LEBL,1399,1399,1.0
TRA9K,EHAM_LPPT,1398,1398,1.0
DLH3KA,EDDM_EHAM,1397,1397,1.0
AEA1140,LPPR_LEMD,1396,1396,1.0
BAW9JT,LPPT_EGLL,1396,1396,1.0
ITY1701,LIML_LICZ,1395,1395,1.0
EJU62BW,EGKK_LPFR,1395,1395,1.0
IBE30FK,LEMD_LEBL,1390,1390,1.0
DLH8J,LFPG_EDDF,1389,1389,1.0
DLH1PK,EHAM_EDDM,1389,1389,1.0
KLM98E,LPPT_EHAM,1389,1389,1.0
ITY1723,LIML_LICZ,1388,1388,1.0
BAW82DM,EGLL_EIDW,1387,1387,1.0
EFW2BZ,EGKK_LEMG,1387,1387,1.0
DLH7VT,EDDF_EDDB,1386,1386,1.0
UAE79Y,EGLL_OMDB,1386,1386,1.0
DLH2VV,EDDM_EDDH,1386,1386,1.0
EJU49LG,LEMD_LPPT,1385,1385,1.0
RYR3GP,LEPA_EDDK,1383,1383,1.0
AFR32TL,LFPG_LFMN,1383,1383,1.0
BAW816,EGLL_EKCH,1382,1382,1.0
KLM47K,EHAM_EGCC,1382,1382,1.0
NOZ932,ENGM_EKCH,1382,1382,1.0
IBE31AC,LEMD_LPPT,1381,1381,1.0
AFR26TQ,LFMN_LFPG,1380,1380,1.0
EZY6461,EGKK_LPFR,1376,1376,1.0
KLM42Y,LEMD_EHAM,1376,1376,1.0
IBS37JA,EHAM_LEMD,1376,1376,1.0
BAW72J,EGLL_LSGG,1376,1376,1.0
UAE7,OMDB_EGLL,1374,1374,1.0
EJU17RA,LFPO_LFMN,1374,1374,1.0
EWG4CH,LEPA_EDDK,1372,1372,1.0
RYR6C,EIDW_EGSS,1370,1370,1.0
VLG25CQ,LEIB_LEBL,1370,1370,1.0
EJU4860,LFMN_LFPO,1369,1369,1.0
KLM41N,EHAM_EGCC,1369,1369,1.0
BAW736,EGLL_LSGG,1369,1369,1.0
NOZ6DV,ENGM_ENVA,1368,1368,1.0
AFR53EQ,LFPG_LFMN,1365,1365,1.0
KLM24J,EDDF_EHAM,1364,1364,1.0
AFR17EK,LFPG_LEBL,1364,1364,1.0
DLH3LY,EDDM_EDDH,1364,1364,1.0
DLH1YH,EDDL_EDDM,1364,1364,1.0
EWG7XG,LEPA_EDDH,1364,1364,1.0
TAP1929,LPPR_LPPT,1363,1363,1.0
RYR2051,LEMD_LEPA,1363,1363,1.0
KLM80Z,LPPT_EHAM,1363,1363,1.0
AFR13JA,LFPG_EDDF,1362,1362,1.0
AFR18JF,LFMN_LFPG,1360,1360,1.0
FDX6372,LEBL_LFPG,1359,1359,1.0
SAS364,ENGM_ENVA,1359,1359,1.0
EJU64QV,LEBL_LPPT,1359,1359,1.0
EZY91RT,EHAM_EGCC,1358,1358,1.0
DLH5HN,EDDH_EDDF,1357,1357,1.0
AUA2PD,LOWW_EDDF,1357,1357,1.0
ITY715,LGAV_LIRF,1357,1357,1.0
LHX2019,EDDL_EDDM,1356,1356,1.0
TAP35MT,LPPR_LPPT,1356,1356,1.0
NOZ941,EKCH_ENGM,1355,1355,1.0
SHT8P,EGLL_EGPH,1355,1355,1.0
EAI67F,EGCC_EIDW,1355,1355,1.0
SAS550,EHAM_EKCH,1354,1354,1.0
EWG4Y,LEPA_EDDL,1353,1353,1.0
KLM73A,EHAM_EGLL,1352,1352,1.0
SAS1475,ENGM_EKCH,1352,1352,1.0
AEA43TN,LFPO_LEMD,1351,1351,1.0
SHT7H,EGPF_EGLL,1351,1351,1.0
THY1BY,LTFM_LTFE,1350,1350,1.0
ABR293,LFPG_LEBL,1350,1350,1.0
VLG3PU,EGLL_LEBL,1350,1350,1.0
SAS483,ESSA_ENGM,1349,1349,1.0
GSW1PM,LEPA_LSZH,1349,1349,1.0
SAS332,ENGM_ENVA,1348,1348,1.0
KLM1266,EKCH_EHAM,1348,1348,1.0
AUA214,EDDF_LOWW,1347,1347,1.0
SAS73A,ENGM_EKCH,1345,1345,1.0
AEA19AP,LEMD_LEPA,1345,1345,1.0
EWG82C,LEPA_EDDL,1344,1344,1.0
WUK20PV,LEMG_EGKK,1343,1343,1.0
DLH67Y,LEMD_EDDF,1343,1343,1.0
IBE30EG,LEMD_LPPR,1343,1343,1.0
KLM48G,EHAM_LSZH,1341,1341,1.0
AFR85MP,LFMN_LFPG,1341,1341,1.0
DLH96V,LFPG_EDDM,1339,1339,1.0
ITY2055,LIML_LIRF,1339,1339,1.0
DLH3F,LFPG_EDDF,1338,1338,1.0
WMT7331,LIRF_LEBL,1338,1338,1.0
SAS40G,ESSA_EKCH,1338,1338,1.0
CFE67W,EGLC_EHAM,1337,1337,1.0
AFR67TC,LFPG_EHAM,1337,1337,1.0
SAS488,ENGM_ESSA,1336,1336,1.0
KLM84F,LFPG_EHAM,1336,1336,1.0
AFR7313,LFMN_LFPG,1336,1336,1.0
TUI7AJ,LEPA_EDDL,1335,1335,1.0
EAI56RC,EIDW_EGPH,1335,1335,1.0
DLH1PT,EDDF_EDDB,1333,1333,1.0
IBS3811,LEIB_LEMD,1333,1333,1.0
AEA6025,LEMD_LEIB,1333,1333,1.0
BAW822,EGLL_EKCH,1332,1332,1.0
ITY2013,LIML_LIRF,1331,1331,1.0
NSZ3230,EKCH_ENGM,1331,1331,1.0
EZY26QW,LEMG_EGKK,1331,1331,1.0
AUA2B,EDDF_LOWW,1330,1330,1.0
NSZ3234,EKCH_ENGM,1329,1329,1.0
NOZ933,EKCH_ENGM,1329,1329,1.0
KLM44Y,EKCH_EHAM,1328,1328,1.0
NSZ2613,ESSA_EFHK,1328,1328,1.0
AFR74QY,LFPO_LFMN,1328,1328,1.0
AFR68MJ,LFPG_LFMN,1327,1327,1.0
THY7WD,LTFM_LTFE,1327,1327,1.0
VLG4BK,LFPO_LEBL,1326,1326,1.0
KLM44L,LPPT_EHAM,1325,1325,1.0
ITY721,LGAV_LIRF,1325,1325,1.0
IBE30RR,LPPR_LEMD,1324,1324,1.0
RYR7VH,LEMD_LEPA,1324,1324,1.0
BAW960M,EGLL_EDDM,1324,1324,1.0
BAW484C,EGLL_LEBL,1323,1323,1.0
UAE4,EGLL_OMDB,1322,1322,1.0
SHT7X,EGPF_EGLL,1322,1322,1.0
NSZ3194,EKCH_ESSA,1322,1322,1.0
KLM1853,EHAM_EDDM,1320,1320,1.0
EZY36CP,EGKK_LEBL,1319,1319,1.0
SWR5KP,EHAM_LSZH,1319,1319,1.0
RJA118,LFPG_EDDF,1319,1319,1.0
NOZ948,ENGM_EKCH,1317,1317,1.0
RYR2067,LEIB_LEMD,1317,1317,1.0
DLH4PH,EDDF_EDDB,1316,1316,1.0
AFR35XP,LFMN_LFPG,1316,1316,1.0
VLG7DC,LEIB_LEBL,1316,1316,1.0
ABR234,LIRF_LEBL,1314,1314,1.0
BAW814L,EGLL_EKCH,1314,1314,1.0
KLM83R,EHAM_EDDM,1314,1314,1.0
AEA61MJ,LEMD_LEPA,1314,1314,1.0
SAS1470,EKCH_ENGM,1313,1313,1.0
SAS338,ENGM_ENVA,1313,1313,1.0
VLG2HN,EGLL_LEBL,1313,1313,1.0
TAP68DC,LPPT_EGLL,1313,1313,1.0
DLH19U,LFPG_EDDM,1312,1312,1.0
TAP38KJ,LPPT_LEBL,1311,1311,1.0
AFR59DA,LFPG_EHAM,1311,1311,1.0
KLM1016,EGLL_EHAM,1311,1311,1.0
FIN3EJ,EFHK_ESSA,1310,1310,1.0
RYR2334,LEMG_EHAM,1310,1310,1.0
DLH5HW,EDDH_EDDF,1309,1309,1.0
DLH9A,EHAM_EDDF,1308,1308,1.0
NOZ58W,ENGM_ENVA,1308,1308,1.0
DLH2TN,EDDL_EDDM,1306,1306,1.0
DLH9YA,EDDH_EDDF,1305,1305,1.0
EZY38PN,EGKK_LEMG,1305,1305,1.0
RYR2085,LEIB_LEMD,1304,1304,1.0
TAP1014,LPPT_LEMD,1304,1304,1.0
EZY84BT,EGKK_LEPA,1303,1303,1.0
KLM1138,EIDW_EHAM,1302,1302,1.0
VLG58UB,LEPA_LEBL,1301,1301,1.0
SAS50T,EFHK_ESSA,1300,1300,1.0
ITY2049,LIML_LIRF,1300,1300,1.0
EWG64B,EDDH_LEPA,1298,1298,1.0
RYR4YT,LIRF_LICZ,1298,1298,1.0
VLG28XY,LIRF_LEBL,1297,1297,1.0
TVF19YV,LEMD_LFPO,1297,1297,1.0
DLH27J,LFPG_EDDM,1297,1297,1.0
UAE7CN,EGLL_OMDB,1296,1296,1.0
DLH1EY,EDDF_EDDB,1296,1296,1.0
SAS56C,ENVA_ENGM,1295,1295,1.0
AEA52EE,LEMD_LPPT,1295,1295,1.0
EIN161,EGLL_EIDW,1295,1295,1.0
EJU49UT,LEBL_LFPG,1292,1292,1.0
AFR44PY,LFPG_EHAM,1291,1291,1.0
EAI57EB,EGPH_EIDW,1290,1290,1.0
BAW902N,EGLL_EDDF,1290,1290,1.0
BAW486,EGLL_LEBL,1289,1289,1.0
EWG5ZH,LEPA_EDDH,1288,1288,1.0
EJU47RC,LEMG_EHAM,1288,1288,1.0
THY6TF,EGLL_LTFM,1286,1286,1.0
AEE65R,LGAV_LIRF,1286,1286,1.0
DLH5UP,EDDF_EDDB,1286,1286,1.0
NOZ42U,ENGM_ENVA,1284,1284,1.0
UAE1J,EGLL_OMDB,1283,1283,1.0
QFA2,EGLL_LTFM,1283,1283,1.0
AEA81ML,LEIB_LEMD,1282,1282,1.0
IBS39UA,LEMD_LEPA,1281,1281,1.0
SAS85F,ENGM_EKCH,1281,1281,1.0
AFR22KD,LFPG_EDDF,1280,1280,1.0
IBS3809,LEIB_LEMD,1280,1280,1.0
DLH099,EDDM_EDDF,1280,1280,1.0
UAE4PY,OMDB_EGLL,1279,1279,1.0
EJU89WP,LFPO_LFMN,1279,1279,1.0
EFW8PC,EGKK_LEMG,1277,1277,1.0
DLH4NL,EDDL_EDDM,1277,1277,1.0
ITY7CA,LIRF_LICZ,1277,1277,1.0
SAS39C,ESSA_EKCH,1273,1273,1.0
FIN4RA,ESSA_EFHK,1272,1272,1.0
SAS491,ESSA_ENGM,1272,1272,1.0
RYR82PL,LEMD_LPPR,1272,1272,1.0
SAS57F,EFHK_ESSA,1272,1272,1.0
DLH2XH,EDDF_EDDH,1271,1271,1.0
VLG9LN,LEAL_EGKK,1270,1270,1.0
EJU6701,LPPT_LEBL,1269,1269,1.0
NOZ1BG,ENBO_ENGM,1268,1268,1.0
EIN497,LPFR_EIDW,1268,1268,1.0
UAE6,EGLL_OMDB,1268,1268,1.0
DLH07P,EDDF_LEMD,1266,1266,1.0
BAW830D,EGLL_EIDW,1266,1266,1.0
EDW57P,LEPA_LSZH,1265,1265,1.0
AFR95DM,LFMN_LFPO,1265,1265,1.0
OCN17G,LEPA_EDDF,1265,1265,1.0
IBE34WT,LFPO_LEMD,1264,1264,1.0
TAP1939,LPPR_LPPT,1263,1263,1.0
PGT70CL,LTAI_EDDK,1262,1262,1.0
NSZ8MV,EKCH_ESSA,1262,1262,1.0
SEH2FI,LGAV_LIRF,1261,1261,1.0
KLM998,EGLC_EHAM,1261,1261,1.0
EJU83GT,LFMN_LFPG,1260,1260,1.0
RYR6XM,EIDW_EGCC,1258,1258,1.0
KLM40Q,EDDM_EHAM,1256,1256,1.0
DLH8AM,EDDF_EDDB,1254,1254,1.0
BAW4DC,EGLL_LFPG,1253,1253,1.0
DLH9PH,EDDM_EDDF,1250,1250,1.0
DLH76V,LEPA_EDDF,1249,1249,1.0
FIN4XD,ESSA_EFHK,1249,1249,1.0
SAS886,ENGM_ESSA,1249,1249,1.0
DLH8RY,EDDL_EDDM,1247,1247,1.0
EJU67LX,EGCC_LEPA,1246,1246,1.0
BAW7YT,EGLL_LEBL,1246,1246,1.0
KLM1406,LFPG_EHAM,1245,1245,1.0
ITY1731,LIRF_LICZ,1245,1245,1.0
SAS4124,ENGM_ENBO,1244,1244,1.0
RYR2063,LEMD_LEPA,1243,1243,1.0
SAS1472,EKCH_ENGM,1242,1242,1.0
SAS1465,ENGM_EKCH,1242,1242,1.0
AEZ155Z,LIRF_LICZ,1241,1241,1.0
GWI2AE,EDDM_EDDH,1241,1241,1.0
KLM66U,LEMD_EHAM,1241,1241,1.0
PGT5SM,LTAI_EDDK,1239,1239,1.0
SAS83D,EKCH_ENGM,1239,1239,1.0
SAS4105,ENBO_ENGM,1238,1238,1.0
NOZ347,ENBO_ENGM,1237,1237,1.0
VLG5YA,LPPT_LEBL,1237,1237,1.0
DLH54E,LFPG_EDDM,1236,1236,1.0
SWR97Y,LSZH_EDDB,1234,1234,1.0
VLG4XT,LEBL_EGKK,1234,1234,1.0
EZY78RV,EGCC_EHAM,1233,1233,1.0
IBE30AV,LEBL_LEMD,1231,1231,1.0
NOZ60M,ENGM_ENVA,1230,1230,1.0
KLM84G,EGLL_EHAM,1230,1230,1.0
KZR918,LTFM_OMDB,1229,1229,1.0
NOZ9T,ENVA_ENGM,1228,1228,1.0
SAS55C,ENGM_ESSA,1226,1226,1.0
NOZ3J,ENVA_ENGM,1226,1226,1.0
SHT8R,EGLL_EGPH,1225,1225,1.0
ANE46RJ,EDDF_LEMD,1224,1224,1.0
DLH5PX,EDDL_EDDM,1224,1224,1.0
EIN179,EGLL_EIDW,1223,1223,1.0
EJU51MH,LPPR_LEMD,1223,1223,1.0
VLG172W,LEBL_LEIB,1222,1222,1.0
SAS1407,ESSA_EKCH,1222,1222,1.0
SAS4107,ENBO_ENGM,1222,1222,1.0
TOM63D,EGCC_LEPA,1221,1221,1.0
SAS366,ENGM_ENVA,1220,1220,1.0
KLM34E,EDDM_EHAM,1218,1218,1.0
NOZ5DP,ENVA_ENGM,1217,1217,1.0
IBS3810,LEMD_LEIB,1217,1217,1.0
IBE33RR,LIRF_LEMD,1217,1217,1.0
DLH202,EDDF_EDDB,1217,1217,1.0
RYR69XB,LPPR_LEMD,1217,1217,1.0
RYR97XR,LEBL_LEIB,1216,1216,1.0
EAI7BM,EIDW_EGCC,1216,1216,1.0
DLH42P,LEMD_EDDF,1216,1216,1.0
TRA32A,LEBL_EHAM,1214,1214,1.0
KLM45H,EHAM_LEMD,1214,1214,1.0
GWI58VF,EDDH_EDDM,1213,1213,1.0
DLH1V,LOWW_EDDF,1213,1213,1.0
EZY39QU,EHAM_EGCC,1212,1212,1.0
NOZ816,ENGM_ESSA,1212,1212,1.0
SAS708,ESSA_EFHK,1211,1211,1.0
ITY1733,LIRF_LICZ,1211,1211,1.0
EWG6ET,LEPA_EDDH,1210,1210,1.0
ANE8706,LEMD_EDDF,1210,1210,1.0
SAS4122,ENGM_ENBO,1209,1209,1.0
VLG3521,LEIB_LEBL,1209,1209,1.0
SAS1456,EKCH_ENGM,1208,1208,1.0
NOZ633,ENBR_ENGM,1206,1206,1.0
EAI31FG,EGPH_EIDW,1205,1205,1.0
FIN7KA,ESSA_EFHK,1205,1205,1.0
BAW480N,EGLL_LEBL,1204,1204,1.0
EWG75GF,EDDL_LEPA,1204,1204,1.0
SAS4117,ENBO_ENGM,1203,1203,1.0
THY7MU,LTFM_LTFE,1202,1202,1.0
SAS4112,ENGM_ENBO,1202,1202,1.0
EAI33HP,EIDW_EGPH,1201,1201,1.0
DLH8MH,EHAM_EDDM,1200,1200,1.0
NOZ1TT,ENGM_ENBR,1199,1199,1.0
THY7JE,EGLL_LTFM,1198,1198,1.0
AFR1454,LFPG_DAAG,1196,1196,1.0
VLG6SP,LFPO_LEBL,1196,1196,1.0
THY8VL,EGLL_LTFM,1195,1195,1.0
THY2CR,LTAI_LTFM,1195,1195,1.0
SWT101,LEMD_LEPA,1194,1194,1.0
VLG615G,LEPA_LEBL,1194,1194,1.0
DLH028,EDDF_EDDH,1194,1194,1.0
DLH9MW,EDDF_EDDB,1192,1192,1.0
DLH1VK,EDDF_EDDB,1192,1192,1.0
VLG95UN,LFPG_LEBL,1191,1191,1.0
EIN16T,EGLL_EIDW,1191,1191,1.0
NOZ804,ENGM_ESSA,1191,1191,1.0
DLH3ML,EDDM_EDDF,1191,1191,1.0
FIN7KF,ESSA_EFHK,1190,1190,1.0
NOZ1YE,ENVA_ENGM,1190,1190,1.0
AVA229A,LEMD_SKBO,1189,1189,1.0
RYR8PX,LEPA_LEBL,1189,1189,1.0
TAP1022,LPPT_LEMD,1188,1188,1.0
SIA318,WSSS_EGLL,1188,1188,1.0
DLH2WT,EDDM_EDDF,1186,1186,1.0
SAS1471,ENGM_EKCH,1186,1186,1.0
VLG8AT,LEBL_LEMD,1185,1185,1.0
VLG2BW,LEPA_LEBL,1185,1185,1.0
RYR5MK,EDDK_LEPA,1185,1185,1.0
RYR9CU,EIDW_EGCC,1184,1184,1.0
EJU35QC,LEPA_EGCC,1184,1184,1.0
SAS354,ENGM_ENVA,1184,1184,1.0
KLM74L,LPPT_EHAM,1184,1184,1.0
EIN183,EGLL_EIDW,1184,1184,1.0
BCS6359,LEMD_EDDF,1183,1183,1.0
EJU63RL,LFPG_LEBL,1182,1182,1.0
IBS3973,LEPA_LEMD,1182,1182,1.0
BAW3PG,EGLL_LFPG,1180,1180,1.0
EAI38D,EGCC_EIDW,1180,1180,1.0
ITY1711,LIRF_LICZ,1179,1179,1.0
IBE3108,LEMD_LPPT,1179,1179,1.0
SXS1XU,LTAI_EDDK,1179,1179,1.0
SAS44D,EKCH_ESSA,1178,1178,1.0
DLH9HW,EDDB_EDDM,1178,1178,1.0
NSZ3089,EKYT_EKCH,1177,1177,1.0
FIN1TC,EFHK_ESSA,1177,1177,1.0
BAW910N,EGLL_EDDF,1177,1177,1.0
KLM1274,EKCH_EHAM,1176,1176,1.0
IBE31LL,LPPT_LEMD,1176,1176,1.0
EIN2CJ,EGCC_EIDW,1176,1176,1.0
IBE33TA,LEMD_LIRF,1175,1175,1.0
SAS4113,ENBO_ENGM,1175,1175,1.0
KLM33K,EHAM_LEMD,1174,1174,1.0
VLG1GM,LIRF_LEBL,1174,1174,1.0
SAS358,ENGM_ENVA,1173,1173,1.0
AEA1153,LEMD_LPPT,1173,1173,1.0
EZY95TW,LPFR_EGKK,1173,1173,1.0
EWG44P,EDDL_LEPA,1173,1173,1.0
CES771,EDDF_EHAM,1171,1171,1.0
RYR553,EGCC_EIDW,1169,1169,1.0
AFR24WQ,LFPG_EHAM,1169,1169,1.0
EZY37FC,LEPA_EGKK,1169,1169,1.0
PGT64TV,LTFJ_LTFE,1167,1167,1.0
AFR15QN,LFPG_LFMN,1167,1167,1.0
VLG7QV,LEPA_LEBL,1167,1167,1.0
AEZ15TR,LIRF_LICZ,1166,1166,1.0
BAW821C,EKCH_EGLL,1165,1165,1.0
RYR818,EIDW_EGPH,1165,1165,1.0
RYR479L,LEMD_LPPR,1163,1163,1.0
DLH001,EDDH_EDDF,1163,1163,1.0
SAS26K,ENGM_ENBO,1162,1162,1.0
AFR1440,LFPG_EHAM,1162,1162,1.0
EZY84JU,EHAM_EGCC,1162,1162,1.0
EWG581,LEPA_EDDK,1162,1162,1.0
TVF85NQ,LFPO_LPPR,1161,1161,1.0
NOZ617,ENBR_ENGM,1161,1161,1.0
VJT659,LFPG_LFMN,1160,1160,1.0
PGT63BB,EDDK_LTAI,1159,1159,1.0
EZY32PB,EHAM_EGCC,1157,1157,1.0
DLH8FN,EDDM_EDDF,1157,1157,1.0
BAW84W,EGLL_EIDW,1157,1157,1.0
EWG96JY,LEPA_EDDH,1156,1156,1.0
UAE70M,OMDB_EGLL,1156,1156,1.0
BAW84DM,EGLL_EIDW,1155,1155,1.0
EZY34EU,EGKK_LPFR,1154,1154,1.0
AEA6049,LEMD_LEPA,1153,1153,1.0
SAS2551,EKCH_EHAM,1152,1152,1.0
EJU52DB,LPPT_LEMD,1150,1150,1.0
EAI52NE,EIDW_EGPH,1150,1150,1.0
EZY74KY,EGCC_EHAM,1150,1150,1.0
DLH1WA,EDDF_EDDM,1150,1150,1.0
SAS81A,ENVA_ENGM,1150,1150,1.0
RYR99JC,EGCC_EIDW,1149,1149,1.0
AFR65VG,LFPG_EDDM,1149,1149,1.0
NOZ50A,ENGM_ENBO,1146,1146,1.0
SXS66M,EDDK_LTAI,1145,1145,1.0
AFR51RY,LFMN_LFPO,1145,1145,1.0
TOM9DA,EGKK_LEPA,1145,1145,1.0
NOZ605,ENBR_ENGM,1144,1144,1.0
EZY23UB,LEPA_EGKK,1143,1143,1.0
SAS96D,ENGM_ENBO,1143,1143,1.0
ITY717,LGAV_LIRF,1142,1142,1.0
EJU81MA,LFMN_LFPG,1142,1142,1.0
SAS263,ENGM_ENBR,1141,1141,1.0
AFR1049,LEBL_LFPG,1141,1141,1.0
TAP18YT,LPPT_LEMD,1140,1140,1.0
DLH3YH,EDDL_EDDM,1140,1140,1.0
RYR23VR,EIDW_EGPH,1140,1140,1.0
KLM92W,EKCH_EHAM,1140,1140,1.0
RYR66WV,EIDW_EGSS,1138,1138,1.0
VLG745H,LEPA_LEBL,1138,1138,1.0
AEE5RF,LGAV_LIRF,1137,1137,1.0
SAS67B,ENGM_ENBO,1135,1135,1.0
NOZ51Q,ENVA_ENGM,1134,1134,1.0
SAS454,EKCH_ENGM,1133,1133,1.0
NOZ601,ENBR_ENGM,1131,1131,1.0
THY3PJ,EGLL_LTFM,1131,1131,1.0
AUA2E,LOWW_EDDF,1131,1131,1.0
EIN151,EGLL_EIDW,1131,1131,1.0
KLM46B,EKCH_EHAM,1131,1131,1.0
ITY719,LGAV_LIRF,1131,1131,1.0
BAW12,WSSS_EGLL,1130,1130,1.0
IBE33ZD,LEMD_LIMC,1130,1130,1.0
DLH2YU,EDDH_EDDF,1129,1129,1.0
BCS3316,EKCH_ENGM,1129,1129,1.0
SHT9W,EGPH_EGLL,1129,1129,1.0
EAI33XY,EGPH_EIDW,1128,1128,1.0
NOZ606,ENGM_ENBR,1128,1128,1.0
SAS1214,EKYT_EKCH,1128,1128,1.0
DLH9AA,EDDH_EDDF,1128,1128,1.0
NOZ632,ENGM_ENBR,1128,1128,1.0
NOZ623,ENBR_ENGM,1127,1127,1.0
KLM1412,LFPG_EHAM,1126,1126,1.0
EFW3XB,LEMG_EGKK,1126,1126,1.0
BAW710R,EGLL_LSZH,1126,1126,1.0
PGT10GM,LTAI_EDDL,1125,1125,1.0
RYR6MZ,EIDW_EGKK,1125,1125,1.0
AFR69TB,LFMN_LFPG,1124,1124,1.0
KLM1031,EHAM_EGCC,1124,1124,1.0
NOZ2KT,ENGM_ENVA,1124,1124,1.0
RYR48SY,LEMD_LIMC,1124,1124,1.0
NOZ611,ENBR_ENGM,1123,1123,1.0
DLH8RP,EDDL_EDDM,1123,1123,1.0
AFR18CZ,LFPG_EDDM,1123,1123,1.0
IBS3920,LEMD_LEPA,1121,1121,1.0
EWG587,LEPA_EDDK,1120,1120,1.0
UPS207,EIDW_EGSS,1120,1120,1.0
RYR7ND,LEIB_LEBL,1120,1120,1.0
RYR2050,LEPA_EDDH,1118,1118,1.0
SAS51E,EKCH_ESSA,1116,1116,1.0
KLM1921,EHAM_LSZH,1116,1116,1.0
RYR72NC,LEBL_LEIB,1115,1115,1.0
RYR88MP,EIDW_EGCC,1115,1115,1.0
SAS549,EKCH_EHAM,1114,1114,1.0
NOZ93E,ENVA_ENGM,1114,1114,1.0
SHT8W,EGLL_EGPH,1112,1112,1.0
SAS268,ENBR_ENGM,1112,1112,1.0
BCS715P,LEMD_LIMC,1112,1112,1.0
ITY2021,LIML_LIRF,1112,1112,1.0
OCN3RK,LEPA_EDDM,1112,1112,1.0
VLG8HE,LEBL_LEIB,1112,1112,1.0
BAW820,EGLL_EKCH,1111,1111,1.0
RYR75RH,LEMD_LEPA,1110,1110,1.0
NOZ44A,ENGM_ENVA,1110,1110,1.0
EJU75LM,LEBL_LIMC,1109,1109,1.0
DLH4CR,EDDH_EDDF,1109,1109,1.0
NSZ3093,EKYT_EKCH,1109,1109,1.0
EJU63GE,LFPG_LFMN,1107,1107,1.0
EJU56TY,LFMN_LFPG,1106,1106,1.0
NOZ806,ENGM_ESSA,1106,1106,1.0
EXS16PL,EGCC_LEPA,1104,1104,1.0
IBS3808,LEMD_LEIB,1104,1104,1.0
AFR18TD,LFPG_EDDM,1103,1103,1.0
RYR9YE,LIRF_LICZ,1103,1103,1.0
TRA1B,LEMG_EHAM,1103,1103,1.0
KLM68J,EDDM_EHAM,1102,1102,1.0
BAW437Z,EHAM_EGLL,1101,1101,1.0
NOZ620,ENGM_ENBR,1101,1101,1.0
RYR3129,LEBL_LEIB,1100,1100,1.0
ANE19VM,LPPR_LEMD,1100,1100,1.0
VLG29VQ,LEPA_LEBL,1100,1100,1.0
WIF7VB,ENBO_ENVA,1098,1098,1.0
KLM1849,EHAM_EDDM,1098,1098,1.0
GWI1BA,EDDH_EDDM,1098,1098,1.0
AEA51RM,LEMD_LEPA,1098,1098,1.0
SXS8NQ,LTAI_EDDK,1097,1097,1.0
AFR43PT,EHAM_LFPG,1097,1097,1.0
OCN3TM,LEPA_EDDF,1097,1097,1.0
DLH2PF,EDDB_EDDM,1097,1097,1.0
VLG8SF,LFPG_LEBL,1097,1097,1.0
RYR48CB,LEPA_LEBL,1097,1097,1.0
NOZ3ET,ENGM_ENVA,1096,1096,1.0
WUK4TS,EGKK_LEMG,1095,1095,1.0
KLM1856,EDDM_EHAM,1094,1094,1.0
TVF57VA,LFPO_LEBL,1094,1094,1.0
SAS93F,EKCH_ENGM,1094,1094,1.0
FDX5201,EIDW_EGSS,1092,1092,1.0
NOZ40T,ENGM_ENVA,1090,1090,1.0
TVF21UC,LPPR_LFPO,1090,1090,1.0
ANE8712,LEMD_EDDF,1089,1089,1.0
SAS1429,ESSA_EKCH,1088,1088,1.0
RYR95VF,EDDH_LEPA,1088,1088,1.0
IBS38HT,LEMD_LEIB,1088,1088,1.0
DLH1RX,EDDB_EDDF,1087,1087,1.0
TAP10MA,LPPT_LEMD,1087,1087,1.0
DLH7YC,EDDH_EDDF,1086,1086,1.0
SXS94Y,LTAI_EDDK,1085,1085,1.0
NSZ3228,EKCH_ENGM,1084,1084,1.0
EJU43XM,LIMC_LEBL,1082,1082,1.0
DLH6E,EDDH_EDDM,1082,1082,1.0
DLH4CF,EDDF_EDDM,1081,1081,1.0
SAS42P,ENBR_ENGM,1080,1080,1.0
EJU54RN,LIMC_LEBL,1080,1080,1.0
THY9CE,EGLL_LTFM,1079,1079,1.0
VLG93TT,LEBL_LEMD,1079,1079,1.0
DLH92N,LFPG_EDDM,1078,1078,1.0
RYR2776,LEPA_LEMD,1077,1077,1.0
SAS41K,ESSA_EKCH,1077,1077,1.0
RYR4FE,EIDW_EGSS,1077,1077,1.0
SAS373,ENVA_ENGM,1075,1075,1.0
KLM31H,EHAM_LEMD,1075,1075,1.0
THY8NA,LTFM_LTFE,1074,1074,1.0
VLG37FX,LEBL_LIRF,1073,1073,1.0
BAW826Q,EGLL_EIDW,1073,1073,1.0
NOZ6MH,ENVA_ENGM,1073,1073,1.0
AEA60GX,LEMD_EDDF,1073,1073,1.0
EJU89XB,LFPG_LFMN,1072,1072,1.0
NSZ3095,EKYT_EKCH,1072,1072,1.0
DLH7JA,EDDM_EHAM,1072,1072,1.0
AFR1518,LFPG_EDDF,1071,1071,1.0
TVF99VG,LFPO_LEMD,1071,1071,1.0
RYR37UQ,EDDH_LEPA,1070,1070,1.0
SXS2WN,LTAI_EDDL,1069,1069,1.0
VLG5XW,LEPA_LEBL,1069,1069,1.0
RYR1EP,EGCC_EIDW,1068,1068,1.0
TRA5958,LPPT_EHAM,1067,1067,1.0
SAS1208,EKYT_EKCH,1067,1067,1.0
AFR88PN,LFML_LFPG,1067,1067,1.0
EWG4NK,LEPA_LSZH,1067,1067,1.0
DLH7PK,EDDF_EDDB,1066,1066,1.0
RYR44DX,LEMD_LEIB,1066,1066,1.0
DLH8AX,EDDH_EDDF,1065,1065,1.0
RYR3KV,EGCC_EIDW,1064,1064,1.0
RYR2084,LEMD_LEIB,1064,1064,1.0
SAS77K,ENGM_EKCH,1063,1063,1.0
VLG4ZW,LEPA_LEBL,1063,1063,1.0
AEE652,LGAV_LIRF,1061,1061,1.0
EJU94CB,LFPG_LEBL,1061,1061,1.0
CFE23X,EGLC_EHAM,1061,1061,1.0
RYR4852,LIRF_LICZ,1061,1061,1.0
EZY94CL,LEAL_EGCC,1060,1060,1.0
SXS2VK,LTAI_EDDL,1060,1060,1.0
SAS61C,ENGM_ENVA,1059,1059,1.0
PGT54XR,LTFJ_LTFE,1059,1059,1.0
SWR2HE,LEPA_LSZH,1058,1058,1.0
KLM94M,EKCH_EHAM,1058,1058,1.0
VLG2AR,LEBL_LEIB,1058,1058,1.0
AFR89FM,LFPO_LFMN,1057,1057,1.0
UAE6RM,LTFM_OMDB,1057,1057,1.0
DLH8MM,EDDF_EDDM,1056,1056,1.0
SAS1467,ENGM_EKCH,1055,1055,1.0
CFE779,EGLC_EHAM,1055,1055,1.0
ITY2038,LIRF_LIML,1055,1055,1.0
TOM8JB,LPFR_EGKK,1054,1054,1.0
RYR9TX,LIRF_LICZ,1054,1054,1.0
RYR7DJ,EIDW_EGSS,1054,1054,1.0
WMT32FN,LEBL_LIRF,1053,1053,1.0
NSZ2617,ESSA_EFHK,1053,1053,1.0
KLM95Y,EHAM_EDDF,1053,1053,1.0
AFR47FK,LFPG_EDDM,1051,1051,1.0
AEA50DT,LEPA_LEBL,1051,1051,1.0
SAS291,ENGM_ENBR,1051,1051,1.0
EJU45UT,LEBL_LIMC,1051,1051,1.0
SAS80M,EHAM_ENGM,1050,1050,1.0
NOZ815,ESSA_ENGM,1050,1050,1.0
EJU6723,LPPT_LEMD,1050,1050,1.0
VLG3YG,LEBL_LEPA,1050,1050,1.0
NOZ638,ENGM_ENBR,1049,1049,1.0
NOZ805,ESSA_ENGM,1049,1049,1.0
EWG3NK,LSZH_EDDB,1049,1049,1.0
VLG7FA,LEBL_LEIB,1048,1048,1.0
EXS1MA,EGCC_LEPA,1048,1048,1.0
IBE32GV,LEMD_LIMC,1048,1048,1.0
PGT18DW,LTFJ_LTFE,1047,1047,1.0
IBE31FM,LPPT_LEMD,1046,1046,1.0
FDB2MF,LTFM_OMDB,1045,1045,1.0
VLG858L,LEBL_LEIB,1045,1045,1.0
NSZ3221,ENGM_EKCH,1044,1044,1.0
EAI53BS,EGPH_EIDW,1044,1044,1.0
NOZ818,ENGM_ESSA,1044,1044,1.0
NOZ813,ESSA_ENGM,1043,1043,1.0
VLG1DN,LEBL_LFPG,1043,1043,1.0
AFR15SV,LFPG_LFMN,1043,1043,1.0
NOZ940,ENGM_EKCH,1043,1043,1.0
NOZ96F,ENGM_ENVA,1042,1042,1.0
FIN805,EFHK_ESSA,1041,1041,1.0
EAI59LD,EGPH_EIDW,1040,1040,1.0
IBE31FW,LEMD_EDDF,1040,1040,1.0
DLH64M,EDDM_LFPG,1040,1040,1.0
SAS281,ENGM_ENBR,1038,1038,1.0
RYR6SP,LGAV_LIRF,1038,1038,1.0
AEA31SN,LPPT_LEMD,1037,1037,1.0
BEL3KK,EBMB_LEMD,1037,1037,1.0
SWR558F,LSZH_EDDB,1036,1036,1.0
NSZ3235,ENGM_EKCH,1034,1034,1.0
TAP1685,LPPT_LPMA,1034,1034,1.0
NOZ56U,ENGM_ENBO,1033,1033,1.0
ITY2080,LIRF_LIML,1033,1033,1.0
ITY1719,LIRF_LICZ,1032,1032,1.0
TAP1016,LPPT_LEMD,1032,1032,1.0
PGT5002,EDDL_LTAI,1031,1031,1.0
EJU32KZ,LFMN_LFPO,1031,1031,1.0
EZY61WD,EGCC_EHAM,1031,1031,1.0
SWR1TC,LEPA_LSZH,1031,1031,1.0
NSZ3207,ESSA_EKCH,1031,1031,1.0
EIN209,EGCC_EIDW,1030,1030,1.0
VLG6628,EGKK_LEBL,1030,1030,1.0
WMT8B,LIML_LICZ,1030,1030,1.0
RYR71JP,EIDW_EGCC,1029,1029,1.0
BAW109,EGLL_OMDB,1028,1028,1.0
AFR56UG,LFPG_EKCH,1028,1028,1.0
LHX2018,EDDM_EDDL,1028,1028,1.0
DLH1927,EDDB_EDDM,1028,1028,1.0
ITY2092,LIRF_LIML,1027,1027,1.0
RYR66XZ,EIDW_EGKK,1027,1027,1.0
NSZ2616,EFHK_ESSA,1027,1027,1.0
TOM1ET,LEPA_EGKK,1027,1027,1.0
DLH5UY,EDDM_EDDF,1027,1027,1.0
FIN8AZ,EFHK_ESSA,1026,1026,1.0
WIF6HV,ENBO_ENVA,1026,1026,1.0
ITY1759,LIRF_LICZ,1025,1025,1.0
KLM1850,EDDM_EHAM,1024,1024,1.0
VLG9PK,LEIB_LEMD,1023,1023,1.0
NOZ616,ENGM_ENBR,1023,1023,1.0
NOZ612,ENGM_ENBR,1023,1023,1.0
EAI35BG,EIDW_EGPH,1022,1022,1.0
DLH92T,EDDF_LEMD,1022,1022,1.0
EJU19NF,LSZH_EDDB,1022,1022,1.0
EZY15NA,EGKK_LEPA,1022,1022,1.0
DLH3YY,EDDF_EDDM,1020,1020,1.0
EJU15EA,EGCC_EHAM,1020,1020,1.0
AFR17DD,LFML_LFPG,1019,1019,1.0
BAW482P,EGLL_LEBL,1019,1019,1.0
SAS64K,LFPG_EKCH,1018,1018,1.0
SAS55P,ESSA_ENGM,1017,1017,1.0
NSZ3224,EKCH_ENGM,1017,1017,1.0
AEA73KH,LEMD_EDDF,1017,1017,1.0
SAS355,ENVA_ENGM,1016,1016,1.0
BCS6360,EDDF_LEMD,1016,1016,1.0
NOZ643,ENBR_ENGM,1015,1015,1.0
FIN5RC,ESSA_EFHK,1015,1015,1.0
SXS3ND,LTAI_EDDL,1015,1015,1.0
NSZ3DQ,ESSA_EFHK,1014,1014,1.0
DLH9VT,EDDF_EDDM,1013,1013,1.0
EJU97DK,LFPO_LFMN,1013,1013,1.0
BEL4ZG,EBMB_LEMD,1012,1012,1.0
NOZ5AY,ENZV_ENGM,1011,1011,1.0
SAS885,ESSA_ENGM,1011,1011,1.0
AEA66LQ,LPPT_LEMD,1011,1011,1.0
EJU81WG,LFPG_LFMN,1011,1011,1.0
AFR68MQ,EHAM_LFPG,1011,1011,1.0
AEA31BA,LPPT_LEMD,1010,1010,1.0
EJU89CT,LFMN_LFPO,1010,1010,1.0
RYR2VX,EGSS_EIDW,1009,1009,1.0
RYR28WZ,EIDW_EGSS,1009,1009,1.0
RYR8GT,LEPA_EDDH,1008,1008,1.0
FIN8LF,ESSA_EFHK,1007,1007,1.0
WUK6KE,EGKK_LPFR,1007,1007,1.0
DLH3EM,EDDB_EDDM,1007,1007,1.0
EFW1SM,LEPA_EGKK,1006,1006,1.0
DLH3UP,EDDM_EDDL,1006,1006,1.0
TVF55RC,LPPR_LFPO,1006,1006,1.0
DLH9YC,EDDM_EDDL,1006,1006,1.0
THY2TX,EGLL_LTFM,1005,1005,1.0
TRA5957,EHAM_LPPT,1005,1005,1.0
FIN4AW,ESSA_EFHK,1005,1005,1.0
SWT5748,LFML_LFPG,1004,1004,1.0
NSZ9BH,EKYT_EKCH,1003,1003,1.0
GWI1XP,EDDM_EDDH,1003,1003,1.0
VLG56TQ,LEBL_LEIB,1003,1003,1.0
SAS496,ENGM_ESSA,1002,1002,1.0
EJU31NT,EKCH_EHAM,1002,1002,1.0
EWG8JB,EDDM_LEPA,1002,1002,1.0
RYR75YF,EIDW_EGSS,1001,1001,1.0
IBS39SJ,LEPA_LEMD,1001,1001,1.0
AFR42PM,LFMN_LFPO,1001,1001,1.0
AFR15EV,LFPO_LFMN,1000,1000,1.0
KLM69F,EHAM_EIDW,999,999,1.0
THY5DU,LTFM_OMDB,999,999,1.0
EAI19MS,EGCC_EIDW,998,998,1.0
PGT2BY,EDDK_LTAI,998,998,1.0
AEA45TM,LEMD_LEIB,998,998,1.0
TAP20AC,LPPT_LEMD,998,998,1.0
NOZ2GH,ENBR_ENGM,997,997,1.0
NOZ523,ENZV_ENGM,997,997,1.0
BAW715T,LSZH_EGLL,996,996,1.0
EZY34LP,EGKK_LPFR,996,996,1.0
SWR1DW,LEPA_LSZH,996,996,1.0
AFR78AV,LFML_LFPG,995,995,1.0
SAS822,EHAM_ENGM,995,995,1.0
NSZ54CA,EKCH_EHAM,994,994,1.0
TRA71Y,EHAM_LEBL,994,994,1.0
AEA6096,LEPA_LEMD,994,994,1.0
TAP1040,LPPT_LEBL,994,994,1.0
DLH5LW,EDDB_EDDM,994,994,1.0
SAS371,ENVA_ENGM,993,993,1.0
VLG4PV,LEIB_LEBL,993,993,1.0
EWG580,EDDK_LEPA,992,992,1.0
EWG5PZ,EDDH_LEPA,992,992,1.0
SXS2TT,EDDL_LTAI,992,992,1.0
RYR1UA,LIMC_LEBL,991,991,1.0
NOZ608,ENGM_ENBR,991,991,1.0
IBE30TY,LEBL_LEMD,991,991,1.0
EZY43FZ,LEPA_EGKK,991,991,1.0
GWI8NB,EDDL_EDDM,991,991,1.0
DLH7LP,EDDH_EDDF,991,991,1.0
RYR2064,LEPA_LEMD,990,990,1.0
SAS482,ENGM_ESSA,990,990,1.0
UAE6FJ,LTFM_OMDB,989,989,1.0
DLH61E,EDDM_LFPG,989,989,1.0
NOZ537,ENZV_ENGM,988,988,1.0
VLG4CQ,LEIB_LEMD,987,987,1.0
RYR983N,EIDW_EGPH,987,987,1.0
AFR41PA,LGAV_LFPG,987,987,1.0
EIN165,EGLL_EIDW,987,987,1.0
DLH111,EDDM_EDDF,987,987,1.0
EJU32PM,LIMC_LEBL,987,987,1.0
EIN1YG,EGLL_EIDW,986,986,1.0
NOZ346,ENGM_ENBO,986,986,1.0
NSZ96Y,EKCH_ESSA,986,986,1.0
RYR2E,EGSS_EIDW,986,986,1.0
EWG61VY,EDDM_LEPA,985,985,1.0
SAS1488,ENGM_ESSA,984,984,1.0
DLH5HR,EDDB_EDDM,984,984,1.0
SWR6TB,LSZH_EDDB,984,984,1.0
DLH2JR,EDDB_EDDF,983,983,1.0
VLG4NM,EGKK_LEBL,983,983,1.0
SHT7P,EGPF_EGLL,982,982,1.0
RYR1ND,LPPT_LEBL,982,982,1.0
VLG4NZ,LEBL_LEIB,981,981,1.0
WIF5U,ENBO_ENVA,980,980,1.0
SAS1218,EKYT_EKCH,979,979,1.0
THY8YK,LTAI_LTFM,979,979,1.0
LHX2012,EDDM_EDDL,979,979,1.0
AFR58AB,EHAM_LFPG,978,978,1.0
NSZ3229,ENGM_EKCH,978,978,1.0
SHT8F,EGLL_EGPH,977,977,1.0
SAS1206,EKYT_EKCH,976,976,1.0
AFR96EV,EHAM_LFPG,976,976,1.0
SAS380,ENGM_ENVA,976,976,1.0
RYR122M,EGPH_EIDW,975,975,1.0
DLH4RT,EDDM_EDDL,975,975,1.0
EZY54NP,LEAL_EGKK,972,972,1.0
MBU6508,EDDM_LEPA,972,972,1.0
DLH76T,EDDF_LFPG,971,971,1.0
EZY92LD,EGKK_LEPA,971,971,1.0
SAS1228,EKYT_EKCH,971,971,1.0
SXS9VL,EDDL_LTAI,971,971,1.0
RYR79FU,LEBL_LEPA,971,971,1.0
LHX1945,EDDB_EDDM,970,970,1.0
SAS79P,ENGM_ENBR,970,970,1.0
SAS864,ENGM_ESSA,970,970,1.0
TAP1932,LPPT_LPPR,969,969,1.0
IBE34BM,LFPG_LEMD,969,969,1.0
RYR6361,LEPA_LEBL,967,967,1.0
EWG2BA,LSZH_EDDB,967,967,1.0
RYR2062,LEPA_LEMD,965,965,1.0
SAS4002,ENZV_ENGM,965,965,1.0
IBE30DT,LEMD_LEBL,964,964,1.0
DLH4CW,EDDM_EDDF,964,964,1.0
SWR5HZ,LSGG_LSZH,963,963,1.0
RYR7BR,EGSS_EIDW,960,960,1.0
DLH3EJ,EDDF_EDDM,959,959,1.0
VLG8348,LEPA_LSZH,958,958,1.0
NOZ629,ENBR_ENGM,958,958,1.0
EJU47VC,LEBL_LIMC,958,958,1.0
NOZ541,ENZV_ENGM,957,957,1.0
NSZ3085,EKYT_EKCH,957,957,1.0
DLH3KV,EDDM_EDDF,957,957,1.0
EIN14Y,EGLL_EIDW,956,956,1.0
RYR15CL,LEMD_LEIB,956,956,1.0
SAS64J,ENZV_ENGM,955,955,1.0
VLG146X,LEPA_LEBL,955,955,1.0
DLH172,EDDF_EDDB,954,954,1.0
DLH93X,EDDF_LFPG,954,954,1.0
RYR2TR,EGBB_EIDW,953,953,1.0
THY5BN,LTAI_LTFM,953,953,1.0
IBE31EY,LPPT_LEMD,953,953,1.0
NSZ2RT,ESSA_EKCH,952,952,1.0
SAS48C,ENBR_ENGM,952,952,1.0
AFR35UR,LFML_LFPG,952,952,1.0
FDX6272,LFPG_LEBL,952,952,1.0
FDX6235,LFPG_EHAM,951,951,1.0
FIN7YB,EFHK_ESSA,950,950,1.0
VLG8NR,LEBL_LEPA,949,949,1.0
SWR8TP,LEPA_LSZH,948,948,1.0
DLA5NH,EDDM_EHAM,948,948,1.0
SAS493,ESSA_ENGM,948,948,1.0
DLH9TV,EDDF_EDDM,947,947,1.0
ITY1735,LIRF_LICZ,947,947,1.0
IBE30PH,LEMD_LEBL,947,947,1.0
SRR6646,LPPR_LPPT,947,947,1.0
NSZ3079,EKYT_EKCH,946,946,1.0
DLH4KC,EDDM_EDDL,946,946,1.0
AEA6066,LEPA_LEMD,945,945,1.0
VLG4QX,LEBL_LEIB,944,944,1.0
NOZ636,ENGM_ENBR,944,944,1.0
AEA30YP,LEMD_LEPA,944,944,1.0
OCN5RP,EDDF_LEPA,944,944,1.0
BAW771C,ESSA_EGLL,943,943,1.0
DLH31M,EDDF_LFPG,943,943,1.0
DLH9XV,EDDM_EDDF,942,942,1.0
DLH55M,EDDF_LFPG,941,941,1.0
EAI51C,EGPH_EIDW,941,941,1.0
DLH4LN,EDDB_EDDF,940,940,1.0
SIA378,LIMC_LEBL,940,940,1.0
NOZ5PR,ENVA_ENGM,940,940,1.0
DLH8N,EDDM_EDDB,940,940,1.0
DLH2FP,EDDM_EHAM,939,939,1.0
NSZ2604,EFHK_ESSA,939,939,1.0
IBS3801,LEIB_LEMD,939,939,1.0
NOZ817,ESSA_ENGM,939,939,1.0
RYR3EE,EGSS_EIDW,939,939,1.0
WMT1162,LEMD_LIMC,938,938,1.0
DLH8VT,EDDF_EDDM,937,937,1.0
IBS3917,LEPA_LEMD,937,937,1.0
IBS38UL,LEMD_LEIB,937,937,1.0
TKJ28TC,LTFJ_LTFE,937,937,1.0
THY8VD,LTFM_OMDB,937,937,1.0
EJU64MT,LPPT_LEMD,937,937,1.0
CFG202,EDDL_LTAI,936,936,1.0
SAS78A,ENBR_ENGM,935,935,1.0
BAW52HR,EGLL_LPPT,935,935,1.0
DLH9WT,EDDF_EDDM,935,935,1.0
EIN27G,EGBB_EIDW,933,933,1.0
PGT3QA,LTAI_LTFJ,932,932,1.0
AEA6006,LEPA_LEBL,931,931,1.0
EZY24BN,LPFR_EGKK,930,930,1.0
IBE30BG,LEMD_LEBL,930,930,1.0
DLH2CF,EDDM_EDDF,930,930,1.0
KLM1820,EDDF_EHAM,929,929,1.0
TVF91JR,LFPO_LPPT,929,929,1.0
BEL2FM,EBMB_LEMD,929,929,1.0
VLG82BT,LEBL_LEIB,928,928,1.0
RYR76AL,LEPA_EDDK,927,927,1.0
AFR68NC,LFMN_LFPO,926,926,1.0
SAS40E,ESSA_EGLL,926,926,1.0
DLH2000,EDDM_EDDL,925,925,1.0
PGT78ZK,LTFJ_LTFE,925,925,1.0
AFR47WC,LFPO_LFMN,925,925,1.0
RYR9YB,EIDW_EGKK,925,925,1.0
EWG8WH,EDDK_LEPA,925,925,1.0
EWG40Y,LEPA_EDDK,924,924,1.0
NOZ545,ENZV_ENGM,924,924,1.0
TVF792P,LEBL_LFPO,924,924,1.0
PGT82NR,LTFJ_LTFE,924,924,1.0
RYR2494,LEPA_LEBL,924,924,1.0
VLG2QU,LEPA_LEBL,923,923,1.0
SWR2HD,LSZH_EDDB,923,923,1.0
AFR1048,LFPG_LEBL,923,923,1.0
NOZ521,ENZV_ENGM,923,923,1.0
NOZ653,ENBR_ENGM,922,922,1.0
IBS3913,LEPA_LEMD,922,922,1.0
MBU6512,EDDM_LEPA,922,922,1.0
THY1KC,LTFM_OMDB,922,922,1.0
VLG2NW,LEBL_LIRF,920,920,1.0
VLG44BT,LEBL_LIMC,920,920,1.0
VLG46MC,LEBL_LEMG,920,920,1.0
RYR428Q,EGCC_LEPA,919,919,1.0
EWG2RE,EDDK_LEPA,919,919,1.0
RYR38CW,EDDK_LEPA,919,919,1.0
SAS4042,ENZV_ENGM,918,918,1.0
RYR1343,LEPA_LEBL,917,917,1.0
TKJ9FS,LTAI_LTFJ,917,917,1.0
SAS1463,ENGM_EKCH,917,917,1.0
VLG5KV,LEPA_LEBL,917,917,1.0
RYR67CG,EDDK_LEPA,916,916,1.0
SAS343,ENVA_ENGM,915,915,1.0
RYR813,EGPH_EIDW,913,913,1.0
NOZ4HF,ENGM_ENBR,912,912,1.0
DLH55X,EDDF_LFPG,912,912,1.0
SAS4561,ENBO_ENVA,909,909,1.0
EZY38UA,LPFR_EGKK,907,907,1.0
KLM1917,EHAM_LSZH,907,907,1.0
NOZ641,ENBR_ENGM,907,907,1.0
SXS8ZC,EDDL_LTAI,907,907,1.0
RYR2753,LEMD_LIMC,907,907,1.0
IBE31RM,LPPT_LEMD,906,906,1.0
BCS8430,LEBL_LEMD,906,906,1.0
BAW7Q,LSGG_EGLL,906,906,1.0
SAS252,ENBR_ENGM,906,906,1.0
SAS1424,EKCH_ESSA,905,905,1.0
DLH05N,EDDM_LFPG,904,904,1.0
ANE8855,LPPT_LEMD,903,903,1.0
SAS716,ESSA_EFHK,903,903,1.0
AEA6078,LEPA_LEMD,903,903,1.0
AEA6156,LEPA_LEBL,903,903,1.0
AEZ157Q,LIRF_LICZ,901,901,1.0
SAS39A,ENBO_ENGM,901,901,1.0
EXS67ND,LEPA_EGCC,901,901,1.0
TKJ9KN,LTFJ_LTFE,901,901,1.0
RYR8MP,EDDK_LEPA,900,900,1.0
SIA377,LEBL_LIMC,898,898,1.0
AFR26UX,LFPG_LFML,898,898,1.0
FIN1LT,EETN_EFHK,897,897,1.0
SAS69J,ENZV_ENGM,896,896,1.0
EZY64BP,EGKK_LEMG,894,894,1.0
FPO720,LFML_LFPG,893,893,1.0
SAS251,ENGM_ENBR,893,893,1.0
THY3JA,LTAI_LTFM,892,892,1.0
ANE92YN,EDDF_LEMD,892,892,1.0
RYR38JX,LEBL_LPPT,892,892,1.0
THY1990,EGLL_LTFM,892,892,1.0
NOZ8GN,ENVA_ENGM,892,892,1.0
ITY2032,LIRF_LIML,892,892,1.0
KLM75V,EHAM_LEMD,891,891,1.0
DLH9X,EDDM_EDDB,890,890,1.0
VLG6LA,LEPA_LEBL,890,890,1.0
DLH5RL,EDDM_EDDL,890,890,1.0
DLH8NF,EHAM_EDDM,890,890,1.0
RYR669,EGBB_EIDW,890,890,1.0
EZY45TE,LEMG_EGKK,889,889,1.0
NOZ1KD,ENVA_ENGM,889,889,1.0
EZY34YQ,LIRF_EGKK,889,889,1.0
SAS728,ESSA_EFHK,889,889,1.0
VLG269G,LEIB_LEBL,888,888,1.0
DLH2X,EDDM_EDDB,888,888,1.0
RYR6JM,LPFR_EIDW,888,888,1.0
RYR2PN,EIDW_EGSS,888,888,1.0
IBE32GP,EBMB_LEMD,887,887,1.0
EWG7KC,LEPA_EDDH,887,887,1.0
AFR17RL,LFML_LFPG,886,886,1.0
AFR82CX,LFPG_LFML,886,886,1.0
PGT2004,LTFJ_LTAI,885,885,1.0
WIF2NP,ENZV_ENBR,885,885,1.0
SAS274,ENBR_ENGM,885,885,1.0
RYR2054,LEPA_LEMD,884,884,1.0
EZY45MK,LEAL_EGKK,884,884,1.0
AFR38UM,LFPG_LEMD,884,884,1.0
VLG5JC,LFPG_LEBL,884,884,1.0
TRA11A,LPPT_EHAM,884,884,1.0
SAS1210,EKYT_EKCH,883,883,1.0
DLH195,EDDB_EDDF,882,882,1.0
ITY2050,LIRF_LIML,880,880,1.0
SXS7QN,EDDL_LTAI,880,880,1.0
ITY1794,LICJ_LIRF,880,880,1.0
DLH88X,EDDM_LFPG,879,879,1.0
SAS78L,EKCH_ENGM,878,878,1.0
SAS4572,ENVA_ENBO,878,878,1.0
SAS61A,EKCH_ESSA,878,878,1.0
NOZ3DB,ENVA_ENGM,877,877,1.0
AFR15ZW,LFPG_LEMD,877,877,1.0
NOZ531,ENZV_ENGM,876,876,1.0
FHY1193,LTAI_EDDL,876,876,1.0
VLG9NV,EGKK_LIRF,875,875,1.0
AEA66MG,LEIB_LEMD,874,874,1.0
DLH2CK,EDDB_EDDF,872,872,1.0
SAS70E,EKCH_EHAM,872,872,1.0
DLH5N,EDDM_EDDB,872,872,1.0
SAS897,ESSA_ENGM,871,871,1.0
AFR77LL,LFML_LFPG,871,871,1.0
PGT36FT,LTFJ_LTCG,871,871,1.0
ITY1709,LIRF_LICZ,870,870,1.0
SIA306,WSSS_EGLL,870,870,1.0
DLH1300,EDDF_LTFM,869,869,1.0
SHT9K,EGPH_EGLL,869,869,1.0
KLM64W,EKCH_EHAM,869,869,1.0
IBS3914,LEMD_LEPA,868,868,1.0
SAS455,ENGM_EKCH,868,868,1.0
DLH41A,EDDF_LFPG,868,868,1.0
DLH7T,EDDM_EDDB,866,866,1.0
RYR4AN,LEIB_LEBL,866,866,1.0
RYR1KN,LEBL_LEPA,866,866,1.0
VLG42SL,LEBL_LEPA,865,865,1.0
NOZ3HC,ESSA_ENGM,864,864,1.0
SWR948D,LSZH_EDDB,863,863,1.0
ITY2036,LIRF_LIML,863,863,1.0
SAS4174,ENZV_ENBR,862,862,1.0
IBE3431,LFPG_LEMD,861,861,1.0
NOZ547,ENZV_ENGM,861,861,1.0
SWT5614,LFBO_LFPG,860,860,1.0
AEA6012,LEPA_LEMD,859,859,1.0
SAS495,ESSA_ENGM,859,859,1.0
IBE31EK,EDDF_LEMD,859,859,1.0
DLH71J,EDDF_LEMD,859,859,1.0
ITY1792,LICJ_LIRF,859,859,1.0
FIN6TA,EETN_EFHK,859,859,1.0
MGH972,EPWA_LTAI,858,858,1.0
NOZ812,ENGM_ESSA,858,858,1.0
IBS3972,LEMD_LEPA,857,857,1.0
VLG68XC,LEBL_LEIB,857,857,1.0
DLH7HW,EDDB_EDDM,857,857,1.0
AFR58RR,LFPG_LFMN,856,856,1.0
LHX1944,EDDM_EDDB,855,855,1.0
IBE30WZ,LEBL_LEMD,855,855,1.0
EWG7GC,EDDH_LEPA,855,855,1.0
AFR37UT,LFPG_EKCH,855,855,1.0
KLM85B,EHAM_LFPG,855,855,1.0
VLG5EW,LEBL_LEMH,854,854,1.0
SAS411,ESSA_EKCH,853,853,1.0
AEA6031,LEMD_LEPA,853,853,1.0
DLH1926,EDDM_EDDB,853,853,1.0
EJU61PG,LEPA_EDDB,852,852,1.0
RUK556,EIDW_EGCC,852,852,1.0
NSZ2602,EFHK_ESSA,852,852,1.0
KLM1411,EHAM_LFPG,852,852,1.0
EIN7GH,LPFR_EIDW,851,851,1.0
RYR74UA,LEBL_LEPA,850,850,1.0
SAS722,ESSA_EFHK,847,847,1.0
NSZ2614,EFHK_ESSA,847,847,1.0
EZY83HR,EGKK_LIRF,847,847,1.0
VLG61PT,LEBL_LEIB,847,847,1.0
SAS4026,ENZV_ENGM,846,846,1.0
RYR2AR,LIRF_LICZ,846,846,1.0
SAS69P,EKCH_LFPG,845,845,1.0
SAS4581,ENBO_ENVA,844,844,1.0
AEA69FK,LEIB_LEMD,844,844,1.0
AFR65NM,LFPG_LFMN,843,843,1.0
NOZ543,ENZV_ENGM,843,843,1.0
DLH1WR,EDDB_EDDF,842,842,1.0
EWG8TL,EDDK_LEPA,841,841,1.0
AEZ418P,LICJ_LIRF,841,841,1.0
AEA90QC,LEPA_LEBL,841,841,1.0
AFR41BN,LGAV_LFPG,841,841,1.0
GWI69J,EDDM_EDDL,841,841,1.0
DLH1FU,EDDB_EDDM,841,841,1.0
EAI54WD,EIDW_EGPH,840,840,1.0
EZY96HA,LEAL_EGCC,840,840,1.0
KLM80B,LEMG_EHAM,840,840,1.0
SAS4038,ENZV_ENGM,839,839,1.0
RYR5DZ,EGCC_EIDW,839,839,1.0
EWG1990,EDDM_LEPA,839,839,1.0
DLH54X,LFPG_EDDM,839,839,1.0
IBE31RF,LEMD_EGLL,838,838,1.0
DLH7N,EDDM_EDDB,838,838,1.0
EAI55YA,EGPH_EIDW,838,838,1.0
VLG8ET,EGKK_LIRF,837,837,1.0
EJU625Y,LIMC_LICZ,836,836,1.0
ITY4LI,LIML_LICZ,836,836,1.0
EZY35NB,LEAL_EGCC,836,836,1.0
EJU8091,EGKK_LEPA,835,835,1.0
IBS3925,LEPA_LEMD,834,834,1.0
EZY52XZ,EGKK_LEMG,834,834,1.0
WUK932R,LPFR_EGKK,834,834,1.0
RYR1ZG,EIDW_EGKK,834,834,1.0
AEZ713P,LICJ_LIRF,833,833,1.0
WMT3ZP,EGKK_LIRF,833,833,1.0
PGT19PK,LTFJ_LTAI,832,832,1.0
RYR3011,LEMD_LEPA,831,831,1.0
SAS269,ENGM_ENBR,831,831,1.0
DLH9FW,EDDM_EDDH,831,831,1.0
NSZ82F,EKCH_EKYT,830,830,1.0
VLG412J,EDDM_LEPA,829,829,1.0
DLH8VM,EDDF_EDDM,829,829,1.0
SAS260,ENBR_ENGM,828,828,1.0
VLG3BJ,LEBL_LEMG,828,828,1.0
IBS3803,LEIB_LEMD,828,828,1.0
DLH9MN,EDDM_EDDL,827,827,1.0
RYR1G,EGPH_EIDW,826,826,1.0
TVF44DP,LFPO_LPPR,826,826,1.0
VLG5HT,LEMD_LEIB,826,826,1.0
DLH1298,EDDF_LTFM,825,825,1.0
SAS4008,ENZV_ENGM,825,825,1.0
IBE3168,LEMD_EGLL,825,825,1.0
SWR7CH,LSGG_LSZH,825,825,1.0
SXS9FR,EDDL_LTAI,824,824,1.0
RYR781Q,LEMD_LPPT,824,824,1.0
AFR95PW,LFBO_LFPG,824,824,1.0
VLG5WE,LIRF_EGKK,823,823,1.0
SAS560,LFPG_EKCH,823,823,1.0
TKJ4CQ,LTFJ_LTFE,822,822,1.0
DLH65K,EDDF_LEMD,821,821,1.0
VLG93EZ,LIRF_LEBL,820,820,1.0
THY6QE,LTFM_LTFE,820,820,1.0
WIF1364,ENBR_ENVA,819,819,1.0
ITY2016,LIRF_LIML,817,817,1.0
SAS4170,ENZV_ENBR,816,816,1.0
EZY45DP,EGKK_LIRF,816,816,1.0
RYR89ZX,LICJ_LIRF,815,815,1.0
NSZ3225,ENGM_EKCH,815,815,1.0
AFR37EL,LFPG_EKCH,814,814,1.0
VLG3FX,LEBL_LIRF,813,813,1.0
VLG8KF,LIMC_LEBL,812,812,1.0
EWG6VG,EDDH_LEPA,811,811,1.0
RYR2WP,EIDW_EGPH,810,810,1.0
EIN26M,EGBB_EIDW,810,810,1.0
AFR1751,EKCH_LFPG,810,810,1.0
NOZ55J,ENBO_ENGM,810,810,1.0
KLM63A,EHAM_ENGM,810,810,1.0
AFR89CK,LFPG_LEMD,809,809,1.0
DLH22P,EDDF_LFPG,808,808,1.0
DLH17X,EDDF_LFPG,808,808,1.0
AFR75BD,LFPO_LFMN,808,808,1.0
AFR87HE,LFPO_LFMN,808,808,1.0
EAI11M,EGCC_EIDW,807,807,1.0
FDX4578,LFPG_EDDM,807,807,1.0
DLH1T,EDDM_EDDB,806,806,1.0
DLH9EM,EDDB_EDDF,806,806,1.0
FIN4YH,EETN_EFHK,805,805,1.0
RYR3JD,LEPA_LEBL,804,804,1.0
AFR95CY,LFPG_LFML,804,804,1.0
ITY1780,LICJ_LIRF,804,804,1.0
AAL9785,EDDF_EGLL,803,803,1.0
AEZ158C,LIRF_LICZ,803,803,1.0
AEA6029,LEMD_LEIB,802,802,1.0
AFR99UD,LFMN_LFPG,801,801,1.0
IBS3916,LEMD_LEPA,799,799,1.0
SAS725,EFHK_ESSA,799,799,1.0
VLG526R,LEBL_LEMG,799,799,1.0
DLH5X,EDDM_EDDB,797,797,1.0
NOZ2UC,ENGM_ENBR,797,797,1.0
TVF82XM,LFPO_LPPT,796,796,1.0
DLH4CH,EDDB_EDDM,796,796,1.0
WMT6GZ,EGKK_LIRF,794,794,1.0
EJU68AW,LFPO_LFMN,794,794,1.0
ITY1727,LIML_LICZ,794,794,1.0
AFR21LN,LFPO_LFMN,794,794,1.0
VLG45KP,LEBL_LEPA,793,793,1.0
AFR57SW,EDDM_LFPG,793,793,1.0
SAS54C,ESSA_EKCH,791,791,1.0
AEA90AM,LEBL_LEPA,791,791,1.0
VLG4EZ,LEBL_LEMG,790,790,1.0
NSZ2615,ESSA_EFHK,790,790,1.0
FHY1403,LTAI_EDDK,790,790,1.0
BCS3317,ENGM_EKCH,789,789,1.0
TAY6SR,LFPG_EDDF,789,789,1.0
ITY1713,LIML_LICZ,789,789,1.0
VLG8ZP,LEBL_LEPA,789,789,1.0
DLH1HP,EDDF_EDDM,788,788,1.0
TRA15Q,LEMG_EHAM,788,788,1.0
SAS1207,EKCH_EKYT,788,788,1.0
AEA6060,LEPA_LEBL,788,788,1.0
NSZ3211,ESSA_EKCH,788,788,1.0
WMT9829,LIML_LICZ,788,788,1.0
ITY1784,LICJ_LIRF,786,786,1.0
VLG42BZ,LEBL_LEMH,785,785,1.0
EZY97ME,EGKK_LEMG,785,785,1.0
RYR2NK,EGBB_EIDW,785,785,1.0
FHY1503,LTAI_EGKK,785,785,1.0
SWR805G,LSGG_LSZH,784,784,1.0
RYR3PJ,EDDK_LEPA,784,784,1.0
RYR2CG,LEPA_EDDB,783,783,1.0
EAI75B,EGBB_EIDW,782,782,1.0
NOZ4RZ,ENGM_ENBO,782,782,1.0
AFR39NB,LFMN_LFPG,782,782,1.0
NSZ8YZ,EKCH_EKYT,782,782,1.0
PGT4ET,LTFJ_LTFE,781,781,1.0
ANE89XK,LEMD_LPPR,779,779,1.0
SAS4152,ENZV_ENBR,779,779,1.0
GWI7CM,EDDL_EDDM,778,778,1.0
NOZ3JE,ENZV_ENBR,778,778,1.0
FIN64N,EETN_EFHK,778,778,1.0
FHY1304,EDDM_LTAI,778,778,1.0
EJU85ZF,LFPO_LPPR,777,777,1.0
EWG597,LEPA_EDDK,777,777,1.0
EJU87MW,LFPO_LFMN,777,777,1.0
DLH8FT,EDDB_EDDF,775,775,1.0
ANE20EP,LEMD_LPPT,775,775,1.0
AFR1445,EHAM_LFPG,775,775,1.0
EIN49D,LPFR_EIDW,775,775,1.0
PGT77FH,LTFJ_LTFE,773,773,1.0
AFR15UE,LFPG_LFML,773,773,1.0
FIN6PH,EETN_EFHK,773,773,1.0
RYR2052,LEPA_LEMD,772,772,1.0
ABR6MC,EDDM_LFPG,772,772,1.0
TRA5140,LEBL_EHAM,770,770,1.0
VLG6109,LIRF_LEBL,770,770,1.0
THY5LL,LTFM_LTAI,770,770,1.0
VLG2117,LEBL_LEMG,769,769,1.0
RYR5HC,LEAL_EGCC,768,768,1.0
FIN9EP,EETN_EFHK,766,766,1.0
ITY071,LEBL_LIRF,765,765,1.0
ITY072,LIRF_LEBL,765,765,1.0
SAS87Y,EKCH_EHAM,765,765,1.0
THY5ZP,EDDF_LTFM,765,765,1.0
AFR47DW,LFMN_LFPO,763,763,1.0
VLG11JT,LEBL_LEMH,763,763,1.0
WIF524,ENZV_ENBR,763,763,1.0
NSZ2NZ,EKCH_EKYT,762,762,1.0
AEA17RA,LEMD_LIMC,762,762,1.0
AFR76JJ,LFPG_LEMD,762,762,1.0
NOZ624,ENGM_ENBR,761,761,1.0
IBS3921,LEPA_LEMD,761,761,1.0
VLG8LG,LEMG_LEBL,761,761,1.0
AFR52TX,EHAM_LFPG,760,760,1.0
EWG2KV,LOWW_EDDB,760,760,1.0
WIF755,ENBO_ENVA,760,760,1.0
SIA308,WSSS_EGLL,759,759,1.0
KLM65M,EHAM_ENGM,759,759,1.0
FDX3,LFPG_EDDF,759,759,1.0
RYR2LL,LICJ_LIRF,759,759,1.0
VLG23KT,LEMG_LEBL,759,759,1.0
SXS4VC,LTAI_EDDK,758,758,1.0
RYR9SN,LEBL_LEMG,758,758,1.0
RYR15ZT,LEMG_LEBL,757,757,1.0
NOZ3HB,ENBO_ENGM,757,757,1.0
SAS236,ENBR_ENGM,756,756,1.0
RYR7541,LEBL_LIMC,756,756,1.0
EWG3G,LEPA_EDDB,756,756,1.0
EJU867Q,LIMC_LICZ,756,756,1.0
TOM273,LTAI_EGKK,755,755,1.0
SAS1225,EKCH_EKYT,755,755,1.0
AFR85KB,LFPG_LFML,755,755,1.0
AFR63RC,LFMN_LFPO,754,754,1.0
BAW43HA,EHAM_EGLL,754,754,1.0
BA923,EIDW_EGKK,754,754,1.0
IBS3923,LEPA_LEMD,754,754,1.0
EXS7DL,LEPA_EGCC,752,752,1.0
GEC8353,EGBB_EIDW,751,751,1.0
AFR1354,LFPG_DAAG,751,751,1.0
AFR22ZX,LFPG_LFML,751,751,1.0
EZY48WQ,LEPA_EGKK,751,751,1.0
SAS409,ESSA_EKCH,751,751,1.0
TRA112R,LEMG_EHAM,751,751,1.0
RYR42SC,EGSS_EIDW,750,750,1.0
TVF599D,LPPT_LFPO,750,750,1.0
EIN499,LPFR_EIDW,750,750,1.0
SAS884,ENGM_ESSA,749,749,1.0
AFR78SQ,EDDF_LFPG,748,748,1.0
VLG1RQ,LEBL_LIRF,747,747,1.0
AFR44DR,LFPG_EKCH,747,747,1.0
TAP1930,LPPT_LPPR,746,746,1.0
SAS91A,ESSA_EKCH,746,746,1.0
NSZ3195,ESSA_EKCH,745,745,1.0
VLG6VP,LEBL_LEPA,744,744,1.0
WIF4C,ENVA_ENBR,744,744,1.0
IBE34TW,LFPG_LEMD,742,742,1.0
VLG3GQ,LEBL_LEPA,742,742,1.0
ANE32ZW,LPPT_LEMD,741,741,1.0
ITY2130,LIRF_LIML,740,740,1.0
AEZ419P,LICJ_LIRF,740,740,1.0
SAS277,ENGM_ENBR,739,739,1.0
NSZ81E,EKYT_EKCH,738,738,1.0
AUA39B,LOWW_EDDB,737,737,1.0
DLH04U,LEPA_EDDM,736,736,1.0
BCS8032,LEBL_LPPT,736,736,1.0
FIN5AZ,EETN_EFHK,736,736,1.0
DTH3532,DAAG_LFPG,735,735,1.0
RYR8DR,EGSS_EIDW,735,735,1.0
VLG76GA,LEBL_LEMH,735,735,1.0
AFR32EP,LFBO_LFPG,735,735,1.0
AFR76MH,LFBO_LFPG,734,734,1.0
TKJ7AK,LCEN_LTFJ,734,734,1.0
AFR27FZ,LFMN_LFPG,733,733,1.0
SWT6RS,LFML_LFPG,733,733,1.0
KLM73Z,EHAM_ENGM,732,732,1.0
AFR18JT,EDDF_LFPG,731,731,1.0
VLG7JN,LIRF_LEBL,730,730,1.0
EJU8542,LPFR_EGKK,729,729,1.0
EJU94XB,LEBL_LPPT,729,729,1.0
BCS460,LIMC_LEBL,729,729,1.0
AEA6048,LEPA_LEMD,729,729,1.0
SAS4552,ENVA_ENBO,728,728,1.0
THY7UD,LTAI_LTFM,727,727,1.0
THY4SD,LTFM_LTAI,727,727,1.0
TAP1920,LPPT_LPPR,727,727,1.0
EJU79BU,EHAM_EGCC,727,727,1.0
THY9KH,LTAI_LTFM,726,726,1.0
ITY2010,LIRF_LIML,726,726,1.0
QFA1,WSSS_EGLL,725,725,1.0
KLM65N,EHAM_ENGM,724,724,1.0
EWG599,LEPA_EDDK,721,721,1.0
SAS9232,ENGM_EKCH,721,721,1.0
WIF5TM,ENVA_ENBO,721,721,1.0
NOZ607,ENBR_ENGM,719,719,1.0
EZY81XQ,EGKK_LPFR,718,718,1.0
NOZ532,ENGM_ENZV,718,718,1.0
RYR68AZ,EGCC_LEPA,717,717,1.0
NOZ9JL,EHAM_ENGM,716,716,1.0
AEA38UH,EDDF_LEMD,716,716,1.0
SHT8Q,EGLL_EGPH,716,716,1.0
RYR19HT,LEMG_LEBL,716,716,1.0
EIN99P,LPFR_EIDW,715,715,1.0
RYR2YK,EIDW_EGKK,715,715,1.0
AFR18YU,LFBO_LFPG,714,714,1.0
FIN5TB,EETN_EFHK,713,713,1.0
THY2FC,LTFM_LTAI,712,712,1.0
EAI65I,EGBB_EIDW,712,712,1.0
SXS1WA,LTAI_EDDL,711,711,1.0
RYR636L,EIDW_EGKK,711,711,1.0
SAS1213,EKCH_EKYT,711,711,1.0
WIF2XF,ENBR_ENVA,710,710,1.0
NSZ3097,EKYT_EKCH,710,710,1.0
AFR95HF,LFBO_LFPG,710,710,1.0
DLH19C,LEPA_EDDM,709,709,1.0
DAH1215,LFPG_DAAG,709,709,1.0
OCN1D,LEPA_EDDM,708,708,1.0
NSZ8FI,EKCH_LFPG,707,707,1.0
KLM35J,EHAM_ENGM,707,707,1.0
EZY38MP,LEAL_EGKK,707,707,1.0
SAS531,ESSA_EGLL,706,706,1.0
TUI46G,LEPA_EDDF,705,705,1.0
NOZ9PL,ENVA_ENGM,705,705,1.0
EZY23DR,LEAL_EGKK,704,704,1.0
AFR7409,LFBO_LFPG,704,704,1.0
RYR9743,LPPT_LEMD,704,704,1.0
NSZ9GY,LFPG_EKCH,704,704,1.0
FPO7AD,LFPG_LEMD,703,703,1.0
AFR1554,LFPG_DAAG,703,703,1.0
AUA233E,LOWW_EDDB,703,703,1.0
DLH61A,EDDM_LFPG,702,702,1.0
VLG9ZL,LEBL_LEPA,701,701,1.0
VLG96JZ,EGKK_LEBL,701,701,1.0
RYR9QC,LEBL_LEPA,701,701,1.0
AFR99CU,LFML_LFPG,700,700,1.0
TVF77HK,LFPO_LEBL,700,700,1.0
SAS4039,ENGM_ENZV,700,700,1.0
THY6XJ,LTAI_LTFM,700,700,1.0
SAS47G,ESSA_EKCH,700,700,1.0
DLH6YR,EDDB_EDDF,700,700,1.0
SAS348,ENGM_ENVA,700,700,1.0
EXS49TA,LEPA_EGCC,699,699,1.0
SHT6T,EGLL_EGPF,699,699,1.0
EWG2581,LEPA_EDDS,699,699,1.0
IBS3912,LEMD_LEPA,699,699,1.0
AFR63EY,EDDM_LFPG,697,697,1.0
VLG97UW,LEIB_LEBL,697,697,1.0
EWG30ZL,LEPA_EDDS,697,697,1.0
NOZ819,ESSA_ENGM,697,697,1.0
AFR47YD,EDDM_LFPG,696,696,1.0
IBE3162,LEMD_EGLL,696,696,1.0
AEA40BN,LEPA_LEMD,696,696,1.0
EWG1WM,LEPA_EDDH,696,696,1.0
TAP1928,LPPT_LPPR,696,696,1.0
BCS212P,LPPT_LPPR,695,695,1.0
DLH5PT,EDDM_EDDL,695,695,1.0
EZY43AR,EGKK_LEPA,695,695,1.0
AFR93ZN,LFPG_LEMD,693,693,1.0
ITY1766,LICJ_LIRF,693,693,1.0
AUA237,LOWW_EDDB,692,692,1.0
EJU12WT,LPPR_LFPO,692,692,1.0
SAS361,ENVA_ENGM,691,691,1.0
EJU89BN,LFMN_LFPO,691,691,1.0
SAS4166,ENZV_ENBR,690,690,1.0
RYR3WN,LEBL_LEMG,690,690,1.0
THY7HR,LTFM_LTAI,688,688,1.0
EAI35EN,EIDW_EGPH,687,687,1.0
RYR82SB,LICJ_LIRF,687,687,1.0
MBU6002,EDDH_EDDM,687,687,1.0
RYR5YE,EGSS_EIDW,687,687,1.0
OCN6LM,EDDF_LEPA,686,686,1.0
SAS7182,EHAM_ENGM,686,686,1.0
IBE30SD,LEBL_LEMD,686,686,1.0
KLM1405,EHAM_LFPG,685,685,1.0
SAS4164,ENBR_ENVA,685,685,1.0
BAW905U,EDDF_EGLL,685,685,1.0
IBE30SC,LEBL_LEMD,684,684,1.0
THY5GW,LTAI_LTFM,683,683,1.0
THY1MD,EDDF_LTFM,683,683,1.0
GEC8346,EDDF_LTFM,683,683,1.0
SWT102,LEPA_LEMD,683,683,1.0
AFR32ZB,LFPG_LFBO,682,682,1.0
EWG8LH,EDDH_LEPA,682,682,1.0
SAS485,ESSA_ENGM,682,682,1.0
TOM9EW,LIRF_EGKK,681,681,1.0
RYR2BF,EIDW_EGKK,680,680,1.0
DLH1304,EDDF_LTFM,680,680,1.0
SAS1215,EKCH_EKYT,680,680,1.0
AUA2GN,LOWW_EDDB,680,680,1.0
CFG3AH,EDDL_LEPA,679,679,1.0
SAS60P,ENGM_ESSA,679,679,1.0
NOZ133,ENZV_ENBR,678,678,1.0
AFR64EN,LFPG_EKCH,678,678,1.0
AFR24JV,EHAM_LFPG,677,677,1.0
WIF745,ENBO_ENVA,677,677,1.0
AFR86AM,LFPG_LFBO,677,677,1.0
WIF26M,ENZV_ENBR,676,676,1.0
AFR79MU,LFBO_LFPG,676,676,1.0
IBE3179,EGLL_LEMD,676,676,1.0
TKJ9HP,LTFJ_LTCG,675,675,1.0
TVF26AR,LPPT_LFPO,675,675,1.0
VLG8UM,LEBL_LEPA,675,675,1.0
ITY2114,LIRF_LIML,675,675,1.0
SVA022,KJFK_EGLL,674,674,1.0
VLG7DU,LEBL_LEPA,674,674,1.0
AEA95PN,EBMB_LEMD,674,674,1.0
AFR74VU,LFPG_LFBO,673,673,1.0
EJU73MR,LSZH_EDDB,673,673,1.0
VLG1AE,LEBL_LEPA,673,673,1.0
EFW9EL,EGKK_LEPA,672,672,1.0
WIF762,ENVA_ENBO,672,672,1.0
GWI56HK,EDDL_EDDM,671,671,1.0
WIF732,ENVA_ENBO,671,671,1.0
SAS350,ENGM_ENVA,671,671,1.0
AEA1065,LEMD_LIMC,671,671,1.0
AFR83EE,LFPG_LFBO,670,670,1.0
NOZ602,ENGM_ENBR,670,670,1.0
VLG645C,LEMD_LEIB,670,670,1.0
BAW777C,ESSA_EGLL,670,670,1.0
BNO91J,ENGM_ENVA,669,669,1.0
VLG22DZ,LEBL_LEMH,669,669,1.0
SWR3HY,LSGG_LSZH,668,668,1.0
IBE31FB,LEMD_EGLL,667,667,1.0
EWG33W,EDDK_LEPA,667,667,1.0
AFR56KE,EDDM_LFPG,667,667,1.0
WIF520,ENZV_ENBR,666,666,1.0
FPO701,LFPG_LFML,665,665,1.0
AEA33ZP,LEBL_LEPA,665,665,1.0
AFR35YD,EKCH_LFPG,664,664,1.0
AUA231A,LOWW_EDDB,664,664,1.0
BCS6761,LEMD_LPPR,664,664,1.0
FIN7WG,WSSS_EGLL,663,663,1.0
AEA93KM,EBMB_LEMD,663,663,1.0
EXS41M,EGCC_LEPA,662,662,1.0
VLG20KR,LEBL_LEPA,661,661,1.0
SHT6Y,EGLL_EGPF,661,661,1.0
SAS527,ESSA_EGLL,660,660,1.0
AFR36RG,LFBO_LFPG,659,659,1.0
IBE3252,LEMD_LIMC,659,659,1.0
ITY1770,LICJ_LIRF,659,659,1.0
EWG1KX,LEPA_EDDS,659,659,1.0
ITY215,EGKK_LIRF,658,658,1.0
DLH85N,EDDF_LEPA,658,658,1.0
TAP1361,EGLL_LPPT,658,658,1.0
AFR34ZG,LFPG_LFBO,658,658,1.0
SXS27W,LTAI_EGKK,658,658,1.0
UAE33T,EGLL_EGPF,657,657,1.0
WIF14K,ENVA_ENBO,657,657,1.0
SAS4176,ENBR_ENVA,656,656,1.0
IBS3924,LEMD_LEPA,656,656,1.0
TRA20B,LEMG_EHAM,656,656,1.0
AFR78HQ,LFPG_LFBO,656,656,1.0
THY3ZW,LTFM_LTAI,655,655,1.0
WIF1PT,ENVA_ENBO,655,655,1.0
SWR968,LSZH_EDDB,654,654,1.0
IBE3112,LEMD_LPPT,653,653,1.0
SHT6C,EGLL_EGPF,653,653,1.0
SAS1556,EHAM_ESSA,653,653,1.0
EWG1FX,LEPA_EDDS,652,652,1.0
AEA45KB,EDDF_LEMD,652,652,1.0
KLM39G,EHAM_ENGM,651,651,1.0
UAE9N,OMDB_LTFM,650,650,1.0
RYR56AL,LEPA_EDDB,650,650,1.0
VLG2112,LEMG_LEBL,650,650,1.0
NOZ544,ENGM_ENZV,650,650,1.0
SWR969,EDDB_LSZH,649,649,1.0
RYR1CF,LEAL_EGCC,649,649,1.0
RYR2YX,LIRF_LICZ,647,647,1.0
RYR5063,LIMC_LICZ,647,647,1.0
EFD6S,LSZH_EHAM,647,647,1.0
SAS707,EFHK_ESSA,645,645,1.0
ITY1788,LICJ_LIRF,645,645,1.0
NOZ536,ENGM_ENZV,644,644,1.0
ANE82WA,LEMD_LPPT,643,643,1.0
SAS55D,ENGM_ENZV,642,642,1.0
NOZ609,ENBR_ENGM,642,642,1.0
AFR87VV,EDDF_LFPG,642,642,1.0
VLG5QE,LEBL_LEIB,641,641,1.0
EJU695D,LIMC_LICZ,640,640,1.0
AUA225S,LOWW_EDDB,638,638,1.0
NOZ540,ENGM_ENZV,638,638,1.0
SAS4194,ENZV_ENBR,637,637,1.0
RYR5LU,LEBL_LEMH,636,636,1.0
NOZ164,ENBR_ENVA,636,636,1.0
EAJ01,LTFJ_LTFE,636,636,1.0
DAH1001,LFPG_DAAG,636,636,1.0
NOZ538,ENGM_ENZV,636,636,1.0
RYR7HW,LIMC_LICZ,636,636,1.0
ITY2028,LIRF_LIML,636,636,1.0
CFE635,EGLC_EHAM,635,635,1.0
DLH201,EDDB_EDDF,635,635,1.0
EWG5CL,EDDK_LEPA,635,635,1.0
THY4BQ,LTAI_LTFM,634,634,1.0
FIN4ZM,EETN_EFHK,634,634,1.0
BAW925,EIDW_EGKK,633,633,1.0
DAH1013,LFPG_DAAG,632,632,1.0
TVF4757,LEBL_LFPO,631,631,1.0
SHT6P,EGLL_EGPF,631,631,1.0
WIF768,ENVA_ENBO,630,630,1.0
RYR5355,LEIB_LEMD,630,630,1.0
AFR28TW,LFMN_LFPO,630,630,1.0
AFR9414,LFPG_LFBO,630,630,1.0
SXS9V,EDDK_LTAI,629,629,1.0
RYR60FJ,EIDW_EGKK,628,628,1.0
THY6EB,LTFM_LTAI,628,628,1.0
EWG89KY,LEPA_EDDS,627,627,1.0
IBE32SH,EBMB_LEMD,627,627,1.0
TKJ2UX,LTFJ_LTFE,627,627,1.0
NSZ3084,EKCH_EKYT,627,627,1.0
FIN5PH,EFHK_EETN,625,625,1.0
PGT4FY,LTFJ_LTAI,625,625,1.0
EWG14P,EDDL_LEPA,624,624,1.0
NSZ3086,EKCH_EKYT,624,624,1.0
SAS55L,ENGM_ENBR,623,623,1.0
RYR82VK,EBMB_LEMD,623,623,1.0
SWT5745,LFPG_LFML,622,622,1.0
FDX6335,EHAM_LFPG,622,622,1.0
EZY87GW,EGKK_LEMG,621,621,1.0
SAS1205,EKCH_EKYT,620,620,1.0
TKJ4YQ,LTFJ_LTAI,620,620,1.0
VLG3KG,LEMG_LEBL,620,620,1.0
IBE31SB,LEMD_LPPT,619,619,1.0
VLG48UM,LEBL_LEMH,619,619,1.0
IBE31DY,EGLL_LEMD,619,619,1.0
THY4TZ,LTFM_LTAI,618,618,1.0
DLH9CT,EDDB_EDDF,616,616,1.0
SHT6G,EGLL_EGPF,616,616,1.0
PGT8BL,LTCG_LTFJ,616,616,1.0
TVF13SJ,LFPO_LPPR,615,615,1.0
CFG746,EDDM_LTAI,615,615,1.0
EFW0RU,LEPA_EGKK,615,615,1.0
PGT12BL,LTFJ_LTAI,614,614,1.0
DLH11F,EDDM_LEPA,614,614,1.0
TVF12TX,LEBL_LFPO,614,614,1.0
BAW32PG,LFPG_EGLL,613,613,1.0
RYR934Q,LICJ_LIRF,613,613,1.0
SAS1203,EKCH_EKYT,613,613,1.0
EJU49KR,LEBL_LPPT,613,613,1.0
TAP3833,LPPT_LPMA,613,613,1.0
HRN714,LEPA_EDDM,612,612,1.0
IBE31TT,LEMD_EGLL,611,611,1.0
EWG9PM,EDDK_LEPA,610,610,1.0
SHT6L,EGLL_EGPF,610,610,1.0
TAP1922,LPPT_LPPR,610,610,1.0
SAS4027,ENGM_ENZV,610,610,1.0
SAS24C,ENGM_ENZV,609,609,1.0
NSZ3080,EKCH_EKYT,609,609,1.0
EJU31AK,LFPG_LFMN,609,609,1.0
AEE110,LGAV_LGTS,608,608,1.0
QTR15A,OMDB_EGLL,607,607,1.0
EZY8140,LEMG_EGKK,607,607,1.0
SXS6LY,EDDK_LTAI,607,607,1.0
SAS1217,EKCH_EKYT,606,606,1.0
GWI9084,EDDL_EDDM,606,606,1.0
IBE31ZW,LEMD_LPPT,606,606,1.0
TUI5PG,EDDF_LEPA,606,606,1.0
NOZ546,ENGM_ENZV,606,606,1.0
AFR19EJ,EKCH_LFPG,605,605,1.0
THY2TP,LTFM_LTAI,605,605,1.0
ABR3LS,LFBO_LFPG,604,604,1.0
EJU68YQ,LFMN_LFPG,603,603,1.0
NOZ525,ENZV_ENGM,603,603,1.0
NOZ824,ENGM_ESSA,601,601,1.0
VLG8VJ,LEMD_LEBL,601,601,1.0
SWT7774,LEIB_LEPA,601,601,1.0
RYR2714,LEAL_EGKK,601,601,1.0
NOZ528,ENGM_ENZV,599,599,1.0
NSZ9RA,EKCH_EKYT,599,599,1.0
EZY35TN,EGKK_LTAI,599,599,1.0
AFR75WH,EHAM_LFPG,598,598,1.0
NSZ3196,EKCH_ESSA,597,597,1.0
BCS41E,EBMB_LEMD,597,597,1.0
EJU5189,EDDB_LSZH,594,594,1.0
AUA23L,LOWW_EDDB,594,594,1.0
TKJ3VH,LTFJ_LTFE,593,593,1.0
SXS6PJ,EDDM_LTAI,593,593,1.0
SXS2ZX,LTAI_EDDL,593,593,1.0
SHT8T,EGLL_EGPH,593,593,1.0
IBS38ZJ,LEMD_LEIB,592,592,1.0
TOM6ND,LPFR_EGKK,592,592,1.0
NOZ802,ENGM_ESSA,591,591,1.0
WMT3EA,LIRF_LEBL,591,591,1.0
EJU85RE,LPPT_LEBL,590,590,1.0
SAS87W,ENGM_EKCH,590,590,1.0
ITY216,LIRF_EGKK,590,590,1.0
RYR36LM,EGSS_EIDW,590,590,1.0
KLM997,EHAM_EGLC,589,589,1.0
EJU56AD,LEBL_LIMC,589,589,1.0
SAS4043,ENGM_ENZV,588,588,1.0
IBE6587,LEMD_SKBO,588,588,1.0
SHT6F,EGLL_EGPF,588,588,1.0
SWR4YY,EDDB_LSZH,588,588,1.0
CCA939,LFPG_LIRF,587,587,1.0
THY3GT,LTAI_LTFM,587,587,1.0
ITY1715,LIML_LICZ,586,586,1.0
KLM1930,LSGG_EHAM,586,586,1.0
TAP36RC,LPPT_LPPR,586,586,1.0
BAW914N,EGLL_EDDF,585,585,1.0
NOZ549,ENZV_ENGM,585,585,1.0
WUK162,LTAI_EGKK,585,585,1.0
DLH2VK,EDDB_EDDF,585,585,1.0
THY66C,LTAI_LTFM,584,584,1.0
IBE6585,LEMD_SKBO,584,584,1.0
TOM71T,LEAL_EGKK,584,584,1.0
SAS533,ESSA_EGLL,584,584,1.0
BAW904N,EGLL_EDDF,584,584,1.0
SAS1202,EKYT_EKCH,582,582,1.0
NSZ5YB,ESSA_EKCH,579,579,1.0
SWT104,LEIB_LEPA,578,578,1.0
SAS369,ENVA_ENGM,578,578,1.0
KLM22B,LSGG_EHAM,577,577,1.0
VLG83MT,LEMG_LEBL,576,576,1.0
EWG6ZR,LEPA_EDDS,576,576,1.0
KLM1936,LSGG_EHAM,575,575,1.0
VLG724A,LEBL_LEMH,574,574,1.0
FIN7KM,EFHK_EETN,573,573,1.0
NOZ524,ENGM_ENZV,572,572,1.0
KLM1928,LSGG_EHAM,571,571,1.0
IBE6590,SKBO_LEMD,571,571,1.0
AUA22N,EDDB_LOWW,570,570,1.0
NJE146G,LFMN_EHAM,569,569,1.0
SXS8YX,EDDK_LTAI,569,569,1.0
GWI30P,EDDM_EDDL,567,567,1.0
DAH1003,LFPG_DAAG,567,567,1.0
SHT6U,EGLL_EGPF,566,566,1.0
TAY9LA,LFPG_LIRF,566,566,1.0
FIN4D,EFHK_EETN,565,565,1.0
RYR6881,LEBL_LEMH,565,565,1.0
SAS4055,ENGM_ENZV,564,564,1.0
ITY1782,LICJ_LIRF,563,563,1.0
EXS4SL,LEAL_EGCC,562,562,1.0
AEA6071,LEBL_LEPA,562,562,1.0
EZY84LT,EGKK_LTAI,562,562,1.0
KLM21U,EHAM_EGLC,561,561,1.0
SHT9F,EGPH_EGLL,561,561,1.0
AFR44HF,LFPG_LFBO,561,561,1.0
EZY27EF,LIRF_EGKK,561,561,1.0
CFG5AL,EDDF_LEPA,560,560,1.0
EWG7RL,EDDM_LEPA,560,560,1.0
EFW61U,LEAL_EGKK,559,559,1.0
RYR9HM,LEMD_LPPR,559,559,1.0
SWT5629,LFPG_LFBO,559,559,1.0
EJU897J,LIMC_LICZ,559,559,1.0
SWR2EY,LSGG_LSZH,559,559,1.0
FIN2D,EFHK_EETN,558,558,1.0
SAS883,ESSA_ENGM,558,558,1.0
EFW34R,EGKK_LEPA,558,558,1.0
SAS821,ENGM_EHAM,557,557,1.0
PTN556P,LSGG_EHAM,557,557,1.0
RYR79ZL,LPFR_EIDW,556,556,1.0
EJU7939,EHAM_EKCH,556,556,1.0
SEK5499,EDDH_EDDM,554,554,1.0
EZY8575,EGKK_LTAI,554,554,1.0
EJU81GY,LFMN_LFPG,554,554,1.0
OCN9CA,LEPA_EDDF,553,553,1.0
RYR823,EIDW_EGPH,553,553,1.0
EDW58T,LSZH_LEPA,553,553,1.0
BCS4MP,LGAV_LCLK,553,553,1.0
DLH3E,EDDH_EDDM,552,552,1.0
SXS5AC,EDDK_LTAI,552,552,1.0
BCS3164,ENZV_ENBR,552,552,1.0
BAW73RP,EGLL_LSGG,551,551,1.0
RYR34PV,EIDW_EGSS,551,551,1.0
DJT105,LFPO_LFMN,550,550,1.0
AFR61HN,LFPG_LFML,550,550,1.0
FIN4EL,EFHK_EETN,550,550,1.0
RYR2JG,EGBB_EIDW,550,550,1.0
VLG8DU,LEBL_LEMH,549,549,1.0
SAS53C,ESSA_EKCH,549,549,1.0
RYR59LE,LEPA_EDDB,548,548,1.0
PGT2824,LTFJ_LTCG,548,548,1.0
NOZ47Y,ENVA_ENGM,548,548,1.0
SHT6M,EGLL_EGPF,548,548,1.0
MGH301,LTAI_EDDL,548,548,1.0
EZY39XA,LEBL_EGKK,547,547,1.0
VLG3706,LEBL_LEMH,545,545,1.0
BAW915U,EDDF_EGLL,545,545,1.0
EJU4854,LFMN_LFPO,545,545,1.0
AEZ413P,LICJ_LIRF,545,545,1.0
AUA223,LOWW_EDDB,544,544,1.0
WIF2H,ENVA_ENBO,544,544,1.0
RYR10UA,EGPH_EIDW,544,544,1.0
VLG5GM,LEMH_LEBL,544,544,1.0
SAS827,ENGM_EHAM,544,544,1.0
DLH77W,LEPA_EDDF,544,544,1.0
SWR2XC,LSGG_LSZH,543,543,1.0
RYR11JC,LEBL_LEPA,543,543,1.0
TRA25M,LEMG_EHAM,542,542,1.0
BAW9279,EIDW_EGLL,542,542,1.0
FDX4678,EDDM_LFPG,542,542,1.0
THY3YP,EGLL_LTFM,541,541,1.0
TAP1934,LPPT_LPPR,541,541,1.0
IBE30BB,LEMD_LEBL,541,541,1.0
DJT104,LFMN_LFPO,541,541,1.0
ALK501,LFPG_EDDF,541,541,1.0
KAL8592,LEMD_EDDF,541,541,1.0
IBE6588,SKBO_LEMD,540,540,1.0
DLH2RK,EDDB_EDDF,539,539,1.0
EJU62EM,EKCH_EHAM,539,539,1.0
AFR77EZ,LFMN_LFPO,539,539,1.0
KLM991,EHAM_EGLC,539,539,1.0
THY1HY,LTFM_LTAI,539,539,1.0
THY4GP,LTAI_LTFM,539,539,1.0
PGT1917,LCEN_LTFJ,538,538,1.0
DLH58Y,EDDF_LEPA,536,536,1.0
SXS9,EDDM_LTAI,536,536,1.0
TAP1924,LPPT_LPPR,536,536,1.0
PGT21DD,LTAI_LTFJ,536,536,1.0
VCJ94U,LEPA_LSZH,536,536,1.0
SAS92Y,ENBR_ENGM,535,535,1.0
EJU78FQ,LPPT_LEBL,535,535,1.0
IBE3097,LPPR_LEMD,535,535,1.0
BCS8341,LEMD_LIMC,534,534,1.0
RYR5CF,LEAL_EGCC,534,534,1.0
FIN27H,EETN_EFHK,533,533,1.0
SEH1HG,LGAV_LGTS,531,531,1.0
UAE52M,EDDM_EDDF,531,531,1.0
CFG9ME,LEPA_EDDL,531,531,1.0
NJE923L,LEBL_EHAM,531,531,1.0
CFE8WH,EGLC_EHAM,530,530,1.0
PGT1925,LCEN_LTFJ,530,530,1.0
KLM1938,LSGG_EHAM,530,530,1.0
TVF31ZQ,LPPR_LFPO,530,530,1.0
SAS262,ENBR_ENGM,529,529,1.0
NOZ1257,EHAM_ENGM,528,528,1.0
EJU8537,EGKK_LPFR,528,528,1.0
EJU49AK,LFPG_LFMN,527,527,1.0
SWR200H,LSGG_LFMN,527,527,1.0
CAI44XQ,LTAI_EDDK,527,527,1.0
CFG4TZ,EDDS_LEPA,526,526,1.0
EFW8XN,EGKK_LEMG,526,526,1.0
EWG17A,LEPA_EDDM,526,526,1.0
IBE3105,LPPT_LEMD,526,526,1.0
ANE58FF,LEIB_LEPA,525,525,1.0
FHY1092,EDDL_LTAI,525,525,1.0
RYR8HR,LEPA_EDDB,525,525,1.0
ITY1776,LICJ_LIRF,524,524,1.0
VLG6XE,LEBL_LEIB,523,523,1.0
RYR972A,EGKK_EIDW,523,523,1.0
VLG36LK,LEMH_LEBL,522,522,1.0
GWI46CP,EDDM_EDDL,522,522,1.0
SAS4049,ENGM_ENZV,521,521,1.0
AEE120,LGAV_LGTS,521,521,1.0
EJU68PE,LFPO_LFMN,521,521,1.0
SAS50B,ENGM_ESSA,520,520,1.0
ANE56PN,LEIB_LEPA,520,520,1.0
BAW127,EGLL_KJFK,520,520,1.0
BAW43M,LEMD_EGLL,519,519,1.0
VLG38AU,LIRF_EGKK,519,519,1.0
SAS4032,ENZV_ENGM,518,518,1.0
TOM5329,LEMG_EGKK,517,517,1.0
GWI9090,EDDL_EDDM,517,517,1.0
EZY37VN,EGKK_LPFR,516,516,1.0
SVA274,LTFM_OMDB,515,515,1.0
SHT8V,EGLL_EGPH,515,515,1.0
NSZ1GT,ESSA_EFHK,515,515,1.0
SAS95K,EKCH_LFPG,514,514,1.0
EZY8091,EGKK_LEPA,514,514,1.0
EJU76ZU,EHAM_EKCH,514,514,1.0
THY1TM,OMDB_LTFM,513,513,1.0
AEA16YR,LEBL_LEPA,513,513,1.0
FHY1452,EDDK_LTAI,512,512,1.0
ITY2037,LIML_LIRF,512,512,1.0
AEE104,LGAV_LGTS,512,512,1.0
NOZ345,ENBO_ENGM,511,511,1.0
VLG3GN,LFPO_LIRF,511,511,1.0
VLG3730,LEBL_LEMH,511,511,1.0
EJU97AF,EKCH_LFPG,511,511,1.0
BAW714T,EGLL_LSZH,510,510,1.0
FHY1366,EDDK_LTAI,509,509,1.0
KLM993,EHAM_EGLC,509,509,1.0
AFR99UA,LEMD_LFPG,509,509,1.0
EZY93XM,LTAI_EGKK,508,508,1.0
SWR2GB,LSZH_LEPA,508,508,1.0
TRA5139,EHAM_LEBL,508,508,1.0
AEE3SW,LGAV_LGTS,507,507,1.0
DLH9FM,EDDM_EDDH,507,507,1.0
GSW1EP,LSZH_LEPA,507,507,1.0
EJU18CQ,LFMN_LFPO,507,507,1.0
SEH1LC,LGAV_LCLK,507,507,1.0
FIN5RG,EFHK_EETN,507,507,1.0
WIF23B,ENVA_ENBO,506,506,1.0
KLM23V,EHAM_ESSA,506,506,1.0
RYR25FW,LEMD_LEPA,506,506,1.0
SWR1EX,LSZH_LEPA,506,506,1.0
AFR1555,DAAG_LFPG,505,505,1.0
EJU52DV,LIMC_LEBL,505,505,1.0
VLG4NX,EHAM_LEMG,505,505,1.0
SXS5AK,EGKK_LTAI,505,505,1.0
BAW780F,EGLL_ESSA,505,505,1.0
FHY1588,EGKK_LTAI,505,505,1.0
EZY91YR,EGCC_LEPA,504,504,1.0
FPO653,LFPG_DAAG,504,504,1.0
SHT7A,EGPF_EGLL,503,503,1.0
WIF2R,ENVA_ENBO,503,503,1.0
CFG9VZ,LEPA_EDDH,502,502,1.0
KLM50X,LSGG_EHAM,502,502,1.0
SWR6MZ,EDDB_LSZH,502,502,1.0
EJU89AL,EGKK_LEPA,502,502,1.0
SXS1EQ,EDDM_LTAI,501,501,1.0
CFG2EC,EDDK_LEPA,501,501,1.0
PGT22YY,LTFJ_LTCG,501,501,1.0
SXS7MN,EDDM_LTAI,501,501,1.0
EZY67GC,EHAM_EGCC,501,501,1.0
EZY65GJ,EGCC_LTAI,500,500,1.0
PGT9GR,LTAI_LTFJ,500,500,1.0
EJU4853,LFPO_LFMN,500,500,1.0
SAS85G,ENGM_ENZV,499,499,1.0
EXS22G,LEAL_EGCC,499,499,1.0
FHY1504,EGKK_LTAI,499,499,1.0
ABR2LS,LFPG_LFBO,499,499,1.0
THY2JB,LTFM_LTAI,498,498,1.0
AFR86HE,LFPO_LFMN,497,497,1.0
MDF032,LGAV_LGTS,497,497,1.0
RYR1299,LGAV_LIRF,497,497,1.0
IBE30PR,LEMD_LEBL,497,497,1.0
IBE30WW,LEMD_LPPR,497,497,1.0
EZY8538,LPFR_EGKK,494,494,1.0
TAY6CA,LGAV_LCLK,494,494,1.0
ANE8519,LEIB_LEPA,494,494,1.0
FIN5PD,EFHK_EETN,493,493,1.0
TVF47TT,LFPO_LPPR,493,493,1.0
KLM23A,EHAM_ESSA,493,493,1.0
DLH4AW,EDDF_EDDH,493,493,1.0
EXS8FW,EGCC_LEPA,492,492,1.0
FYG24V,LEPA_EDDF,492,492,1.0
AFR49ZZ,EKCH_LFPG,492,492,1.0
CFG1DK,EDDL_LEPA,492,492,1.0
OCN46R,EDDF_LEPA,492,492,1.0
DLH5E,EDDH_EDDM,492,492,1.0
UAE58Y,OMDB_LTFM,491,491,1.0
NSZ8WM,EKCH_EKYT,491,491,1.0
NSZ3539,EHAM_EKCH,490,490,1.0
TAP1926,LPPT_LPPR,489,489,1.0
EJU13HF,LPPT_LPMA,488,488,1.0
BCS6731,EHAM_EGLL,488,488,1.0
NOZ526,ENGM_ENZV,488,488,1.0
DLH02Y,EDDM_LFPG,487,487,1.0
TKJ7JX,LTFJ_LTCG,487,487,1.0
VLG8DV,LEBL_LEMH,486,486,1.0
SAS336,ENGM_ENVA,485,485,1.0
TKJ4DJ,LCEN_LTFJ,485,485,1.0
AEA6037,LEBL_LEPA,485,485,1.0
PGT15QB,LTAI_LTFJ,485,485,1.0
EZS67AJ,LSGG_LFMN,484,484,1.0
WZZ187,LGAV_LCLK,483,483,1.0
EIN1LM,EIDW_EGLL,483,483,1.0
AEE136,LGAV_LGTS,483,483,1.0
EZY8210,LIRF_EGKK,482,482,1.0
OCN4H,LEPA_EDDF,482,482,1.0
KLM77D,EHAM_ESSA,482,482,1.0
SWR2YA,LSGG_LSZH,481,481,1.0
WUK2EM,EGKK_LTAI,481,481,1.0
PGT2,LTFJ_LTAI,481,481,1.0
CES709,LFPG_LEMD,481,481,1.0
FIN1YR,EFHK_EETN,481,481,1.0
FHY1371,LTAI_EDDK,481,481,1.0
FDB756,LTFM_OMDB,481,481,1.0
SEH2HG,LGAV_LGTS,480,480,1.0
NOZ8EQ,ESSA_ENGM,480,480,1.0
EFW88X,EGKK_LEMG,480,480,1.0
CFG4HM,EDDL_LEPA,480,480,1.0
VLG8371,LEMG_EHAM,479,479,1.0
CFG3DL,LEPA_EDDH,479,479,1.0
VLG3711,LEMH_LEBL,479,479,1.0
RYR2179,LIMC_LICZ,478,478,1.0
EAI37RG,EGPH_EIDW,478,478,1.0
TKJ7NS,LTAI_LTFJ,478,478,1.0
EJU56QN,LEPA_EDDB,477,477,1.0
EWG8595,LEPA_EDDB,477,477,1.0
AAL134P,KLAX_EGLL,477,477,1.0
AFR1455,DAAG_LFPG,476,476,1.0
AEE6TY,LGAV_LGTS,474,474,1.0
RYR5GR,EGCC_LEPA,473,473,1.0
EZS28QZ,LSGG_LFMN,472,472,1.0
SAS58A,ENVA_ENBR,472,472,1.0
TVF7611,LPPR_LFPO,472,472,1.0
SAS257,ENGM_ENBR,471,471,1.0
MSA79F,LIRF_LICZ,470,470,1.0
SWR2ZY,LSZH_LEPA,470,470,1.0
AUA230,EDDB_LOWW,469,469,1.0
DTH3001,LFPG_DAAG,469,469,1.0
OCN3NF,EDDM_LEPA,469,469,1.0
KLM25Y,EHAM_EGLC,468,468,1.0
IBE3109,LPPT_LEMD,468,468,1.0
CAI2NA,LTAI_EDDL,468,468,1.0
EWG77GW,EDDS_LEPA,468,468,1.0
SWR6MW,EDDB_LSZH,468,468,1.0
RYR7ED,LIMC_LICZ,467,467,1.0
SAS532,EGLL_ESSA,467,467,1.0
EIN58P,LEMG_EIDW,467,467,1.0
ORO1042,LEIB_LEBL,467,467,1.0
SAS54B,ENGM_ENVA,467,467,1.0
SVA275,OMDB_LTFM,467,467,1.0
IBE31SP,LEMD_EGLL,466,466,1.0
DLH82W,EDDF_LEPA,466,466,1.0
CAZ103,LEMG_EHAM,466,466,1.0
FIN4LB,EFHK_EETN,465,465,1.0
EJU8532,LPFR_EGKK,465,465,1.0
DTH3003,LFPG_DAAG,465,465,1.0
NSZ3637,LFPG_EKCH,465,465,1.0
PGT2264,LTFJ_LTFE,464,464,1.0
CFE19F,EHAM_EGLC,464,464,1.0
FDX36,EDDF_LFPG,464,464,1.0
SAS341,ENVA_ENGM,464,464,1.0
PGT7XF,LTFJ_LTAI,464,464,1.0
SAS4196,ENBR_ENVA,464,464,1.0
KLM995,EHAM_EGLC,464,464,1.0
THY2NT,OMDB_LTFM,463,463,1.0
TOM8DA,LEPA_EGKK,463,463,1.0
VJT467,EHAM_LFMN,463,463,1.0
SHT7U,EGPF_EGLL,463,463,1.0
AUA2BE,EDDB_LOWW,462,462,1.0
SWR9TG,LSZH_LSGG,462,462,1.0
EWG82UB,LSZH_LEPA,462,462,1.0
TRA5960,LPPT_EHAM,462,462,1.0
EZY57PJ,EGCC_EHAM,461,461,1.0
BAW3FP,EGLL_LFPG,461,461,1.0
SRR6645,LPPT_LPPR,461,461,1.0
TKJ1NV,LTCG_LTFJ,460,460,1.0
WIF703,ENBO_ENVA,460,460,1.0
SAS351,ENVA_ENGM,460,460,1.0
EZY56KC,EGCC_LEMG,460,460,1.0
TAH1103,LTAI_EDDK,459,459,1.0
EWG6HA,EDDH_LEPA,459,459,1.0
BAW778F,EGLL_ESSA,459,459,1.0
SAS847,ESSA_ENGM,459,459,1.0
TRA1G,LEMG_EHAM,459,459,1.0
TUI9LA,LEPA_EDDS,458,458,1.0
AFR31AM,LEMD_LFPG,458,458,1.0
BAW4GS,EGLL_LEBL,458,458,1.0
VLG3PG,EHAM_LEMG,457,457,1.0
EJU34DB,EGCC_LEMG,457,457,1.0
CFG6CE,LEPA_EDDL,457,457,1.0
VLG8FC,LEBL_LEMG,456,456,1.0
RYR8968,LEBL_LEMH,456,456,1.0
RYR75SN,EGKK_EIDW,456,456,1.0
IBE31ZZ,LEMD_EGLL,455,455,1.0
ITY1774,LICJ_LIRF,455,455,1.0
THY5HK,OMDB_LTFM,455,455,1.0
AFR53SM,EKCH_LFPG,454,454,1.0
VLG8470,LEAL_EGKK,454,454,1.0
IBE30KE,LEMD_LEBL,454,454,1.0
QAF3,KLAX_EGLL,454,454,1.0
VLG5HY,LEBL_LEMD,454,454,1.0
CFG3MV,LEPA_EDDL,453,453,1.0
RYR83DQ,EGKK_EIDW,453,453,1.0
VLG6FZ,LEMH_LEBL,453,453,1.0
BAW781C,ESSA_EGLL,453,453,1.0
EZY15MP,LEBL_EGKK,453,453,1.0
CFG5LY,LEPA_EDDF,451,451,1.0
TKJ8QZ,LTFJ_LTAI,451,451,1.0
NJE401E,EHAM_ESSA,451,451,1.0
SHT8L,EGLL_EGPH,450,450,1.0
SWT7775,LEPA_LEIB,450,450,1.0
THY4KB,LTFM_LTAI,449,449,1.0
THY60Q,EDDF_LTFM,448,448,1.0
CAI9059,LTAI_EDDK,448,448,1.0
RYR2495,LEBL_LEPA,447,447,1.0
SWR3KX,LEPA_LSZH,447,447,1.0
NJE366B,LEPA_EDDB,447,447,1.0
QTR703,LFPG_KJFK,447,447,1.0
SAS1421,ESSA_EKCH,447,447,1.0
XRO1034,EHAM_LFMN,447,447,1.0
EZY67HA,LTAI_EGKK,447,447,1.0
NOZ57W,ENVA_ENGM,446,446,1.0
FDB74U,OMDB_LTFM,446,446,1.0
IBE31ZA,LEMD_EGLL,445,445,1.0
EWG2588,EDDS_LEPA,445,445,1.0
AFR7540,LFPO_DAAG,445,445,1.0
EWG54D,LEPA_EDDH,445,445,1.0
PGT94RD,LTAI_LTFJ,444,444,1.0
TVF508C,LPPR_LFPO,444,444,1.0
SWR5129,EHAM_LSZH,444,444,1.0
TKJ3ZH,LTCG_LTFJ,444,444,1.0
AAL9601,KJFK_EGLL,444,444,1.0
WMT8465,LIRF_EGKK,444,444,1.0
RYR23DG,LPFR_EIDW,444,444,1.0
RZO513,LFPG_KJFK,443,443,1.0
GWI1TA,EDDM_EDDL,443,443,1.0
VLG2QX,LSZH_LEPA,442,442,1.0
PGT5AR,EDDM_LTAI,441,441,1.0
DLH2LX,EDDM_EDDH,441,441,1.0
TKJ5SY,LTFJ_LTCG,441,441,1.0
EIN58K,LEMG_EIDW,441,441,1.0
BNO92J,ENVA_ENGM,440,440,1.0
PGT55UP,LTFJ_LTAI,440,440,1.0
CFG9LD,LEPA_EDDF,440,440,1.0
AUA2TU,EDDB_LOWW,439,439,1.0
ANE57QH,LEIB_LEPA,439,439,1.0
RYR3ZW,LPFR_EIDW,439,439,1.0
EZY8092,LEPA_EGKK,438,438,1.0
AEE90C,LGAV_LCLK,438,438,1.0
SWR3ZK,LSZH_LSGG,438,438,1.0
DUB8,EGSS_EIDW,438,438,1.0
EWG39A,EDDS_LEPA,438,438,1.0
KLM1225,EHAM_ESSA,437,437,1.0
TKJ5NF,LTCG_LTFJ,437,437,1.0
SEH3LC,LGAV_LCLK,437,437,1.0
SAS462,EKCH_ENGM,437,437,1.0
NOZ66Y,ENGM_ENVA,437,437,1.0
TOM3GX,LPFR_EGKK,436,436,1.0
DTH3002,DAAG_LFPG,436,436,1.0
THY5DT,LTFM_LTAI,435,435,1.0
EJU7940,EKCH_EHAM,435,435,1.0
PGT1TW,LTFJ_LTCG,435,435,1.0
IBE31TM,EGLL_LEMD,433,433,1.0
RYR8137,LEIB_LEBL,433,433,1.0
IBE6589,LEMD_SKBO,432,432,1.0
SWT5RS,LFPG_LFML,432,432,1.0
CFG6PK,LEPA_EDDF,432,432,1.0
FIN5Y,EFHK_EETN,432,432,1.0
IBE6586,SKBO_LEMD,432,432,1.0
AUA3TG,EDDB_LOWW,431,431,1.0
UAE118,LTFM_OMDB,431,431,1.0
THY4QJ,EDDF_LTFM,431,431,1.0
EJU98RK,LFMN_EHAM,430,430,1.0
AIC128,EGLL_KJFK,429,429,1.0
TAY9IX,LFPG_EKCH,429,429,1.0
NOZ342,ENGM_ENBO,429,429,1.0
SAS51N,EGLL_ESSA,429,429,1.0
NSZ2FU,EFHK_ESSA,429,429,1.0
THY8CB,EDDF_LTFM,429,429,1.0
RYR931K,EGKK_EIDW,428,428,1.0
EWG8MM,EDDS_LEPA,428,428,1.0
CFG8LD,EDDL_LEPA,427,427,1.0
FHY1404,EDDK_LTAI,427,427,1.0
KLM68N,LFMN_EHAM,427,427,1.0
SAS4172,ENZV_ENBR,427,427,1.0
WZZ6315,LIMC_LEBL,426,426,1.0
KLM977,EHAM_EGLC,426,426,1.0
EZY9003,LEMG_EGKK,426,426,1.0
EJU9040,LEBL_LIMC,426,426,1.0
VLG3715,LEMH_LEBL,426,426,1.0
SWR8WK,LSGG_LSZH,425,425,1.0
AUA34F,EHAM_LOWW,425,425,1.0
EZY36AG,EGKK_LEAL,424,424,1.0
THY2GD,LTAI_LTFM,424,424,1.0
PGT1927,LCEN_LTFJ,424,424,1.0
EFW2795,LTAI_EGKK,424,424,1.0
RYR1TX,LEPA_EGCC,424,424,1.0
VLG915R,LIRF_EGKK,423,423,1.0
RYR60WG,EGKK_EIDW,423,423,1.0
RYR76TX,EGKK_EIDW,422,422,1.0
GEC8355,ESSA_EFHK,422,422,1.0
CAO3136,LFPG_LEMD,422,422,1.0
RYR387,LPPT_LPMA,422,422,1.0
BAW3KG,EGLL_EHAM,421,421,1.0
BAW779C,ESSA_EGLL,419,419,1.0
SAS44K,ESSA_EFHK,419,419,1.0
BCS7750,LGAV_LGTS,419,419,1.0
CXI11FQ,LEPA_EDDL,418,418,1.0
CFG6AF,EDDL_LEPA,418,418,1.0
KAC118,KJFK_EGLL,418,418,1.0
PHGHZ,LFMN_EHAM,418,418,1.0
PGT1921,LCEN_LTFJ,418,418,1.0
BAW783C,ESSA_EGLL,417,417,1.0
VLG4UQ,LEMH_LEBL,417,417,1.0
KAL504,EGLL_LFPG,417,417,1.0
EWG23A,LEPA_EDDK,417,417,1.0
GFM5X,LEMG_EIDW,417,417,1.0
NJE956L,EDDK_LEPA,416,416,1.0
WIF12A,ENBO_ENVA,416,416,1.0
VLG4YT,LEBL_LIRF,416,416,1.0
EJU34UK,LPPT_LPMA,415,415,1.0
RYR3012,LEPA_LEMD,415,415,1.0
FHY1494,EDDK_LTAI,414,414,1.0
EZY2021,EGCC_LEPA,414,414,1.0
SWR979E,EDDB_LSZH,413,413,1.0
SHT6J,EGLL_EGPF,413,413,1.0
CFG2PL,LEPA_EDDL,413,413,1.0
THY3121,EDDM_LTAI,413,413,1.0
EWG87AF,EDDS_LEPA,413,413,1.0
CYP313,LGAV_LCLK,413,413,1.0
CFG5HC,EDDH_LEPA,412,412,1.0
CFG5HV,EDDF_LEPA,412,412,1.0
AFR61SE,LFPG_LFML,412,412,1.0
BCS13G,EDDF_EGLL,411,411,1.0
EWG3NB,EDDB_LOWW,411,411,1.0
EJU39NZ,EDDB_LEPA,410,410,1.0
CFG8KV,LEPA_EDDH,410,410,1.0
EWG6MX,EDDB_LSZH,410,410,1.0
ANE32KL,LEPA_LEIB,410,410,1.0
NOZ803,ESSA_ENGM,410,410,1.0
SWT7880,LEPA_LEIB,409,409,1.0
RYR4QA,LICJ_LIRF,409,409,1.0
WIF6EF,ENZV_ENBR,409,409,1.0
QTR79B,LFPG_EDDF,409,409,1.0
EZY95NF,EGKK_LEAL,409,409,1.0
BRU785,LTAI_LTFM,407,407,1.0
EJU53MB,LEPA_EDDB,407,407,1.0
EWG5N,LEPA_EDDB,407,407,1.0
THY24V,OMDB_LTFM,407,407,1.0
CFG9FE,LEPA_EDDM,406,406,1.0
BAW49TA,LEBL_EGLL,406,406,1.0
KLM26H,LFMN_EHAM,406,406,1.0
AEA62SG,LEMD_LIMC,406,406,1.0
EWG7HP,LEPA_EDDH,406,406,1.0
SAS1221,EKCH_EKYT,406,406,1.0
FDX5202,EGSS_EIDW,406,406,1.0
AFR7638,LFPO_DAAG,405,405,1.0
EJU36KR,LEMG_EHAM,405,405,1.0
NOZ58U,ENGM_EHAM,404,404,1.0
WIF4ET,ENBO_ENVA,404,404,1.0
VLG3525,LEIB_LEBL,403,403,1.0
EIN93T,LPFR_EIDW,403,403,1.0
SAS38M,EGLL_ESSA,403,403,1.0
EJU96PJ,LFPO_LIRF,403,403,1.0
RYR1AB,EIDW_EGCC,403,403,1.0
EJU8538,LPFR_EGKK,403,403,1.0
SEH650,LGAV_LGTS,403,403,1.0
CFG5KA,LEPA_EDDF,403,403,1.0
NSZ6MP,EKCH_EKYT,402,402,1.0
EIN585,LEMG_EIDW,402,402,1.0
THY3DY,LTAI_LTFM,402,402,1.0
SAS528,EGLL_ESSA,402,402,1.0
VLG6024,EGKK_LEAL,401,401,1.0
CFG7PC,EDDF_LEPA,401,401,1.0
GWI1KJ,EDDM_EDDL,401,401,1.0
EZY84EP,LIRF_EGKK,400,400,1.0
NOZ88A,ENGM_ENVA,400,400,1.0
EWG64R,EDDB_LSZH,400,400,1.0
EDW245Z,LEPA_LSZH,400,400,1.0
VJT426,EHAM_LFMN,400,400,1.0
ITY1778,LICJ_LIRF,399,399,1.0
CFG1KV,LEPA_EDDH,398,398,1.0
SWR6TP,LSZH_EHAM,398,398,1.0
TKJ4HE,LTFJ_LTAI,398,398,1.0
BAW786F,EGLL_ESSA,398,398,1.0
TOM30X,LEAL_EGCC,398,398,1.0
CFG8MV,LEPA_EDDH,397,397,1.0
TOM5BT,LEMG_EGKK,397,397,1.0
SWR30M,EDDB_LSZH,397,397,1.0
TAP93L,LPPT_LPMA,396,396,1.0
CFG6VM,LEPA_EDDL,396,396,1.0
CAI2QC,EDDL_LTAI,396,396,1.0
CFG4FA,LEPA_EDDM,396,396,1.0
CFE6CP,EHAM_EGLC,396,396,1.0
VLG54SN,LFPO_LIRF,395,395,1.0
CFG2ZX,EDDL_LEPA,395,395,1.0
NJE417C,LFMN_EHAM,395,395,1.0
WMT506,LIRF_EGKK,395,395,1.0
SAS705,EFHK_ESSA,395,395,1.0
CFG3WZ,EDDK_LEPA,394,394,1.0
AEE91C,LGAV_LCLK,394,394,1.0
DHX713,LTFM_OMDB,394,394,1.0
RYR18YZ,EGCC_EIDW,393,393,1.0
EFW2794,EGKK_LTAI,393,393,1.0
ANE21KP,LEIB_LEPA,392,392,1.0
AEE908,LGAV_LCLK,391,391,1.0
AUA2JA,EDDB_LOWW,391,391,1.0
CFG6YZ,LEPA_EDDM,390,390,1.0
EZY75KM,EGCC_LEMG,389,389,1.0
IBE30AL,LEBL_LEMD,389,389,1.0
CFG7VC,LEPA_EDDK,389,389,1.0
AEE4016,LGAV_LFPG,389,389,1.0
CFG2AE,EDDH_LEPA,388,388,1.0
EZY16ER,EGKK_LEPA,388,388,1.0
SWR2TZ,LSZH_LEPA,388,388,1.0
PGT21A,LTAI_EDDL,387,387,1.0
EXS23ML,LEPA_EGCC,387,387,1.0
EZY9005,EGKK_LIRF,387,387,1.0
TKJ6WA,LCEN_LTFJ,387,387,1.0
VLG9LC,LEMH_LEBL,386,386,1.0
SWR96B,LSZH_LSGG,386,386,1.0
CFG7DW,LEPA_EDDF,386,386,1.0
EWG2NY,LOWW_EDDB,386,386,1.0
IBE3165,EGLL_LEMD,386,386,1.0
SAS362,ENGM_ENVA,385,385,1.0
VLG3505,LEIB_LEBL,385,385,1.0
SWR4TH,LSZH_LSGG,383,383,1.0
PGT1913,LCEN_LTFJ,383,383,1.0
PGC36Z,LSGG_EHAM,383,383,1.0
SAS72C,EHAM_ESSA,383,383,1.0
FHY1372,EDDK_LTAI,382,382,1.0
RYR143,EGKK_EIDW,382,382,1.0
EZY47EK,LPFR_EGKK,382,382,1.0
KLM24E,LFMN_EHAM,382,382,1.0
TVF93TP,LFPO_LPPR,382,382,1.0
CFG5FL,LEPA_EDDH,381,381,1.0
VLG4QW,LEMH_LEBL,381,381,1.0
EZY45NU,EGKK_LEBL,380,380,1.0
EJU19KA,EHAM_LFMN,380,380,1.0
EWG15UW,EDDS_LEPA,380,380,1.0
NOZ550,ENGM_ENZV,380,380,1.0
TOM8HN,EGKK_LEPA,379,379,1.0
RYR822,EGPH_EIDW,379,379,1.0
NOS8093,LIRF_LICZ,379,379,1.0
AOJ69Y,EGSS_EIDW,379,379,1.0
EXS13C,EGCC_LEPA,379,379,1.0
NJE637E,LEMG_EIDW,378,378,1.0
PGT3KZ,LTFJ_LTAI,377,377,1.0
RYR6882,LEMH_LEBL,376,376,1.0
SAS534,EGLL_ESSA,376,376,1.0
SAS53E,ENZV_ENGM,375,375,1.0
ITY1712,LICZ_LIRF,374,374,1.0
CND254P,EHAM_LPPT,374,374,1.0
NOS8001,LIRF_LICZ,373,373,1.0
CAI9062,EDDL_LTAI,373,373,1.0
CFG1TP,EDDH_LEPA,372,372,1.0
RYR230D,LEBL_LEMG,372,372,1.0
RYR583D,LICZ_LIRF,371,371,1.0
SAS375,ENVA_ENGM,371,371,1.0
EWG8592,EDDB_LEPA,371,371,1.0
WMT6XZ,LFPO_LIRF,371,371,1.0
PGT47UF,LTCG_LTFJ,371,371,1.0
MSA95F,LIRF_LICZ,370,370,1.0
EJU32YD,EGKK_LEMG,370,370,1.0
ANE75SM,LEPA_LEIB,370,370,1.0
VLG9SC,LEMG_LEBL,369,369,1.0
CFG3LK,EDDL_LEPA,369,369,1.0
TKJ9QV,LTAI_LTFJ,369,369,1.0
BAW9278,EDDM_EGLL,368,368,1.0
CFG3ZW,LEPA_EDDM,368,368,1.0
CAI9060,EDDK_LTAI,368,368,1.0
CFG2MW,LEPA_EDDF,367,367,1.0
ANE19PQ,LEIB_LEPA,367,367,1.0
CFG8XD,EDDL_LEPA,367,367,1.0
SIA322,WSSS_EGLL,366,366,1.0
CFE584,EGLC_EHAM,366,366,1.0
SAS711,EFHK_ESSA,366,366,1.0
CFE88C,EHAM_EGLC,365,365,1.0
EZY18HW,LEPA_EGCC,365,365,1.0
NOZ9WB,ENVA_ENBR,364,364,1.0
SWT7770,LEIB_LEPA,364,364,1.0
PGT3YH,LTFJ_LTAI,364,364,1.0
EWG5EW,EDDB_LEPA,363,363,1.0
VJA552,LFMN_EHAM,362,362,1.0
VJH738,EHAM_LSZH,362,362,1.0
IBE31BB,EGLL_LEMD,362,362,1.0
EJU52VU,LFPO_LIRF,362,362,1.0
THY9LG,LTFM_OMDB,362,362,1.0
BCS209,LFPG_EDDF,361,361,1.0
DLH2TV,EDDH_EDDF,361,361,1.0
KLM56G,ENGM_EHAM,361,361,1.0
RYR3KH,LICZ_LIRF,360,360,1.0
PGT74HF,LTFJ_LTAI,360,360,1.0
CFG1TK,LEPA_EDDL,360,360,1.0
RYR8TC,LEMG_EIDW,360,360,1.0
EZY19FH,EGKK_LEAL,360,360,1.0
EWG8581,LEPA_EDDB,360,360,1.0
AEE4K,LGAV_LGTS,360,360,1.0
EJU79KH,LIMC_LICZ,359,359,1.0
AUA238,EDDB_LOWW,359,359,1.0
ANE15WT,LEPA_LEIB,358,358,1.0
CFG2AT,EDDL_LEPA,358,358,1.0
ANE57FL,LEPA_LEIB,358,358,1.0
DCLIK,LSGG_EHAM,358,358,1.0
VLG8NW,EHAM_LEMG,357,357,1.0
PGT50PM,LTCG_LTFJ,357,357,1.0
CFG1848,EDDL_LEPA,357,357,1.0
IBE33BH,LIRF_LEMD,356,356,1.0
EJU38UZ,LEBL_LIMC,356,356,1.0
EJU9048,LEBL_EHAM,355,355,1.0
SVW22CO,EHAM_LFMN,355,355,1.0
DAH1012,DAAG_LFPG,355,355,1.0
BAW922,EGKK_EIDW,355,355,1.0
DAH1005,LFPO_DAAG,355,355,1.0
KLM1206,ENGM_EHAM,355,355,1.0
TOM7GA,LEMG_EGKK,355,355,1.0
NOZ825,ESSA_ENGM,354,354,1.0
CFG6YV,EDDL_LEPA,354,354,1.0
TRA584J,LFMN_EHAM,354,354,1.0
SRN396,ENBO_ENGM,354,354,1.0
VJT440,EHAM_LSZH,353,353,1.0
TAH3103,LTAI_EDDK,353,353,1.0
TAY2IX,EKCH_LFPG,352,352,1.0
BAW465M,LEMD_EGLL,352,352,1.0
PTN999H,LSZH_EHAM,352,352,1.0
ITY1730,LICZ_LIRF,351,351,1.0
ITY1789,LIRF_LICJ,351,351,1.0
THY1160,EGKK_LTAI,351,351,1.0
FHY1091,LTAI_EDDL,351,351,1.0
EJU592R,LIMC_LICZ,351,351,1.0
SAS702,ESSA_EFHK,350,350,1.0
EZY6567,EGKK_LEMG,350,350,1.0
EWG8750,EDDB_LOWW,350,350,1.0
CFG8PT,LEPA_EDDF,350,350,1.0
EJU14CG,LEPA_EDDB,350,350,1.0
AAR775,LOWW_EDDF,349,349,1.0
AUA234B,EDDB_LOWW,349,349,1.0
AFR7604,LFPO_DAAG,349,349,1.0
ANE52AR,LEPA_LEIB,349,349,1.0
CFG2KL,LEPA_EDDF,349,349,1.0
VLG4ZR,LEBL_LFPO,349,349,1.0
EJU74AD,LFPG_EKCH,349,349,1.0
SEH7LC,LGAV_LCLK,348,348,1.0
BCS72E,LEMD_EHAM,348,348,1.0
CFG3AP,LEPA_EDDL,348,348,1.0
RYR7510,LEMH_LEBL,348,348,1.0
GFA044,LTFM_OMDB,348,348,1.0
EZY63FA,EGKK_LEAL,347,347,1.0
KAC108,EGLL_EDDF,347,347,1.0
RYR85GQ,LIRF_LICJ,347,347,1.0
ITY1795,LIRF_LICJ,346,346,1.0
THY3GM,LTFM_LTAI,345,345,1.0
EWG7TJ,LEPA_EDDL,345,345,1.0
AFR76ZT,LFMN_LFPO,345,345,1.0
TRA951M,EHAM_LPPT,345,345,1.0
RYR9BR,LEMG_EIDW,345,345,1.0
GAC318H,LSZH_LEPA,344,344,1.0
SAS60J,ESSA_EGLL,343,343,1.0
EZY62EZ,LEAL_EGKK,343,343,1.0
ETI52V,ENZV_ENGM,343,343,1.0
EFD3T,LEPA_EDDL,342,342,1.0
RYR74RA,LIRF_LICJ,342,342,1.0
AEZ141W,LIRF_LICJ,342,342,1.0
EWG8593,LEPA_EDDB,341,341,1.0
EJU15YE,LFPG_EKCH,341,341,1.0
AFR84CR,LEMD_LFPG,341,341,1.0
PGT84D,LTAI_LTFJ,341,341,1.0
SWR4PQ,LSZH_LSGG,340,340,1.0
OCN3PA,LEPA_EDDF,340,340,1.0
EJU3785,LIMC_LEBL,339,339,1.0
RYR9WH,LICZ_LIRF,339,339,1.0
NOZ522,ENGM_ENZV,339,339,1.0
EZY71AF,EGKK_LIRF,339,339,1.0
FHY1383,LTAI_EDDK,339,339,1.0
EWG27ZJ,LEPA_EDDB,339,339,1.0
EJU34NL,EGCC_LEPA,338,338,1.0
JPV148,LEPA_LSZH,338,338,1.0
EWG9CM,EDDL_LEPA,338,338,1.0
PGT28NN,LTCG_LTFJ,337,337,1.0
KLM1515,EHAM_LEBL,337,337,1.0
CFG6DV,LEPA_EDDS,337,337,1.0
CTM1306,EIDW_EHAM,337,337,1.0
SAS1558,EHAM_ESSA,337,337,1.0
PGT1931,LCEN_LTFJ,336,336,1.0
ITY1767,LIRF_LICJ,336,336,1.0
RYR3VH,LICJ_LIRF,335,335,1.0
CFG7EX,LEPA_EDDM,335,335,1.0
KLM23H,LFMN_EHAM,335,335,1.0
ITY8007,LIML_LIRF,335,335,1.0
SEH3HG,LGAV_LGTS,334,334,1.0
KLM1548,LEMG_EHAM,334,334,1.0
RYR4929,LIRF_LICZ,334,334,1.0
SEH6HG,LGAV_LGTS,334,334,1.0
EJU64FU,EHAM_LEMG,334,334,1.0
ANE8710,LEMD_EDDF,333,333,1.0
CFG9TC,EDDH_LEPA,333,333,1.0
SVA266,LTFM_OMDB,333,333,1.0
TRA3T,EHAM_LEMG,333,333,1.0
EZY43NP,EGKK_LPFR,332,332,1.0
OCN6WR,EDDM_LEPA,332,332,1.0
EZY24EV,LEMG_EGKK,332,332,1.0
NOZ1256,ENGM_EHAM,331,331,1.0
SAS56M,ENZV_ENGM,331,331,1.0
SAS489,ESSA_ENGM,331,331,1.0
PGT5972,EDDM_LTAI,331,331,1.0
DAH1231,LFPG_DAAG,330,330,1.0
TRA77B,EHAM_LEBL,330,330,1.0
VLG1TR,LEBL_LFPO,330,330,1.0
CFG6EP,LEPA_EDDS,330,330,1.0
PGT2819,LTCG_LTFJ,330,330,1.0
EZY74MQ,EGKK_LIRF,329,329,1.0
SAS287,ENGM_ENBR,328,328,1.0
EWG2AN,EDDB_LEPA,328,328,1.0
SWR7LV,LSZH_LSGG,328,328,1.0
TAH7103,LTAI_EDDK,328,328,1.0
QTR4Y,EHAM_LFPG,328,328,1.0
AUA372A,EHAM_LOWW,328,328,1.0
RYR3947,LICJ_LIRF,327,327,1.0
CXI8ZH,EDDL_LEPA,327,327,1.0
CFG5ED,LEPA_EDDF,327,327,1.0
UAL928,EGLL_KORD,327,327,1.0
TOM5JK,EGKK_LIRF,326,326,1.0
NJE319M,LIML_LICZ,326,326,1.0
THY5GD,LTFM_LTAI,325,325,1.0
DAH1214,DAAG_LFPG,325,325,1.0
GEC8348,EDDF_LEMD,325,325,1.0
BAW913U,EDDF_EGLL,325,325,1.0
KLM47C,EHAM_LOWW,324,324,1.0
CFG1PW,LEPA_EDDL,324,324,1.0
SAS4031,ENGM_ENZV,324,324,1.0
AAR795,LOWW_EDDF,324,324,1.0
IBE34AY,LEMD_LFPG,324,324,1.0
RYR51SH,EDDH_LEPA,324,324,1.0
TOM96C,EGKK_LEMG,324,324,1.0
SAS286,ENBR_ENGM,323,323,1.0
AFR55WZ,LFML_LFPG,323,323,1.0
EFW5RS,LEMG_EGKK,323,323,1.0
CFG4MK,EDDM_LEPA,323,323,1.0
PGT66TP,LTFJ_LTCG,323,323,1.0
BAW317,LFPG_EGLL,322,322,1.0
VLG8471,EGKK_LEAL,322,322,1.0
RYR7MC,LIRF_LICJ,321,321,1.0
SWR2LW,LEPA_LSZH,321,321,1.0
ITY1779,LIRF_LICJ,320,320,1.0
TAH2103,LTAI_EDDK,320,320,1.0
PGT2820,LTFJ_LTCG,320,320,1.0
CFG1CA,EDDL_LEPA,319,319,1.0
TVF91BV,LEMD_LFPO,319,319,1.0
INI362,LEIB_LEMD,319,319,1.0
THY1159,LTAI_EGKK,318,318,1.0
DLH23A,LEPA_EDDF,318,318,1.0
QTR8039,EHAM_ENGM,318,318,1.0
NSZ3197,ESSA_EKCH,318,318,1.0
WIF14C,ENBR_ENZV,318,318,1.0
EWG5GA,LEPA_EDDS,318,318,1.0
AFR79RW,LFPO_LFMN,318,318,1.0
ORO1041,LEBL_LEIB,318,318,1.0
VLG88MQ,LEBL_LFPO,318,318,1.0
EJU72MU,LIMC_LEBL,317,317,1.0
EZY93XF,EGKK_LEMG,317,317,1.0
BCS6725,EHAM_LEMD,317,317,1.0
JEF22,EGCC_EHAM,316,316,1.0
DLH4HH,EHAM_EDDM,316,316,1.0
PGT2244,LTFJ_LTFE,316,316,1.0
EJU83DG,LEPA_EGCC,316,316,1.0
TAY6LC,LEBL_LFPG,316,316,1.0
EJU152A,LIMC_LICZ,315,315,1.0
IBE31RL,EGLL_LEMD,315,315,1.0
TVF11YE,LEBL_LFPO,315,315,1.0
AUA3NA,EHAM_LOWW,314,314,1.0
MGH101,LTAI_EDDL,314,314,1.0
CFG8EP,LEPA_EDDF,314,314,1.0
KLM1480,LFMN_EHAM,313,313,1.0
PJZ037,EGLL_LSGG,313,313,1.0
ITY1783,LIRF_LICJ,313,313,1.0
EZY6305,EGKK_LEMG,313,313,1.0
CFG1ML,EDDL_LEPA,313,313,1.0
VLG872P,LFPO_LIRF,313,313,1.0
AUA3SV,EHAM_LOWW,312,312,1.0
KLM9956,EIDW_EHAM,311,311,1.0
EJU3786,LEBL_LIMC,311,311,1.0
RYR2EW,LIRF_LICJ,311,311,1.0
LCO1513,EHAM_LEMD,310,310,1.0
PGT90X,LTAI_LTFJ,310,310,1.0
BAW782F,EGLL_ESSA,310,310,1.0
DAH1230,DAAG_LFPG,310,310,1.0
JFA40K,EHAM_LOWW,310,310,1.0
RYS7069,EPWA_LTAI,310,310,1.0
TJD801,EHAM_LFMN,310,310,1.0
TKJ5JW,LTFJ_LTAI,310,310,1.0
GAC421T,LSGG_EHAM,310,310,1.0
AAL9600,EGLL_KJFK,309,309,1.0
CFG5WA,LEPA_EDDS,309,309,1.0
NSZ3204,EKCH_ESSA,309,309,1.0
TRA959C,EHAM_LPPT,308,308,1.0
EWG5RK,LEPA_EDDS,308,308,1.0
SWT7881,LEIB_LEPA,308,308,1.0
MGH302,EDDL_LTAI,308,308,1.0
TAP2734,LPPT_LFPO,308,308,1.0
AEZ143P,LIRF_LICJ,308,308,1.0
ITY1777,LIRF_LICJ,308,308,1.0
SWR1AW,EDDB_LSZH,308,308,1.0
TOM1GN,EGKK_LEPA,307,307,1.0
TKJ54X,LTFJ_LTFE,307,307,1.0
PGT633N,LTFJ_LTCG,307,307,1.0
IBE30SF,LEBL_LEMD,307,307,1.0
BA925,EIDW_EGKK,307,307,1.0
RYR1WQ,EDDB_LEPA,307,307,1.0
IRM115,LTFM_OMDB,307,307,1.0
TAH2328,EDDM_LTAI,306,306,1.0
EZS53PR,LSGG_LFMN,306,306,1.0
AFR1355,DAAG_LFPG,306,306,1.0
CFG9FT,LEPA_EDDL,306,306,1.0
EWG6900,EDDL_LEPA,305,305,1.0
UAL959,EGLL_KORD,305,305,1.0
TVF4750,LFPO_LEBL,305,305,1.0
RYR5485,LPPR_LEMD,305,305,1.0
EZY8139,EGKK_LEMG,305,305,1.0
FHY756,EPWA_LTAI,304,304,1.0
TRA5585,EHAM_LFMN,304,304,1.0
ANE88BP,LEIB_LEPA,304,304,1.0
CFG4YA,LEPA_EDDS,304,304,1.0
FDB3VG,OMDB_LTFM,304,304,1.0
EJU91JT,LFMN_LFPO,303,303,1.0
CXI61PD,LEPA_EDDL,303,303,1.0
CFG9KL,EDDF_LEPA,303,303,1.0
DLH9903,LFMN_LFPG,303,303,1.0
CFG2XY,LEPA_EDDF,303,303,1.0
KAC156,LTFM_OMDB,303,303,1.0
TRA088,LEMG_EHAM,303,303,1.0
SWT7771,LEPA_LEIB,302,302,1.0
BNO93J,ENGM_ENVA,302,302,1.0
GWI91XA,EDDH_EDDM,302,302,1.0
CFG6AL,EDDH_LEPA,301,301,1.0
EIAER,LPFR_EIDW,301,301,1.0
ANE45RA,LEPA_LEIB,301,301,1.0
VJH817H,LEBL_LEMG,301,301,1.0
CFG6ZC,EDDK_LEPA,300,300,1.0
WMT2CA,LFPO_LIRF,300,300,1.0
EJU38ZQ,EDDB_LEPA,300,300,1.0
EJU42DA,LFPG_EKCH,300,300,1.0
VLG3JV,LEBL_LEIB,299,299,1.0
SWT7772,LEIB_LEPA,299,299,1.0
TVF77ZC,LFPO_LEBL,299,299,1.0
CFG9HE,LEPA_EDDF,299,299,1.0
CFG6LA,LEPA_EDDH,298,298,1.0
SWT7885,LEIB_LEPA,298,298,1.0
NSZ3636,EKCH_LFPG,298,298,1.0
TCKNK,LTFM_LTFE,298,298,1.0
CFG1ZF,LEPA_LSZH,298,298,1.0
TCKYA,LTAI_LTFM,298,298,1.0
ECA2UN,EHAM_EKCH,298,298,1.0
RYR93GT,EDDB_LEPA,298,298,1.0
AFR79FC,LFPG_LFML,298,298,1.0
CFG1VA,EDDF_LEPA,298,298,1.0
KLM41F,EHAM_LFMN,298,298,1.0
TRA6223,EHAM_LEMG,298,298,1.0
KLM1198,ENGM_EHAM,297,297,1.0
PTN625Q,EHAM_LFMN,297,297,1.0
CFG3YZ,LEPA_EDDL,297,297,1.0
SXS1CW,LTAI_EGKK,296,296,1.0
DAL9888,LFMN_LFPG,296,296,1.0
FPO272,DAAG_LFPG,296,296,1.0
VLG8218,LEBL_LFPO,295,295,1.0
VLG505P,LEMG_LEBL,295,295,1.0
VJT486,LEIB_LEBL,294,294,1.0
TKJ6FJ,LTFJ_LTAI,294,294,1.0
EJU9044,LIMC_LEBL,294,294,1.0
SAS365,ENVA_ENGM,294,294,1.0
ITY1791,LIRF_LICJ,294,294,1.0
ITY2058,LIRF_LIML,294,294,1.0
KLM25G,EHAM_LFMN,293,293,1.0
BAW7CP,EGLL_KORD,293,293,1.0
EJU91DR,LFPO_LFMN,293,293,1.0
KZR917,OMDB_LTFM,293,293,1.0
TOM41G,LEPA_EGCC,293,293,1.0
RYR676N,LEMG_LEBL,293,293,1.0
VJT453,EHAM_ESSA,293,293,1.0
TOM2108,EGCC_LEPA,292,292,1.0
ITY1769,LIRF_LICJ,292,292,1.0
CFG4WA,EDDL_LEPA,292,292,1.0
SAS723,EFHK_ESSA,292,292,1.0
RYR8578,LEMG_EIDW,292,292,1.0
UNI137,EDDK_LEPA,292,292,1.0
SAS1548,EHAM_EKCH,292,292,1.0
EJU19AE,LEMD_LFPG,292,292,1.0
KLM36X,ENGM_EHAM,291,291,1.0
NSZ3538,EKCH_EHAM,291,291,1.0
IBE34BA,LEMD_LFPG,291,291,1.0
SWR915W,LSZH_LSGG,290,290,1.0
EZY17RD,EGKK_LEAL,290,290,1.0
UAE4AJ,OMDB_LTFM,290,290,1.0
VJT423,EHAM_EDDF,290,290,1.0
DAH1301,LFPG_DAAG,289,289,1.0
AFR13MQ,LEMD_LFPG,289,289,1.0
AEE2LK,LGAV_LCLK,289,289,1.0
CFG8HF,EDDH_LEPA,289,289,1.0
TOM7PX,LEPA_EGCC,289,289,1.0
MGH702,EDDL_LTAI,288,288,1.0
EJU59UQ,EDDB_LEPA,288,288,1.0
RYR2PK,LIRF_LICJ,288,288,1.0
ITY1710,LICZ_LIRF,288,288,1.0
CFG8XF,LEPA_EDDL,288,288,1.0
WIF63M,ENBO_ENVA,288,288,1.0
DAL288,KJFK_LFPG,287,287,1.0
CFG6XA,EDDL_LEPA,287,287,1.0
CFG7TE,EDDL_LEPA,287,287,1.0
VLG5MK,LEBL_LEMH,287,287,1.0
ETD914,EHAM_LEMD,287,287,1.0
CFG4AF,EDDL_LEPA,287,287,1.0
PGT94XV,LTAI_LTFJ,286,286,1.0
ITY1781,LIRF_LICJ,286,286,1.0
IAW221,OMDB_LTFM,286,286,1.0
PGT5816,EGCC_LTAI,286,286,1.0
SAS34L,LFPG_EKCH,286,286,1.0
DAH1011,LFPO_DAAG,285,285,1.0
QGA34E,LSZH_EDDB,285,285,1.0
TAP3831,LPPT_LPMA,285,285,1.0
EZY13HN,EGKK_LEAL,285,285,1.0
EXS4TB,EGCC_LEMG,285,285,1.0
TOM7PC,LEPA_EGCC,284,284,1.0
VJT464,LEMD_LEIB,284,284,1.0
EZY28ZU,EGCC_EHAM,284,284,1.0
EZY53BC,EGKK_LPFR,284,284,1.0
GFA945,LGAV_LCLK,284,284,1.0
WIF533,ENBR_ENZV,284,284,1.0
TOM5BH,EGCC_LEPA,284,284,1.0
TCCLG,LTFJ_LTFE,284,284,1.0
RYR6TN,EGCC_LEMG,284,284,1.0
JAF810P,EBMB_LEMD,284,284,1.0
TKJ7LA,LTFJ_LTAI,283,283,1.0
DLH01J,EDDM_LEPA,283,283,1.0
CFG5WP,LEPA_EDDL,283,283,1.0
CFG8LM,EDDH_LEPA,283,283,1.0
ECA2RT,LEMG_LEBL,283,283,1.0
EJU8541,EGKK_LPFR,283,283,1.0
FPO271,LFPG_DAAG,282,282,1.0
BAW776F,EGLL_ESSA,282,282,1.0
SIA7393,EGLL_EHAM,282,282,1.0
IBE33GT,LEMD_LFPG,281,281,1.0
THY3123,EDDM_LTAI,281,281,1.0
CAI41WY,LTAI_EDDL,281,281,1.0
RYR549E,LEAL_EGCC,281,281,1.0
CAZ401,LSZH_LEPA,280,280,1.0
CFG6KH,EDDL_LEPA,280,280,1.0
NOZ1405,EKCH_ENGM,280,280,1.0
CFG7KC,EDDL_LEPA,280,280,1.0
OCN7DP,EDDF_LEPA,280,280,1.0
SXS9YX,EGKK_LTAI,280,280,1.0
CND253P,LPPT_EHAM,280,280,1.0
AFR1854,LFPG_DAAG,280,280,1.0
KLM30N,ENGM_EHAM,280,280,1.0
KLM1516,LEBL_EHAM,280,280,1.0
CAO1036,LFPG_EDDF,280,280,1.0
TRA16Z,LEMG_EHAM,280,280,1.0
ANE004,LEMD_LEBL,280,280,1.0
MSC3304,LEMD_LEBL,279,279,1.0
SWT103,LEPA_LEIB,279,279,1.0
NOZ891,EHAM_ESSA,279,279,1.0
CAI084P,LTAI_LTFM,279,279,1.0
WIF3GJ,ENBR_ENZV,278,278,1.0
RYR304W,LIRF_LICJ,278,278,1.0
RUK204,EIDW_EGSS,278,278,1.0
TUA921,OMDB_LTFM,278,278,1.0
TKJ2DN,LTAI_LTFJ,278,278,1.0
RYR9UD,LICZ_LIRF,278,278,1.0
SWT7773,LEPA_LEIB,278,278,1.0
MGH102,EDDL_LTAI,278,278,1.0
TVF387N,LPPR_LFPO,278,278,1.0
CAI1074,LTAI_EDDK,278,278,1.0
ECKES,LEBL_LEMG,278,278,1.0
EJU9042,LFPG_EHAM,278,278,1.0
VLG367G,LFPO_LEBL,277,277,1.0
THY9PR,LTFM_LTFE,277,277,1.0
DLH11V,LEPA_EDDM,277,277,1.0
NJE435B,EHAM_LFMN,276,276,1.0
CFG7YA,LEPA_EDDM,276,276,1.0
VLG38YG,LEBL_LIRF,276,276,1.0
PTN662D,EHAM_LSZH,276,276,1.0
RJA109,LEMD_LEBL,276,276,1.0
DAH1007,LFPO_DAAG,276,276,1.0
VLG8XH,LEBL_LEMG,276,276,1.0
EWG1XP,EDDM_EDDH,276,276,1.0
ITY1799,LIRF_LICJ,275,275,1.0
BCS6717,EGLL_EDDF,275,275,1.0
TRA5134,LEBL_EHAM,275,275,1.0
DLH8WU,EDDF_EDDM,275,275,1.0
CFG1WZ,EDDL_LEPA,275,275,1.0
KLM89T,EHAM_ESSA,275,275,1.0
CFG9TH,LEPA_EDDL,275,275,1.0
KLM1905,EHAM_LOWW,274,274,1.0
GAC472S,LSZH_EHAM,274,274,1.0
AFR4147,LFMN_LFPO,274,274,1.0
IBE34KG,LEMD_LFPG,273,273,1.0
ITY2071,LIML_LIRF,273,273,1.0
AFR77NK,LFPO_LFMN,273,273,1.0
HBFLX,LSGG_LSZH,273,273,1.0
CAI4X,LTAI_EDDK,273,273,1.0
EWG2AE,EDDM_EDDH,273,273,1.0
CFG5YW,EDDL_LEPA,273,273,1.0
EJU64CB,LSGG_EHAM,273,273,1.0
VLG3RA,LEBL_LEMH,273,273,1.0
CFG5VT,LEPA_LSZH,272,272,1.0
TAP383Z,LPPT_LPMA,272,272,1.0
KLM59U,EHAM_ESSA,272,272,1.0
BAW912N,EGLL_EDDF,272,272,1.0
TKJ76Z,LTFJ_LTFE,272,272,1.0
GFA045,OMDB_LTFM,272,272,1.0
EJU37RJ,LPPT_LPMA,271,271,1.0
TAH7104,EDDK_LTAI,271,271,1.0
CFG5DP,EDDF_LEPA,271,271,1.0
PGT41KL,LTFJ_LTAI,271,271,1.0
TVF29YC,LFPO_DAAG,271,271,1.0
SIA7395,EGLL_EHAM,270,270,1.0
JFA34J,LSZH_LSGG,270,270,1.0
CFG3PW,LEPA_EDDL,270,270,1.0
EZS32QB,LSGG_EHAM,270,270,1.0
CFG4CH,LEPA_EDDL,269,269,1.0
SEH5HG,LGAV_LGTS,269,269,1.0
TRA5953,EHAM_LPPT,269,269,1.0
CAI4F,EDDL_LTAI,269,269,1.0
CFG9ZW,LEPA_EDDL,268,268,1.0
VJH387,EGLC_EHAM,268,268,1.0
BCS3165,ENBR_ENZV,268,268,1.0
TKJ6GM,LTFJ_LTFE,268,268,1.0
SWR291X,LSZH_LSGG,268,268,1.0
UAE9906,EHAM_LEMD,268,268,1.0
AFR24ZL,LFMN_LFPO,267,267,1.0
ITY1785,LIRF_LICJ,267,267,1.0
TRA11K,LPPT_EHAM,267,267,1.0
EXS1KR,LEAL_EGCC,267,267,1.0
NOZ3LH,EKCH_ESSA,267,267,1.0
RZO366,LPPT_LPMA,267,267,1.0
DCAWX,LEPA_EDDH,267,267,1.0
MBIGK,LSGG_LFMN,267,267,1.0
AFR15CB,LFPO_LFMN,266,266,1.0
EJU73ZE,LSGG_EHAM,266,266,1.0
AEZ146R,LIRF_LICJ,266,266,1.0
CPA2068,EHAM_EDDF,266,266,1.0
CXI55DE,EDDL_LEPA,266,266,1.0
EXS7JN,EGCC_LEMG,265,265,1.0
SAS4156,ENBR_ENVA,265,265,1.0
RUK203,EGSS_EIDW,265,265,1.0
CFE89W,EGLC_EHAM,265,265,1.0
TOM6VC,EGCC_LTAI,264,264,1.0
SAS9235,ENGM_EKCH,264,264,1.0
PGT2009,LTAI_LTFJ,264,264,1.0
DLH99F,EDDM_LEPA,263,263,1.0
IBE3411,LFPO_LEMD,263,263,1.0
CFG8DA,LEPA_EDDL,263,263,1.0
NJE402F,LOWW_EDDB,263,263,1.0
VJT708,EGCC_LEMG,262,262,1.0
N82HP,EDDM_EDDB,262,262,1.0
EST9002,EKCH_ESSA,262,262,1.0
AEE904,LGAV_LCLK,262,262,1.0
SEH822,LGAV_LIRF,261,261,1.0
MGH720,EDDM_LTAI,261,261,1.0
LDX18,EHAM_LFMN,261,261,1.0
KLM43F,EHAM_LFMN,261,261,1.0
WIF6FP,ENGM_ENVA,260,260,1.0
RYR3GE,LEMG_EIDW,260,260,1.0
ITY1722,LICZ_LIRF,260,260,1.0
SNM923,LSGG_LFMN,260,260,1.0
KLM58K,ENGM_EHAM,260,260,1.0
CFG8MK,EDDL_LEPA,260,260,1.0
KLM91Y,EHAM_ESSA,260,260,1.0
SFG55A,EHAM_ESSA,260,260,1.0
TCSKO,LTFM_LTFE,259,259,1.0
CAI6D,EDDL_LTAI,259,259,1.0
A7MHH,LFMN_LFPO,259,259,1.0
AFR12GA,LFMN_LFPO,259,259,1.0
CPA064,EDDF_EHAM,259,259,1.0
TKJ5205,LTFJ_LTAI,259,259,1.0
CFG3KA,LEPA_EDDL,258,258,1.0
SAS57E,ENGM_ENZV,258,258,1.0
TOM1EK,LEPA_EGKK,258,258,1.0
TKJ5LG,LTFJ_LTFE,258,258,1.0
NJE604L,LEIB_LEMD,258,258,1.0
TRA6224,LEMG_EHAM,258,258,1.0
RYR8H,EGKK_EIDW,258,258,1.0
FPO652,DAAG_LFPG,257,257,1.0
N650XA,LSGG_LFMN,257,257,1.0
BAW46BL,EGLL_LEMD,257,257,1.0
BAW462V,EGLL_LEMD,257,257,1.0
TVF67KQ,LEMD_LFPO,257,257,1.0
EWG1BA,EDDH_EDDM,257,257,1.0
IBE3410,LEMD_LFPO,256,256,1.0
ELY355,LFPG_EDDF,256,256,1.0
RYR18GT,LEPA_EDDH,256,256,1.0
GAC694B,EHAM_EDDM,256,256,1.0
KLM1479,EHAM_LFMN,255,255,1.0
EWG6PM,EDDB_LEPA,255,255,1.0
JFA54J,EHAM_LSZH,255,255,1.0
CAI91JG,EDDK_LTAI,255,255,1.0
QTR73E,EGLL_OMDB,255,255,1.0
SAS4189,ENBR_ENZV,255,255,1.0
CFG5CK,LEPA_EDDF,254,254,1.0
EXS3BD,EGCC_LTAI,254,254,1.0
THY6022,ESSA_ENGM,254,254,1.0
QSM2215,OMDB_LTFM,254,254,1.0
TKJ8HW,LTAI_LTFJ,254,254,1.0
AFR22SE,LFPO_LFMN,254,254,1.0
VLG8023,LFPO_LEBL,254,254,1.0
TVP7208,EPWA_LTAI,253,253,1.0
AFR6243,LFMN_LFPO,253,253,1.0
RYR8140,LEIB_LEBL,253,253,1.0
VLG1VB,LEMH_LEBL,253,253,1.0
UAL958,EGLL_KORD,252,252,1.0
RYR86ZR,LEMD_LIMC,252,252,1.0
CAI7N,EDDL_LTAI,252,252,1.0
SAS47Y,ENVA_ENGM,252,252,1.0
FPO651,LFPG_DAAG,252,252,1.0
AFR9423,LFBO_LFPG,252,252,1.0
RYR51FN,EGCC_LEMG,251,251,1.0
CFG8KW,LEPA_EDDL,251,251,1.0
KNE558,LTFJ_LTCG,251,251,1.0
CXI78YE,LEPA_EDDL,250,250,1.0
SAS368,ENGM_ENVA,250,250,1.0
TKJ3MA,LTFJ_LTFE,250,250,1.0
TUI43H,LEPA_EDDS,250,250,1.0
PVD53D,LEMG_EHAM,250,250,1.0
ANE3340,LEMD_LPPR,250,250,1.0
NOS17LP,LIMC_LICZ,249,249,1.0
DIATP,LEPA_EDDL,249,249,1.0
SAS476,ENBR_ENVA,249,249,1.0
CFG9YT,LEPA_EDDL,249,249,1.0
SAS486,ENGM_ESSA,249,249,1.0
BAW2PD,EGLL_KORD,249,249,1.0
NJE747M,LSZH_LEPA,249,249,1.0
EZS29KJ,LSGG_LFMN,248,248,1.0
ITY1744,LICZ_LIRF,248,248,1.0
TVF576Y,LFPO_LPPT,248,248,1.0
THY6408,EDDF_LTFM,248,248,1.0
THY4957,LTAI_LTFM,248,248,1.0
ANE8955,EBMB_LEMD,247,247,1.0
DISCV,EHAM_LFMN,247,247,1.0
EWG8AR,EDDM_LEPA,247,247,1.0
CAI39QJ,EGKK_LTAI,247,247,1.0
KLM58C,EHAM_LOWW,247,247,1.0
VJH365,EHAM_EIDW,247,247,1.0
NSZ4158,EKCH_ESSA,246,246,1.0
WZZ6316,LEBL_LIMC,246,246,1.0
CFG7EL,LEPA_EDDF,246,246,1.0
TVF7657,LPPT_LFPO,246,246,1.0
UPS291,EFHK_ESSA,246,246,1.0
RYR11AL,LICZ_LIRF,245,245,1.0
FDB8132,LTFM_OMDB,245,245,1.0
CFG5VL,EDDM_LEPA,245,245,1.0
AFR96RT,LFPG_EHAM,245,245,1.0
N702TR,EGSS_EIDW,245,245,1.0
BCS8210,LEMD_LPPR,245,245,1.0
N676BA,LSGG_LFMN,244,244,1.0
NJE921U,LEPA_LEBL,244,244,1.0
CAI7P,EGCC_LTAI,244,244,1.0
TVF2620,LFPO_LPPR,244,244,1.0
SXS1SV,EGCC_LTAI,244,244,1.0
ELY226,LFPG_LEBL,244,244,1.0
KLM77F,EHAM_LOWW,243,243,1.0
AFR373V,LFBO_LFPG,243,243,1.0
DBOLT,EDDL_EDDM,243,243,1.0
SAS7012,ESSA_EFHK,243,243,1.0
ENT7021,EPWA_LTAI,243,243,1.0
TVF4752,LFPO_LEBL,242,242,1.0
NSZ3213,ESSA_EKCH,242,242,1.0
PGT1919,LCEN_LTFJ,241,241,1.0
SVW46DD,LSGG_LFMN,241,241,1.0
NOZ826,ENGM_ESSA,241,241,1.0
WIF6MN,ENVA_ENBR,240,240,1.0
TVF745U,LPPR_LFPO,240,240,1.0
LAV6881,LEPA_EDDH,240,240,1.0
LAV6115,LEPA_EDDS,240,240,1.0
AEA009,LEPA_LEMD,239,239,1.0
EJU68CG,EGKK_LPFR,239,239,1.0
SXS9VU,EGCC_LTAI,239,239,1.0
UAE9903,EHAM_EDDF,239,239,1.0
TUI3PY,EDDS_LEPA,239,239,1.0
TRA17A,LPPT_EHAM,239,239,1.0
TKJ2NW,LTFJ_LTCG,238,238,1.0
KLM1587,EHAM_LPPT,238,238,1.0
CAI5YV,EDDL_LTAI,238,238,1.0
VLG8WR,LIRF_LEBL,238,238,1.0
EIN581,LEMG_EIDW,238,238,1.0
LOT6209,EPWA_LTAI,238,238,1.0
WIF9L,ENBR_ENZV,238,238,1.0
IBE3167,EGLL_LEMD,238,238,1.0
HAT034P,LEMD_LPPR,238,238,1.0
RYR367C,LEPA_EGCC,237,237,1.0
RYR671,EGBB_EIDW,237,237,1.0
RYR1132,LPPT_LPMA,237,237,1.0
TVF7614,LFPO_LPPR,237,237,1.0
LHX2063,EDDH_EDDM,237,237,1.0
EWG5ET,EDDK_LEPA,237,237,1.0
SAS99L,EHAM_ESSA,236,236,1.0
CFG1YX,LEPA_EDDL,236,236,1.0
SWR9DC,LSZH_LEPA,236,236,1.0
CFG8VL,LEPA_EDDF,235,235,1.0
CFG8TA,LEPA_EDDF,235,235,1.0
IBE3429,LFPG_LEMD,235,235,1.0
FJO51Z,LEIB_LEBL,235,235,1.0
RYR2715,EGKK_LEAL,235,235,1.0
TVS75J,LEPA_EDDF,235,235,1.0
EUL3T,EDDM_LEPA,235,235,1.0
EWG34A,LEPA_EDDK,234,234,1.0
RZO171,LPPR_LPPT,234,234,1.0
TOM6PG,LEPA_EGKK,234,234,1.0
CFG9TW,EDDL_LEPA,234,234,1.0
NSZ8925,ESSA_ENGM,234,234,1.0
NOZ172,ENBR_ENVA,234,234,1.0
AFR4146,LFPO_LFMN,234,234,1.0
MSA9792,LICZ_LIRF,234,234,1.0
IJM158,EDDL_EDDM,233,233,1.0
SAS719,EFHK_ESSA,233,233,1.0
CFG9ZX,LEPA_EDDL,233,233,1.0
FDX9233,LFPG_EDDF,233,233,1.0
GAC556F,EHAM_EDDF,233,233,1.0
BIX109,EKCH_ENGM,233,233,1.0
EDW244Y,LSZH_LEPA,233,233,1.0
TAH6104,EDDK_LTAI,233,233,1.0
TVF961Q,LFPO_LIRF,233,233,1.0
CFG8LT,LEPA_EDDL,232,232,1.0
TLJ250T,LEMD_LEIB,232,232,1.0
CFG1XF,LEPA_EDDL,232,232,1.0
CFG7XK,EDDL_LEPA,231,231,1.0
VLG2SZ,LEMD_LEBL,231,231,1.0
BCS89N,EGLL_LFPG,231,231,1.0
THY6404,EDDF_LTFM,231,231,1.0
GES211B,LEMD_LPPR,231,231,1.0
AFR89JR,EHAM_LFPG,231,231,1.0
SAS51P,EKCH_EHAM,231,231,1.0
TRA133X,EHAM_LEBL,231,231,1.0
PGT2830,LTFJ_LTCG,231,231,1.0
TOM91L,EGCC_LEPA,231,231,1.0
EZS74GN,LSGG_LFMN,230,230,1.0
PGT2024,LTFJ_LTAI,230,230,1.0
QQE708,SKBO_LEMD,230,230,1.0
DBT510,LSGG_LFMN,229,229,1.0
TCKLN,LTFM_LTFE,229,229,1.0
NOZ548,ENGM_ENZV,229,229,1.0
EJU41NE,EGKK_LPFR,229,229,1.0
UAE4RK,EHAM_EDDF,229,229,1.0
JFA54D,LEPA_EDDM,228,228,1.0
PAV721,LSGG_LFMN,228,228,1.0
ITY1724,LICZ_LIRF,228,228,1.0
KAC183,LFPG_LFMN,228,228,1.0
PGT96KD,EDDL_LTAI,227,227,1.0
EZY6421,EGKK_LEBL,227,227,1.0
PGT26AN,LTCG_LTFJ,227,227,1.0
VLG2QJ,LFPO_LEBL,227,227,1.0
CPA008,EGLL_LFPG,227,227,1.0
NOZ625,ENBR_ENGM,227,227,1.0
TRA084,LPPT_EHAM,226,226,1.0
PGT17DG,LTCG_LTFJ,226,226,1.0
NOZ774,ENGM_ENVA,226,226,1.0
SVA122,EGLL_OMDB,226,226,1.0
SAS4154,ENBR_ENVA,225,225,1.0
AFR38MY,LEMD_LFPG,225,225,1.0
AFR26ZE,LFPG_EHAM,225,225,1.0
CAI8BZ,LTAI_EDDL,224,224,1.0
JTD9612,ESSA_EFHK,224,224,1.0
RJA167,OMDB_LTFM,224,224,1.0
THY6914,LTFM_LTAI,224,224,1.0
VLG9FC,LEBL_LPPT,224,224,1.0
DCUVH,LOWW_EDDB,224,224,1.0
TKJ5202,LTAI_LTFJ,224,224,1.0
EVE145P,LEMD_LEBL,223,223,1.0
VLG891R,LEMH_LEBL,223,223,1.0
EWG1TK,EDDS_LEPA,223,223,1.0
EJU37KJ,EKCH_LFPG,223,223,1.0
EXS9BY,EGCC_LTAI,223,223,1.0
PHLAU,LEIB_LEBL,223,223,1.0
CPA2014,LFPG_EHAM,223,223,1.0
EZY65RN,EGKK_LEMG,223,223,1.0
SAS54G,ESSA_EFHK,223,223,1.0
BCS6778,LFPG_EGLL,223,223,1.0
QAV30E,EHAM_LSZH,223,223,1.0
RYR6363,LEPA_LEBL,223,223,1.0
MGH205,LTAI_EDDK,222,222,1.0
EXS86FT,EGCC_LTAI,222,222,1.0
IRB9702,OMDB_LTFM,222,222,1.0
YIF106,ENBR_ENVA,222,222,1.0
CXI8F,EDDL_LEPA,222,222,1.0
TOM4GE,LEPA_EGKK,221,221,1.0
BAW924,EGKK_EIDW,221,221,1.0
GWI67NA,EDDM_EDDH,221,221,1.0
VLG404P,LEBL_LEMG,220,220,1.0
CFG6WL,EDDS_LEPA,220,220,1.0
TOM97M,EGKK_LPFR,220,220,1.0
SUA702,EDDM_EDDH,220,220,1.0
SAS718,ESSA_EFHK,220,220,1.0
CAI1073,EDDK_LTAI,220,220,1.0
IBE3209,EBMB_LEMD,220,220,1.0
RYR8136,LEBL_LEIB,220,220,1.0
LHX2062,EDDM_EDDH,219,219,1.0
SAS460,EKCH_ENGM,219,219,1.0
ITY1752,LICZ_LIRF,219,219,1.0
BAW318,EGLL_LFPG,219,219,1.0
LTC701,LEIB_LEBL,218,218,1.0
AEA008,LEMD_LEPA,218,218,1.0
CAI3W,EDDK_LTAI,218,218,1.0
TKJ7YL,LTFJ_LTFE,218,218,1.0
ORO1044,LEIB_LEBL,218,218,1.0
CAI3B,LTAI_EDDL,218,218,1.0
NOZ626,ENGM_ENBR,218,218,1.0
EJU1742,LSGG_LFMN,218,218,1.0
EZS25ZB,LSGG_LFMN,218,218,1.0
LTR55F,ENBR_ENZV,217,217,1.0
ANE17LN,EDDF_LEMD,217,217,1.0
RYR2335,EHAM_LEMG,217,217,1.0
RYR917E,LEMG_EIDW,216,216,1.0
TRA82C,EHAM_LEMG,216,216,1.0
RJA168,LTFM_OMDB,216,216,1.0
SVA276,LTFM_OMDB,216,216,1.0
CFG1XT,LSZH_LEPA,216,216,1.0
NSZ6WT,EKCH_ENGM,216,216,1.0
NSZ3205,ESSA_EKCH,216,216,1.0
EST9001,ESSA_EKCH,216,216,1.0
MGH606,EDDK_LTAI,216,216,1.0
KLM77U,EHAM_LEMG,216,216,1.0
MGH701,LTAI_EDDL,216,216,1.0
KAL517,EHAM_EDDF,216,216,1.0
TKJ9RX,LTFJ_LTCG,216,216,1.0
ANE8774,LEMD_LPPT,215,215,1.0
IBE6583,LEMD_SKBO,215,215,1.0
EWG7P,LEPA_EDDK,215,215,1.0
CFG2LV,EDDF_LEPA,215,215,1.0
NSZ3226,EKCH_ENGM,215,215,1.0
OCN4080,EDDF_EDDM,215,215,1.0
VLG25TR,LEBL_LEMD,215,215,1.0
CAI18TH,EDDK_LTAI,215,215,1.0
SVW68JK,LSGG_LFMN,214,214,1.0
DIEGO,LEPA_EDDK,214,214,1.0
ITY8008,LICJ_LIRF,213,213,1.0
EUL5B,EDDH_EDDM,213,213,1.0
TVF56CP,LFPO_DAAG,213,213,1.0
CAI4C,LTAI_EDDK,213,213,1.0
CFG8XE,EDDM_LEPA,212,212,1.0
AFR25VF,LFPG_LFBO,212,212,1.0
CAI1GB,EDDM_LTAI,212,212,1.0
SAZ63,LSGG_LSZH,212,212,1.0
TKJ2YK,LTCG_LTFJ,212,212,1.0
PGT40VQ,LTAI_LTFJ,212,212,1.0
NSZ4157,ESSA_EKCH,211,211,1.0
SWT771P,LFPG_LEMD,211,211,1.0
IBE31PP,EGLL_LEMD,211,211,1.0
SXS1TP,EGCC_LTAI,211,211,1.0
CFG8YE,EDDF_LEPA,211,211,1.0
RTG5546,ENBR_ENGM,211,211,1.0
TVF797A,LFPO_LPPR,210,210,1.0
VLG875D,LIRF_LEBL,209,209,1.0
SXN75A,EGCC_LEMG,209,209,1.0
NOZ132,ENBR_ENZV,209,209,1.0
NJE189B,EDDM_EDDF,209,209,1.0
TAP91HL,LPPT_LPMA,209,209,1.0
ANE8532,LEPA_LEIB,209,209,1.0
NJE038E,EKCH_ENGM,208,208,1.0
CFG7MX,EDDF_LEPA,208,208,1.0
SXS6P,LTAI_EDDL,208,208,1.0
RUK812,EIDW_EGPH,208,208,1.0
PGT43XG,LTFJ_LTAI,208,208,1.0
VLG4VL,LFPO_LIRF,208,208,1.0
N702ER,LIML_LICZ,208,208,1.0
ITY1734,LICZ_LIRF,207,207,1.0
SXS7B,EPWA_LTAI,207,207,1.0
CFG6CV,EDDS_LEPA,207,207,1.0
SAS382,ENGM_ENVA,206,206,1.0
SWR3YK,EHAM_LSZH,206,206,1.0
NJE477D,EKCH_ENGM,206,206,1.0
KLM1547,EHAM_LEMG,206,206,1.0
SAS9231,ENGM_EKCH,206,206,1.0
FYG63V,EHAM_EGCC,205,205,1.0
FPO654,DAAG_LFPG,205,205,1.0
VLG3509,LEIB_LEBL,205,205,1.0
EJU58FL,LFPG_LEMD,205,205,1.0
MGH305,LTAI_EDDK,205,205,1.0
TKJ1TQ,LCEN_LTFJ,205,205,1.0
CFG4PK,LEPA_EDDL,204,204,1.0
EJU96HY,EDDB_LSZH,204,204,1.0
FDX32,LFPG_EDDF,204,204,1.0
CAZ301,LSZH_LSGG,204,204,1.0
ANE3319,LPPR_LEMD,204,204,1.0
TAH3140,EDDF_EDDM,204,204,1.0
AFR386V,EKCH_LFPG,203,203,1.0
PGT2037,LTAI_LTFJ,203,203,1.0
EXS87R,LEPA_EGCC,203,203,1.0
NJE326C,EDDM_EDDF,203,203,1.0
PVD38L,EDDM_EDDH,203,203,1.0
SAS452,EKCH_ENGM,202,202,1.0
FPO684,DAAG_LFPG,202,202,1.0
EWG5NP,EDDK_LEPA,202,202,1.0
TOM1GK,EGKK_LEPA,202,202,1.0
EJU78CB,EKCH_LFPG,202,202,1.0
CAI4A,LTAI_EDDL,201,201,1.0
DAH1009,LFPO_DAAG,201,201,1.0
RYR99DJ,EDDB_LEPA,201,201,1.0
KLM71N,EHAM_LFMN,201,201,1.0
VVV341,EHAM_EDDF,200,200,1.0
RUK1556,EIDW_EGCC,200,200,1.0
AEZ514C,LICZ_LIRF,200,200,1.0
GRL761,EKYT_EKCH,200,200,1.0
PGT1911,LCEN_LTFJ,200,200,1.0
BA924,EGKK_EIDW,200,200,1.0
JFA41L,LSGG_LFMN,200,200,1.0
NOZ657,ENBR_ENGM,200,200,1.0
ITY1750,LICZ_LIRF,200,200,1.0
SAS4163,ENBR_ENZV,199,199,1.0
TOM5KT,EGKK_LEMG,199,199,1.0
DCCHH,EDDH_LEPA,199,199,1.0
DJT200,LFMN_LFPO,199,199,1.0
SAS1483,ESSA_ENGM,198,198,1.0
CAI68PQ,EDDL_LTAI,198,198,1.0
EJU9776,LEMD_LPPR,198,198,1.0
SAS1431,ESSA_EKCH,198,198,1.0
WIF106,ENBR_ENVA,198,198,1.0
LOT6383,EPWA_LTAI,198,198,1.0
VLG6ZK,LPPT_LEBL,198,198,1.0
TVF73EC,LFPO_LIRF,198,198,1.0
CAI37MP,EPWA_LTAI,198,198,1.0
RYR840,EIDW_EGPH,197,197,1.0
AEZ516C,LICZ_LIRF,197,197,1.0
TOM39W,EGKK_LEPA,197,197,1.0
SHT6E,EGLL_EGPF,197,197,1.0
LAV6882,EDDH_LEPA,197,197,1.0
ORT05A,EIDW_EGPH,197,197,1.0
HRN711,EDDM_LEPA,197,197,1.0
CFG9KH,EDDM_LEPA,197,197,1.0
RUK554,EIDW_EGCC,197,197,1.0
NOZ935,EKCH_ENGM,197,197,1.0
VLG24YM,LEMH_LEBL,196,196,1.0
SAS710,ESSA_EFHK,196,196,1.0
TUI1AT,EDDS_LEPA,196,196,1.0
NOZ936,ENGM_EKCH,196,196,1.0
VLG34KU,LFPO_LEBL,196,196,1.0
SAS297,ENGM_ENBR,196,196,1.0
PGC63R,LSZH_LSGG,195,195,1.0
NFA044,ENBR_ENGM,195,195,1.0
MGH706,EDDK_LTAI,195,195,1.0
UNI110,EDDK_LTAI,195,195,1.0
RUK553,EGCC_EIDW,195,195,1.0
THY4958,LTFM_LTFE,194,194,1.0
CAI7BU,LTAI_EDDL,194,194,1.0
ANE28TP,LPPT_LEMD,193,193,1.0
EWG8TW,EDDK_LTAI,193,193,1.0
NOZ534,ENGM_ENZV,193,193,1.0
BNO43C,ESSA_ENGM,192,192,1.0
DLH109,EDDM_EDDF,192,192,1.0
TVF504C,LPPT_LFPO,192,192,1.0
BIX229,EKYT_EKCH,192,192,1.0
SAS463,ENGM_EKCH,192,192,1.0
CFE93PN,EHAM_EGLC,192,192,1.0
DHK227P,ENGM_EKCH,191,191,1.0
SAS88R,ENGM_ESSA,191,191,1.0
RJA163,OMDB_LTFM,191,191,1.0
VLG5DN,LEPA_LEBL,191,191,1.0
VLG24NX,LIRF_LEBL,191,191,1.0
FLI434,ENGM_EKCH,191,191,1.0
EZY2172,EHAM_EGCC,191,191,1.0
NOZ830,ENGM_ESSA,191,191,1.0
IBE034,LEMD_LEBL,190,190,1.0
RYR71JPP,EIDW_EGCC,190,190,1.0
AME0855,LEMD_LEBL,190,190,1.0
NSZ5GP,ENGM_EKCH,190,190,1.0
ANE47QQ,LEIB_LEPA,190,190,1.0
THY6970,LTFJ_LTAI,190,190,1.0
NOZ645,ENBR_ENGM,189,189,1.0
SAS9239,EKCH_ENGM,189,189,1.0
LBD1,ENBO_ENGM,189,189,1.0
WIF1YM,ENBR_ENZV,189,189,1.0
NOZ2DC,ENBR_ENZV,188,188,1.0
SAS4139,ENBR_ENZV,188,188,1.0
RUK1DT,EIDW_EGCC,188,188,1.0
CAI8NE,LTAI_EDDL,188,188,1.0
AFR51PH,LFML_LFPG,188,188,1.0
NOZ614,ENGM_ENBR,187,187,1.0
NOZ173,ENVA_ENBR,187,187,1.0
TOM97L,EGKK_LEPA,187,187,1.0
HCX42,ESSA_EFHK,187,187,1.0
SAS295,ENGM_ENBR,187,187,1.0
ATL1A,EDDH_LEPA,186,186,1.0
NOZ2DM,ENGM_ENBR,186,186,1.0
NSZ3087,EKYT_EKCH,186,186,1.0
SAS9044,ESSA_EFHK,186,186,1.0
DLH5JT,EDDF_EDDM,186,186,1.0
TCTFT,LTFJ_LTFE,186,186,1.0
TAP1687,LPPT_LPMA,186,186,1.0
N39NP,ESSA_EKCH,185,185,1.0
TKJ6832,LTFJ_LTAI,185,185,1.0
NOZ619,ENBR_ENGM,185,185,1.0
RUK1899,EIDW_EGCC,185,185,1.0
FPO531,LFPG_DAAG,184,184,1.0
ITY1754,LICZ_LIRF,184,184,1.0
NJE758F,EDDF_EDDM,184,184,1.0
WFL717P,LIRF_LEMD,184,184,1.0
TVF751,LEBL_LFPO,183,183,1.0
IAE5761,LTAI_LTFM,183,183,1.0
RUK816,EIDW_EGPH,183,183,1.0
THY2448,LTFM_LTAI,183,183,1.0
SAZ55,LSGG_LSZH,183,183,1.0
ITY2044,LIRF_LIML,183,183,1.0
AEZ512C,LICZ_LIRF,183,183,1.0
DTH3000,DAAG_LFPG,183,183,1.0
SHT6K,EGLL_EGPF,182,182,1.0
BOH112,LEBL_LEPA,182,182,1.0
LOT2RG,EPWA_LTAI,182,182,1.0
SWR3YC,LSZH_LEPA,182,182,1.0
RYR9PM,LICZ_LIRF,181,181,1.0
TKJ11V,LTAI_LTFJ,181,181,1.0
VLG2TV,LEBL_LEPA,181,181,1.0
CFG8WK,EDDF_LEPA,181,181,1.0
SAS56T,ENGM_EKCH,180,180,1.0
SAS1466,EKCH_ENGM,180,180,1.0
VJH784,LSGG_LSZH,180,180,1.0
SWT945P,LFPG_LEMD,180,180,1.0
NJE724L,LOWW_EDDB,180,180,1.0
NJE699N,LSZH_LSGG,180,180,1.0
TOM3BV,EGKK_LEMG,179,179,1.0
RYR9TU,EDDB_LEPA,179,179,1.0
TAP175,LPPT_LPMA,178,178,1.0
DIOVA,LEIB_LEBL,178,178,1.0
4XCLL,LGAV_LCLK,178,178,1.0
BCS8029,LEBL_LIMC,178,178,1.0
LCO2513,EHAM_EDDF,178,178,1.0
TKJ6753,LTAI_LTFJ,177,177,1.0
TVF909N,LFPO_LEMD,177,177,1.0
ITY1726,LICZ_LIRF,177,177,1.0
EJU9756,LEMD_LPPR,177,177,1.0
FPO275,LFPG_DAAG,177,177,1.0
SAS6062,ENGM_ESSA,177,177,1.0
TCNYK,LTFJ_LTFE,177,177,1.0
NOZ827,ESSA_ENGM,176,176,1.0
SAS4054,ENZV_ENGM,176,176,1.0
SAS4587,ENBO_ENVA,176,176,1.0
PGT2027,LTAI_LTFJ,176,176,1.0
SAS7013,EFHK_ESSA,175,175,1.0
OCN4081,EDDM_EDDF,175,175,1.0
NOZ814,ENGM_ESSA,175,175,1.0
GES101N,LEBL_LEMD,175,175,1.0
ELJ202,LSGG_LSZH,175,175,1.0
NOZ539,ENZV_ENGM,175,175,1.0
SAS238,ENBR_ENGM,175,175,1.0
SAS867,ESSA_ENGM,175,175,1.0
MGH105,LTAI_EDDK,175,175,1.0
TVF7658,LFPO_LPPT,175,175,1.0
CFE04D,EHAM_EGLC,174,174,1.0
WIF682,ENBR_ENVA,174,174,1.0
VJH657,LEPA_LEBL,174,174,1.0
SAS4135,ENBR_ENZV,173,173,1.0
SAS407,ESSA_EKCH,173,173,1.0
IBS3813,LEIB_LEMD,173,173,1.0
DAH1208,DAAG_LFPG,173,173,1.0
TAP1695,LPPT_LPMA,172,172,1.0
TKJ6LQ,LTFJ_LTAI,172,172,1.0
EWG5X,EDDS_LEPA,172,172,1.0
KAL537,LOWW_EDDF,172,172,1.0
PGT2035,LTAI_LTFJ,172,172,1.0
IBB14RP,LEMD_LEIB,171,171,1.0
SAS492,ENGM_ESSA,171,171,1.0
NOZ634,ENGM_ENBR,171,171,1.0
SAS9236,ENGM_EKCH,170,170,1.0
NJE307F,EDDB_LOWW,170,170,1.0
NJE489E,EDDB_LEPA,170,170,1.0
NSZ3099,EKYT_EKCH,170,170,1.0
WIF4AB,ENZV_ENBR,169,169,1.0
TOM50X,EGKK_LPFR,169,169,1.0
HCX41,EFHK_ESSA,169,169,1.0
TKJ3HK,LTCG_LTFJ,169,169,1.0
SAS4185,ENVA_ENBR,169,169,1.0
ETI53V,ENZV_ENGM,168,168,1.0
FPO532,DAAG_LFPG,168,168,1.0
SAS1479,ENGM_EKCH,168,168,1.0
HUE12P,LSGG_LSZH,168,168,1.0
NJE659L,LEPA_LEMD,168,168,1.0
JZR320,LTFJ_LTCG,167,167,1.0
CYP311,LGAV_LCLK,167,167,1.0
NJE144A,LEPA_LEBL,167,167,1.0
GSPTX,LSZH_LSGG,167,167,1.0
HAT035P,LPPR_LEMD,167,167,1.0
EWG58VF,EDDH_EDDM,166,166,1.0
EVE147P,LEBL_LEMD,166,166,1.0
LCO1516,EHAM_EDDF,166,166,1.0
ANE002,LEPA_LEMD,165,165,1.0
AFR4150,LFPO_DAAG,165,165,1.0
CAI52BV,LTAI_EDDK,165,165,1.0
TVF252J,LFPO_LEMD,164,164,1.0
SXHFE,LGAV_LGTS,164,164,1.0
NSZ3227,ENGM_EKCH,164,164,1.0
IBE2803,LEPA_LEMD,164,164,1.0
PGT16QR,LTAI_LTFJ,164,164,1.0
VLG3418,LEIB_LEMD,164,164,1.0
SAS43H,ENBO_ENGM,163,163,1.0
XGO4A,LEIB_LEPA,163,163,1.0
SAS290,ENBR_ENGM,163,163,1.0
QSM2214,LTFM_OMDB,162,162,1.0
WIF22H,ENBO_ENVA,162,162,1.0
VLG24SR,LEBL_LEMH,162,162,1.0
TAP89WP,LPPT_LPMA,162,162,1.0
TAP1937,LPPR_LPPT,162,162,1.0
SAS4141,ENVA_ENBR,161,161,1.0
CFG2PK,LSZH_LEPA,161,161,1.0
EVE146P,LEBL_LEMD,161,161,1.0
SAS74M,ENZV_ENGM,161,161,1.0
DAH1000,DAAG_LFPG,161,161,1.0
VKG4556,EFHK_ESSA,160,160,1.0
WIF549,ENBR_ENZV,160,160,1.0
UNI131,LSGG_LSZH,160,160,1.0
DLH4MM,EDDM_EDDF,159,159,1.0
RYR26WA,EGCC_LEMG,159,159,1.0
ADN64E,EDDM_EDDL,158,158,1.0
MDT2,ENBR_ENGM,158,158,1.0
NOZ37J,ENVA_ENGM,158,158,1.0
RJA155,LSGG_LSZH,157,157,1.0
DLH9932,EDDM_EDDF,157,157,1.0
CAI083,LTFM_LTAI,157,157,1.0
VKG4576,ESSA_EFHK,157,157,1.0
SAS4148,ENZV_ENBR,156,156,1.0
PGT4018,LTFJ_LTAI,156,156,1.0
LCO1511,EHAM_EDDF,155,155,1.0
RUK813,EGPH_EIDW,155,155,1.0
TAY2MN,LPPT_LEMD,155,155,1.0
BCS1683,LFML_LFPG,154,154,1.0
TOY239,LEIB_LEMD,154,154,1.0
SAH26P,LEBL_LEIB,153,153,1.0
SAS43D,ENGM_ENBR,153,153,1.0
SAS353,ENVA_ENGM,153,153,1.0
IBS3974,LEMD_LEPA,153,153,1.0
ETI51V,ENGM_ENZV,153,153,1.0
NSZ8923,ENGM_EKCH,153,153,1.0
THY2SN,LTAI_LTFM,153,153,1.0
EMC3,EGPH_EIDW,152,152,1.0
RUK7BE,EGCC_EIDW,152,152,1.0
ANE35UF,LEPA_LEIB,152,152,1.0
NJE488F,LEBL_LEPA,151,151,1.0
SAS6061,ESSA_ENGM,151,151,1.0
OMA166,LTFM_OMDB,151,151,1.0
SAS33R,ENBR_ENGM,151,151,1.0
JAF4EK,LEPA_LEIB,151,151,1.0
NOZ533,ENZV_ENGM,151,151,1.0
SAS1484,ENGM_ESSA,150,150,1.0
RYR3K,LEMH_LEBL,150,150,1.0
LTR65F,ENZV_ENBR,149,149,1.0
FPO465,LFPG_DAAG,149,149,1.0
SAS249,ENGM_ENBR,149,149,1.0
NOZ807,ESSA_ENGM,149,149,1.0
SAS389,ENVA_ENGM,149,149,1.0
TKJ6750,LTFJ_LTAI,149,149,1.0
UPS292,ESSA_EFHK,148,148,1.0
EIN185,EGLL_EIDW,148,148,1.0
VF3050,LTFJ_LTAI,148,148,1.0
TAY7SR,EDDM_LFPG,146,146,1.0
IBS3975,LEPA_LEMD,146,146,1.0
MGH5306,LTFM_LTAI,145,145,1.0
PGT4052,LTFJ_LTAI,145,145,1.0
AEE910,LGAV_LCLK,145,145,1.0
SAZ54,LSGG_LSZH,145,145,1.0
DTH3531,LFPG_DAAG,144,144,1.0
SAS461,ENGM_EKCH,144,144,1.0
OKELD,LEBL_LIMC,144,144,1.0
DAH1209,LFPG_DAAG,143,143,1.0
SAS4044,ENZV_ENGM,143,143,1.0
RYR841,EGPH_EIDW,142,142,1.0
SAS1212,EKYT_EKCH,142,142,1.0
SAS1209,EKCH_EKYT,142,142,1.0
EVE140P,LEMD_LEBL,142,142,1.0
JFA11T,LEBL_LEPA,141,141,1.0
TCLHO,LTFM_LTFE,141,141,1.0
PNC7D,LSGG_LSZH,141,141,1.0
CFG1HE,EDDF_LEPA,141,141,1.0
SWT7884,LEPA_LEIB,141,141,1.0
SAS567,EKCH_LFPG,141,141,1.0
AEE912,LGAV_LCLK,141,141,1.0
TKJ1QR,LTFJ_LTCG,141,141,1.0
PGT7092,LCEN_LTFJ,140,140,1.0
PGT1918,LCEN_LTFJ,140,140,1.0
HRN124,LEIB_LEMD,139,139,1.0
INI361,LEMD_LEIB,139,139,1.0
SAS4010,ENZV_ENGM,139,139,1.0
TAH1104,EDDK_LTAI,139,139,1.0
RUK1557,EGCC_EIDW,138,138,1.0
RUK1900,EGCC_EIDW,138,138,1.0
RUK557,EGCC_EIDW,138,138,1.0
MGH106,EDDK_LTAI,137,137,1.0
NOZ59B,ENVA_ENGM,136,136,1.0
PGT2828,LTFJ_LTCG,135,135,1.0
PGT79RB,LTFJ_LTAI,135,135,1.0
AOM230A,LEBL_LEPA,135,135,1.0
DTH3533,LFPG_DAAG,134,134,1.0
VLG7XQ,LEBL_LEIB,134,134,1.0
CFG9EM,EDDF_LEPA,134,134,1.0
THY8LK,LTAI_LTFM,133,133,1.0
FJO66L,ENGM_ENZV,133,133,1.0
THY2TG,LTFM_LTAI,133,133,1.0
FIN8925,EFHK_EETN,132,132,1.0
NJE726B,LEIB_LEMD,132,132,1.0
NJE989L,ESSA_ENGM,132,132,1.0
SAS4177,ENBR_ENZV,132,132,1.0
LAV987P,LEPA_LEMD,131,131,1.0
ENT4491,EPWA_LTAI,131,131,1.0
ITY8006,LIRF_LIML,131,131,1.0
RUK817,EGPH_EIDW,131,131,1.0
WFL002M,LEPA_LEMD,131,131,1.0
NJE833H,LEBL_LEPA,130,130,1.0
NOZ551,ENZV_ENGM,130,130,1.0
DAH1300,DAAG_LFPG,130,130,1.0
TOM44T,EGKK_LPFR,130,130,1.0
SAS4004,ENZV_ENGM,130,130,1.0
SAZ64,LSGG_LSZH,129,129,1.0
IBS392D,LEPA_LEMD,129,129,1.0
WIF5EB,ENVA_ENBR,129,129,1.0
5O651,LFPG_DAAG,128,128,1.0
TKJ4JB,LTFJ_LTAI,128,128,1.0
AFR1855,DAAG_LFPG,127,127,1.0
CAI6BH,EDDK_LTAI,126,126,1.0
SWT130,LPPT_LPMA,125,125,1.0
EAI9MS,EGCC_EIDW,124,124,1.0
TVF163A,LFPO_DAAG,124,124,1.0
TKJ5210,LTFJ_LTCG,124,124,1.0
IAW214,LTFM_OMDB,124,124,1.0
TKJ93F,LTFJ_LTCG,124,124,1.0
FPO685,LFPG_DAAG,123,123,1.0
8GN,ENVA_ENGM,123,123,1.0
TKJ3168,LTFJ_LTAI,123,123,1.0
EIN171,EGLL_EIDW,122,122,1.0
TKJ6MU,LTFJ_LTAI,122,122,1.0
LTR56F,ENZV_ENBR,121,121,1.0
WIF54Z,ENBO_ENVA,121,121,1.0
THY2437,LTAI_LTFM,120,120,1.0
TKJ4JM,LTFJ_LTAI,120,120,1.0
SAS93P,ENVA_ENBR,119,119,1.0
DHX712,OMDB_LTFM,119,119,1.0
SAS48G,ENBR_ENZV,119,119,1.0
DAH1303,LFPO_DAAG,119,119,1.0
AEZ154R,LIRF_LICJ,118,118,1.0
CSDHX,LEBL_LEIB,118,118,1.0
GRL762,EKCH_EKYT,118,118,1.0
TKJ82M,LTAI_LTFJ,117,117,1.0
TVF90RR,LFPO_DAAG,117,117,1.0
ANE8516,LEPA_LEIB,115,115,1.0
AZO9022,LTAI_LTFM,114,114,1.0
NJE614H,LEPA_LEIB,113,113,1.0
MEECOAF,LEBL_LEPA,113,113,1.0
DOVE73,EFHK_ESSA,112,112,1.0
WIF2X,ENVA_ENGM,112,112,1.0
CPV714,LIRF_LIML,111,111,1.0
WIF163,ENGM_ENBR,110,110,1.0
TJS5,EDDF_EDDM,110,110,1.0
PGT4022,LTFJ_LTAI,108,108,1.0
EIN181,EGLL_EIDW,108,108,1.0
CAT9341,EKCH_EKYT,108,108,1.0
NOR81F,ENZV_ENBR,107,107,1.0
TAY5KU,EKCH_LFPG,106,106,1.0
TKJ7UC,LTAI_LTFJ,104,104,1.0
FIN8926,EETN_EFHK,103,103,1.0
PGT1915,LCEN_LTFJ,102,102,1.0
ECC282,LGAV_LGTS,102,102,1.0
NJE108K,LEMD_LEIB,102,102,1.0
CAZ402,LEPA_LEIB,102,102,1.0
SAS1547,EKCH_EHAM,101,101,1.0
JFA84K,LEPA_LEIB,100,100,1.0
VLG3727,LEMH_LEBL,100,100,1.0
VPCIO,EFHK_EETN,99,99,1.0
CFE60M,EHAM_EGLC,99,99,1.0
AFR21CM,LFML_LFPG,97,97,1.0
N878SC,LEIB_LEPA,96,96,1.0
SAS345,ENVA_ENGM,96,96,1.0
AEE102,LGAV_LGTS,96,96,1.0
SAS49E,ENGM_ENZV,95,95,1.0
SAS4045,ENGM_ENZV,95,95,1.0
SAS4051,ENGM_ENZV,93,93,1.0
VLG3717,LEMH_LEBL,93,93,1.0
ITY8014,LIML_LIRF,92,92,1.0
SAS4047,ENGM_ENZV,91,91,1.0
PGT4013,LTAI_LTFJ,89,89,1.0
LAV8031,LIRF_LICJ,87,87,1.0
ADN75C,EDDB_EDDF,86,86,1.0
AXY660C,LEPA_LEIB,85,85,1.0
SAS4053,ENGM_ENZV,85,85,1.0
CGSPV,LGAV_LGTS,85,85,1.0
NSZ8922,ENGM_ENZV,84,84,1.0
ANE8515,LEIB_LEPA,83,83,1.0
FIN4B,EFHK_EETN,83,83,1.0
SAS4017,ENGM_ENZV,82,82,1.0
VLG2CP,LEMH_LEBL,82,82,1.0
ABP942,LGAV_LGTS,79,79,1.0
CFE96A,EHAM_EGLC,78,78,1.0
CAI084,LTAI_LTFM,76,76,1.0
MMO1160,LIRF_LICJ,76,76,1.0
PGT4017,LTAI_LTFJ,76,76,1.0
RYR5847,LIRF_LICJ,75,75,1.0
TCKMK,LTFJ_LTFE,74,74,1.0
DIGAL,LEIB_LEPA,70,70,1.0
EMO18,LEPA_LEIB,67,67,1.0
KAC674,OMDB_LTFM,66,66,1.0
TAP1938,LPPT_LPPR,64,64,1.0
NJE115C,LEPA_LEIB,54,54,1.0
DIKBO,LEPA_LEIB,52,52,1.0
WIF47L,ENVA_ENBR,51,51,1.0
PEV512,LEPA_LEIB,38,38,1.0
NJE159C,LEPA_LEIB,38,38,1.0
FHGJF,LEPA_LEIB,38,38,1.0
WIF7M,ENBR_ENZV,34,34,1.0
BCY041P,ENBR_ENZV,28,28,1.0
SAS4133,ENBR_ENZV,26,26,1.0
WIF594,ENBR_ENZV,26,26,1.0
ANE40MQ,LEPA_LEIB,19,19,1.0
IBE3239,LIRF_LEMD,1582,1718,0.9208
BAW3AM,EHAM_EGLL,1949,2172,0.8973
NOZ8ME,ENGM_ENVA,1367,1551,0.8814
VJT418,LPFR_EIDW,794,904,0.8783
GES721Y,LEMD_LEIB,327,413,0.7918
SAS4162,ENZV_ENBR,669,845,0.7917
GAC751N,EHAM_EDDF,263,334,0.7874
ULC10,LSGG_LFMN,325,420,0.7738
LNVEL,ENZV_ENBR,132,172,0.7674
VJH724,LEPA_EDDM,340,445,0.764
OAV303P,LSGG_EHAM,330,435,0.7586
ETD75F,EHAM_EGLL,7200,9600,0.75
WIF532,ENZV_ENBR,642,861,0.7456
UAE42,EGLL_OMDB,1055,1419,0.7435
SAVER50,ENZV_ENBR,203,275,0.7382
SAS9229,ENGM_EKCH,424,576,0.7361
SAS9230,EKCH_ENGM,416,582,0.7148
BNI5V,LEIB_LEPA,143,201,0.7114
GES441S,LEMD_LEBL,280,394,0.7107
SJI1,LEPA_LEBL,257,363,0.708
CFG4EM,LEPA_EDDH,527,755,0.698
WIF2E,ENBO_ENVA,1034,1484,0.6968
WIF55C,ENBO_ENVA,1043,1557,0.6699
VLG606P,LEMG_LEBL,280,420,0.6667
WIF11C,ENBO_ENVA,929,1408,0.6598
DRAGN11,ENBO_ENGM,306,466,0.6567
THY3GA,LTFM_LTAI,430,655,0.6565
JFA98Y,LSGG_EHAM,525,804,0.653
CFG2HD,LEPA_EDDK,611,937,0.6521
OOMST,EHAM_EKCH,247,390,0.6333
AFR14QL,LFPG_LIRF,1497,2365,0.633
DIRSB,LEPA_LEBL,140,222,0.6306
VLG202P,LEBL_EHAM,375,595,0.6303
QTR55J,WSSS_EGLL,1058,1687,0.6271
CFG8DM,EDDL_LEPA,253,405,0.6247
DMS711,EETN_EFHK,166,266,0.6241
CFG4DE,EDDH_LEPA,463,750,0.6173
VLG303P,EHAM_LEBL,310,503,0.6163
CFG3CE,EDDH_LEPA,537,872,0.6158
DCAWH,LEMD_EDDF,234,386,0.6062
SHT8B,EGLL_EGPH,1088,1795,0.6061
WIF1TN,ENBR_ENVA,773,1283,0.6025
TAY7CA,LIRF_LFPG,763,1274,0.5989
GES481Y,LEIB_LEMD,212,357,0.5938
DCAWP,LEMD_LEIB,259,438,0.5913
PUE221,LEMD_SKBO,613,1039,0.59
WIF5F,ENVA_ENBO,572,982,0.5825
WIF1B,ENBO_ENVA,851,1462,0.5821
TCDZM,LTFM_LTFE,229,394,0.5812
DCAWK,EDDM_EHAM,365,629,0.5803
BNO94J,ENZV_ENGM,165,287,0.5749
SAS4161,ENBR_ENZV,168,294,0.5714
SAS4159,ENVA_ENBR,230,408,0.5637
RTG5547,ENGM_ENVA,490,873,0.5613
WIF1315,ENBR_ENVA,896,1608,0.5572
PTN448K,LEIB_LEPA,113,204,0.5539
STQ444,LEMD_LEPA,267,484,0.5517
OHLCH,EETN_EFHK,350,637,0.5495
GES081F,LEMD_LEPA,243,443,0.5485
WIF1311,ENVA_ENBO,680,1249,0.5444
PHFJK,LSZH_EHAM,303,560,0.5411
KAC106,EGLL_LSGG,458,850,0.5388
DCTOM,EDDM_EDDH,293,548,0.5347
VLG707P,LEIB_LEBL,318,604,0.5265
DFC3CF,LEIB_LEPA,117,224,0.5223
RTG5548,ENBR_ENVA,239,459,0.5207
CFG1MY,EDDL_LEPA,412,796,0.5176
MABEU,EGSS_EIDW,326,634,0.5142
CFG4MF,LEPA_EDDF,363,719,0.5049
RYR80,EIDW_EGCC,205,406,0.5049
DBT511,LEIB_LEMD,198,394,0.5025
PHKEK,EHAM_EKCH,306,630,0.4857
AKK2,ENGM_ENVA,317,660,0.4803
SAS92R,ENZV_ENBR,322,693,0.4646
CFG2YX,LEPA_EDDH,417,944,0.4417
SFG55B,LEMG_LEBL,402,920,0.437
BNOG,ENZV_ENBR,571,1327,0.4303
DIEGA,EDDK_LEPA,260,667,0.3898
RTG5544,ENGM_ENVA,224,597,0.3752
VJH247,LEIB_LEPA,219,598,0.3662
GES401V,LEMG_LEBL,418,1311,0.3188
EFD4E,LEPA_EDDS,251,798,0.3145
